ts,event,entity,value
2026-10-07 18:00:01,PICK_COMPLETE,PKR-029,1
2026-10-07 18:00:07,RIDER_CHECKIN,RDR-020,1
2026-10-07 18:00:11,RIDER_CHECKIN,RDR-001,1
2026-10-07 18:00:12,PICK_COMPLETE,PKR-023,1
2026-10-07 18:00:14,PICK_COMPLETE,PKR-028,1
2026-10-07 18:00:21,PICK_COMPLETE,PKR-022,1
2026-10-07 18:00:24,PICK_COMPLETE,PKR-010,1
2026-10-07 18:00:29,PICK_COMPLETE,PKR-015,1
2026-10-07 18:00:31,PICK_COMPLETE,PKR-032,1
2026-10-07 18:00:32,PICK_COMPLETE,PKR-008,1
2026-10-07 18:00:32,PICK_COMPLETE,PKR-011,1
2026-10-07 18:00:39,PICK_COMPLETE,PKR-003,1
2026-10-07 18:00:43,PICK_COMPLETE,PKR-017,1
2026-10-07 18:00:45,PICK_COMPLETE,PKR-026,1
2026-10-07 18:00:50,PICK_COMPLETE,PKR-013,1
2026-10-07 18:00:58,PICK_COMPLETE,PKR-008,1
2026-10-07 18:00:58,PICK_COMPLETE,PKR-007,1
2026-10-07 18:00:59,PICKER_IDLE,PKR-028,1
2026-10-07 18:01:05,PICK_COMPLETE,PKR-004,1
2026-10-07 18:01:14,PICK_COMPLETE,PKR-019,1
2026-10-07 18:01:15,PICK_COMPLETE,PKR-004,1
2026-10-07 18:01:18,PICK_COMPLETE,PKR-015,1
2026-10-07 18:01:20,PICK_COMPLETE,PKR-001,1
2026-10-07 18:01:22,PICK_COMPLETE,PKR-003,1
2026-10-07 18:01:25,RIDER_CHECKIN,RDR-028,1
2026-10-07 18:01:35,PICK_COMPLETE,PKR-005,1
2026-10-07 18:01:36,PICK_COMPLETE,PKR-008,1
2026-10-07 18:01:37,RIDER_CHECKIN,RDR-019,1
2026-10-07 18:01:39,PICK_COMPLETE,PKR-009,1
2026-10-07 18:01:43,PICK_COMPLETE,PKR-016,1
2026-10-07 18:02:00,PICK_COMPLETE,PKR-017,1
2026-10-07 18:02:08,RIDER_CHECKIN,RDR-011,1
2026-10-07 18:02:10,PICK_COMPLETE,PKR-014,1
2026-10-07 18:02:16,PICK_COMPLETE,PKR-007,1
2026-10-07 18:02:22,PICK_COMPLETE,PKR-028,1
2026-10-07 18:02:27,RIDER_CHECKIN,RDR-057,1
2026-10-07 18:02:35,PICK_COMPLETE,PKR-032,1
2026-10-07 18:02:36,PICK_COMPLETE,PKR-030,1
2026-10-07 18:02:39,PICK_COMPLETE,PKR-026,1
2026-10-07 18:02:48,PICK_COMPLETE,PKR-015,1
2026-10-07 18:02:48,PICK_COMPLETE,PKR-020,1
2026-10-07 18:02:51,PICK_COMPLETE,PKR-034,1
2026-10-07 18:02:53,PICK_COMPLETE,PKR-003,1
2026-10-07 18:03:03,PICK_COMPLETE,PKR-034,1
2026-10-07 18:03:04,PICK_COMPLETE,PKR-031,1
2026-10-07 18:03:08,PICK_COMPLETE,PKR-003,1
2026-10-07 18:03:10,RIDER_CHECKIN,RDR-001,1
2026-10-07 18:03:21,PICK_COMPLETE,PKR-007,1
2026-10-07 18:03:21,PICK_COMPLETE,PKR-012,1
2026-10-07 18:03:23,PICK_COMPLETE,PKR-028,1
2026-10-07 18:03:25,PICK_COMPLETE,PKR-004,1
2026-10-07 18:03:29,PICK_COMPLETE,PKR-002,1
2026-10-07 18:03:34,RIDER_CHECKIN,RDR-053,1
2026-10-07 18:03:38,PICK_COMPLETE,PKR-002,1
2026-10-07 18:03:39,PICK_COMPLETE,PKR-031,1
2026-10-07 18:03:45,PICK_COMPLETE,PKR-025,1
2026-10-07 18:03:56,RIDER_CHECKIN,RDR-053,1
2026-10-07 18:03:57,PICK_COMPLETE,PKR-029,1
2026-10-07 18:03:58,PICK_COMPLETE,PKR-027,1
2026-10-07 18:04:01,PICK_COMPLETE,PKR-029,1
2026-10-07 18:04:13,PICK_COMPLETE,PKR-004,1
2026-10-07 18:04:26,PICK_COMPLETE,PKR-020,1
2026-10-07 18:04:27,PICK_COMPLETE,PKR-023,1
2026-10-07 18:04:34,PICK_COMPLETE,PKR-025,1
2026-10-07 18:04:36,PICK_COMPLETE,PKR-029,1
2026-10-07 18:04:39,RIDER_CHECKIN,RDR-041,1
2026-10-07 18:04:43,PICK_COMPLETE,PKR-020,1
2026-10-07 18:04:48,PICK_COMPLETE,PKR-021,1
2026-10-07 18:04:55,PICK_COMPLETE,PKR-030,1
2026-10-07 18:04:56,PICK_COMPLETE,PKR-025,1
2026-10-07 18:05:06,PICK_COMPLETE,PKR-022,1
2026-10-07 18:05:06,PICK_COMPLETE,PKR-031,1
2026-10-07 18:05:08,PICK_COMPLETE,PKR-029,1
2026-10-07 18:05:09,PICK_COMPLETE,PKR-029,1
2026-10-07 18:05:10,RIDER_CHECKIN,RDR-006,1
2026-10-07 18:05:11,PICK_COMPLETE,PKR-031,1
2026-10-07 18:05:12,PICK_COMPLETE,PKR-032,1
2026-10-07 18:05:14,PICK_COMPLETE,PKR-004,1
2026-10-07 18:05:18,PICK_COMPLETE,PKR-016,1
2026-10-07 18:05:30,PICK_COMPLETE,PKR-026,1
2026-10-07 18:05:31,PICK_COMPLETE,PKR-024,1
2026-10-07 18:05:35,PICK_COMPLETE,PKR-033,1
2026-10-07 18:05:38,PICK_COMPLETE,PKR-016,1
2026-10-07 18:05:43,PICK_COMPLETE,PKR-001,1
2026-10-07 18:05:44,RIDER_REJECT,RDR-045,1
2026-10-07 18:05:50,PICK_COMPLETE,PKR-002,1
2026-10-07 18:05:55,PICK_COMPLETE,PKR-010,1
2026-10-07 18:06:08,RIDER_REJECT,RDR-042,1
2026-10-07 18:06:09,PICK_COMPLETE,PKR-019,1
2026-10-07 18:06:13,PICK_COMPLETE,PKR-011,1
2026-10-07 18:06:17,PICK_COMPLETE,PKR-020,1
2026-10-07 18:06:22,PICK_COMPLETE,PKR-023,1
2026-10-07 18:06:23,PICK_COMPLETE,PKR-024,1
2026-10-07 18:06:27,RIDER_CHECKIN,RDR-032,1
2026-10-07 18:06:30,PICK_COMPLETE,PKR-022,1
2026-10-07 18:06:33,PICK_COMPLETE,PKR-021,1
2026-10-07 18:06:35,PICK_COMPLETE,PKR-008,1
2026-10-07 18:06:37,PICK_COMPLETE,PKR-032,1
2026-10-07 18:06:41,PICK_COMPLETE,PKR-033,1
2026-10-07 18:06:41,RIDER_CHECKIN,RDR-009,1
2026-10-07 18:06:42,PICK_COMPLETE,PKR-003,1
2026-10-07 18:06:42,PICK_COMPLETE,PKR-003,1
2026-10-07 18:06:45,PICK_COMPLETE,PKR-008,1
2026-10-07 18:06:47,RIDER_CHECKIN,RDR-046,1
2026-10-07 18:06:49,PICK_COMPLETE,PKR-007,1
2026-10-07 18:06:54,PICK_COMPLETE,PKR-027,1
2026-10-07 18:07:14,PICK_COMPLETE,PKR-004,1
2026-10-07 18:07:15,PICK_COMPLETE,PKR-010,1
2026-10-07 18:07:16,RIDER_CHECKIN,RDR-029,1
2026-10-07 18:07:17,PICK_COMPLETE,PKR-029,1
2026-10-07 18:07:22,RIDER_REJECT,RDR-033,1
2026-10-07 18:07:30,PICK_COMPLETE,PKR-007,1
2026-10-07 18:07:34,PICK_COMPLETE,PKR-025,1
2026-10-07 18:07:40,PICK_COMPLETE,PKR-026,1
2026-10-07 18:07:52,RIDER_CHECKIN,RDR-042,1
2026-10-07 18:07:52,PICK_COMPLETE,PKR-018,1
2026-10-07 18:07:54,PICK_COMPLETE,PKR-018,1
2026-10-07 18:07:57,PICK_COMPLETE,PKR-023,1
2026-10-07 18:08:00,RIDER_CHECKIN,RDR-050,1
2026-10-07 18:08:01,PICK_COMPLETE,PKR-018,1
2026-10-07 18:08:21,PICK_COMPLETE,PKR-016,1
2026-10-07 18:08:25,RIDER_CHECKIN,RDR-055,1
2026-10-07 18:08:27,PICK_COMPLETE,PKR-016,1
2026-10-07 18:08:28,PICK_COMPLETE,PKR-031,1
2026-10-07 18:08:30,PICK_COMPLETE,PKR-005,1
2026-10-07 18:08:37,PICK_COMPLETE,PKR-012,1
2026-10-07 18:08:46,PICK_COMPLETE,PKR-009,1
2026-10-07 18:08:50,PICKER_IDLE,PKR-018,1
2026-10-07 18:08:54,RIDER_REJECT,RDR-009,1
2026-10-07 18:08:55,PICK_COMPLETE,PKR-019,1
2026-10-07 18:09:05,RIDER_CHECKIN,RDR-038,1
2026-10-07 18:09:14,PICK_COMPLETE,PKR-016,1
2026-10-07 18:09:22,RIDER_CHECKIN,RDR-025,1
2026-10-07 18:09:24,PICK_COMPLETE,PKR-020,1
2026-10-07 18:09:25,PICK_COMPLETE,PKR-027,1
2026-10-07 18:09:28,PICK_COMPLETE,PKR-028,1
2026-10-07 18:09:33,PICK_COMPLETE,PKR-001,1
2026-10-07 18:09:42,RIDER_CHECKIN,RDR-026,1
2026-10-07 18:09:50,PICK_COMPLETE,PKR-033,1
2026-10-07 18:09:50,PICK_COMPLETE,PKR-026,1
2026-10-07 18:09:50,PICK_COMPLETE,PKR-015,1
2026-10-07 18:10:04,PICK_COMPLETE,PKR-002,1
2026-10-07 18:10:07,PICK_COMPLETE,PKR-027,1
2026-10-07 18:10:13,PICK_COMPLETE,PKR-010,1
2026-10-07 18:10:15,PICK_COMPLETE,PKR-003,1
2026-10-07 18:10:19,RIDER_CHECKIN,RDR-040,1
2026-10-07 18:10:20,PICK_COMPLETE,PKR-015,1
2026-10-07 18:10:21,RIDER_CHECKIN,RDR-012,1
2026-10-07 18:10:22,PICK_COMPLETE,PKR-029,1
2026-10-07 18:10:23,PICK_COMPLETE,PKR-023,1
2026-10-07 18:10:24,PICK_COMPLETE,PKR-005,1
2026-10-07 18:10:28,PICK_COMPLETE,PKR-017,1
2026-10-07 18:10:35,PICK_COMPLETE,PKR-010,1
2026-10-07 18:10:41,PICK_COMPLETE,PKR-018,1
2026-10-07 18:10:45,RIDER_CHECKIN,RDR-051,1
2026-10-07 18:10:45,PICK_COMPLETE,PKR-016,1
2026-10-07 18:10:46,PICK_COMPLETE,PKR-001,1
2026-10-07 18:10:48,PICK_COMPLETE,PKR-018,1
2026-10-07 18:10:57,PICK_COMPLETE,PKR-012,1
2026-10-07 18:11:00,RIDER_CHECKIN,RDR-003,1
2026-10-07 18:11:00,RIDER_CHECKIN,RDR-038,1
2026-10-07 18:11:06,PICKER_IDLE,PKR-012,1
2026-10-07 18:11:21,PICK_COMPLETE,PKR-024,1
2026-10-07 18:11:30,PICK_COMPLETE,PKR-018,1
2026-10-07 18:11:33,PICK_COMPLETE,PKR-007,1
2026-10-07 18:11:42,PICK_COMPLETE,PKR-031,1
2026-10-07 18:11:46,PICK_COMPLETE,PKR-025,1
2026-10-07 18:11:47,PICK_COMPLETE,PKR-010,1
2026-10-07 18:11:49,RIDER_CHECKIN,RDR-055,1
2026-10-07 18:11:52,PICK_COMPLETE,PKR-034,1
2026-10-07 18:11:53,PICK_COMPLETE,PKR-022,1
2026-10-07 18:12:18,PICK_COMPLETE,PKR-033,1
2026-10-07 18:12:20,PICK_COMPLETE,PKR-022,1
2026-10-07 18:12:21,RIDER_CHECKIN,RDR-046,1
2026-10-07 18:12:26,PICK_COMPLETE,PKR-026,1
2026-10-07 18:12:26,PICK_COMPLETE,PKR-015,1
2026-10-07 18:12:30,PICK_COMPLETE,PKR-015,1
2026-10-07 18:12:32,PICK_COMPLETE,PKR-017,1
2026-10-07 18:12:38,PICK_COMPLETE,PKR-031,1
2026-10-07 18:12:41,PICK_COMPLETE,PKR-023,1
2026-10-07 18:12:45,RIDER_CHECKIN,RDR-001,1
2026-10-07 18:12:45,PICK_COMPLETE,PKR-004,1
2026-10-07 18:12:47,PICK_COMPLETE,PKR-013,1
2026-10-07 18:12:54,RIDER_REJECT,RDR-056,1
2026-10-07 18:13:04,PICK_COMPLETE,PKR-012,1
2026-10-07 18:13:06,PICK_COMPLETE,PKR-025,1
2026-10-07 18:13:14,PICK_COMPLETE,PKR-008,1
2026-10-07 18:13:14,PICK_COMPLETE,PKR-032,1
2026-10-07 18:13:15,PICK_COMPLETE,PKR-029,1
2026-10-07 18:13:16,PICK_COMPLETE,PKR-009,1
2026-10-07 18:13:18,PICK_COMPLETE,PKR-032,1
2026-10-07 18:13:23,PICK_COMPLETE,PKR-007,1
2026-10-07 18:13:25,RIDER_CHECKIN,RDR-015,1
2026-10-07 18:13:28,PICK_COMPLETE,PKR-031,1
2026-10-07 18:13:32,PICK_COMPLETE,PKR-026,1
2026-10-07 18:13:33,PICK_COMPLETE,PKR-020,1
2026-10-07 18:13:35,PICK_COMPLETE,PKR-009,1
2026-10-07 18:13:40,RIDER_CHECKIN,RDR-026,1
2026-10-07 18:13:49,RIDER_CHECKIN,RDR-013,1
2026-10-07 18:14:09,PICK_COMPLETE,PKR-015,1
2026-10-07 18:14:15,RIDER_CHECKIN,RDR-026,1
2026-10-07 18:14:15,PICK_COMPLETE,PKR-023,1
2026-10-07 18:14:26,PICK_COMPLETE,PKR-013,1
2026-10-07 18:14:26,PICK_COMPLETE,PKR-014,1
2026-10-07 18:14:27,PICK_COMPLETE,PKR-029,1
2026-10-07 18:14:28,PICK_COMPLETE,PKR-031,1
2026-10-07 18:14:28,RIDER_CHECKIN,RDR-035,1
2026-10-07 18:14:29,PICK_COMPLETE,PKR-022,1
2026-10-07 18:14:39,PICK_COMPLETE,PKR-003,1
2026-10-07 18:14:43,PICK_COMPLETE,PKR-028,1
2026-10-07 18:14:43,PICK_COMPLETE,PKR-011,1
2026-10-07 18:14:43,PICK_COMPLETE,PKR-033,1
2026-10-07 18:14:44,PICK_COMPLETE,PKR-011,1
2026-10-07 18:14:52,RIDER_CHECKIN,RDR-019,1
2026-10-07 18:14:52,RIDER_REJECT,RDR-049,1
2026-10-07 18:14:55,PICK_COMPLETE,PKR-030,1
2026-10-07 18:14:57,PICK_COMPLETE,PKR-024,1
2026-10-07 18:15:01,PICK_COMPLETE,PKR-025,1
2026-10-07 18:15:06,PICK_COMPLETE,PKR-010,1
2026-10-07 18:15:17,PICK_COMPLETE,PKR-005,1
2026-10-07 18:15:25,PICK_COMPLETE,PKR-003,1
2026-10-07 18:15:27,PICK_COMPLETE,PKR-005,1
2026-10-07 18:15:33,RIDER_CHECKIN,RDR-030,1
2026-10-07 18:15:36,PICK_COMPLETE,PKR-002,1
2026-10-07 18:15:39,PICK_COMPLETE,PKR-031,1
2026-10-07 18:15:46,PICK_COMPLETE,PKR-033,1
2026-10-07 18:15:51,PICK_COMPLETE,PKR-021,1
2026-10-07 18:15:52,PICK_COMPLETE,PKR-006,1
2026-10-07 18:15:53,PICK_COMPLETE,PKR-026,1
2026-10-07 18:15:54,PICK_COMPLETE,PKR-024,1
2026-10-07 18:16:07,PICK_COMPLETE,PKR-026,1
2026-10-07 18:16:09,PICK_COMPLETE,PKR-022,1
2026-10-07 18:16:15,PICK_COMPLETE,PKR-022,1
2026-10-07 18:16:24,PICK_COMPLETE,PKR-005,1
2026-10-07 18:16:26,RIDER_CHECKIN,RDR-048,1
2026-10-07 18:16:29,PICK_COMPLETE,PKR-009,1
2026-10-07 18:16:42,PICK_COMPLETE,PKR-026,1
2026-10-07 18:16:43,RIDER_CHECKIN,RDR-029,1
2026-10-07 18:16:43,PICK_COMPLETE,PKR-004,1
2026-10-07 18:16:45,PICK_COMPLETE,PKR-025,1
2026-10-07 18:16:46,PICK_COMPLETE,PKR-031,1
2026-10-07 18:16:48,PICK_COMPLETE,PKR-027,1
2026-10-07 18:16:58,RIDER_CHECKIN,RDR-002,1
2026-10-07 18:16:59,PICK_COMPLETE,PKR-024,1
2026-10-07 18:17:02,PICK_COMPLETE,PKR-016,1
2026-10-07 18:17:04,PICK_COMPLETE,PKR-015,1
2026-10-07 18:17:05,PICK_COMPLETE,PKR-003,1
2026-10-07 18:17:08,PICK_COMPLETE,PKR-012,1
2026-10-07 18:17:23,PICK_COMPLETE,PKR-025,1
2026-10-07 18:17:25,RIDER_CHECKIN,RDR-025,1
2026-10-07 18:17:28,PICK_COMPLETE,PKR-015,1
2026-10-07 18:17:36,RIDER_CHECKIN,RDR-036,1
2026-10-07 18:17:43,RIDER_CHECKIN,RDR-031,1
2026-10-07 18:17:51,RIDER_REJECT,RDR-051,1
2026-10-07 18:17:55,PICK_COMPLETE,PKR-025,1
2026-10-07 18:17:59,PICK_COMPLETE,PKR-030,1
2026-10-07 18:18:03,PICK_COMPLETE,PKR-025,1
2026-10-07 18:18:08,PICK_COMPLETE,PKR-010,1
2026-10-07 18:18:13,PICK_COMPLETE,PKR-006,1
2026-10-07 18:18:14,PICK_COMPLETE,PKR-024,1
2026-10-07 18:18:16,PICK_COMPLETE,PKR-013,1
2026-10-07 18:18:25,PICK_COMPLETE,PKR-030,1
2026-10-07 18:18:33,PICK_COMPLETE,PKR-009,1
2026-10-07 18:18:34,RIDER_CHECKIN,RDR-021,1
2026-10-07 18:18:36,PICK_COMPLETE,PKR-023,1
2026-10-07 18:18:36,PICK_COMPLETE,PKR-016,1
2026-10-07 18:18:41,PICK_COMPLETE,PKR-005,1
2026-10-07 18:18:47,PICK_COMPLETE,PKR-019,1
2026-10-07 18:18:58,PICK_COMPLETE,PKR-024,1
2026-10-07 18:19:10,PICK_COMPLETE,PKR-014,1
2026-10-07 18:19:11,RIDER_CHECKIN,RDR-059,1
2026-10-07 18:19:11,RIDER_REJECT,RDR-001,1
2026-10-07 18:19:15,PICK_COMPLETE,PKR-029,1
2026-10-07 18:19:33,PICK_COMPLETE,PKR-032,1
2026-10-07 18:19:35,PICK_COMPLETE,PKR-031,1
2026-10-07 18:19:40,PICK_COMPLETE,PKR-013,1
2026-10-07 18:19:41,PICK_COMPLETE,PKR-023,1
2026-10-07 18:19:42,PICK_COMPLETE,PKR-001,1
2026-10-07 18:19:43,PICK_COMPLETE,PKR-005,1
2026-10-07 18:19:45,PICK_COMPLETE,PKR-005,1
2026-10-07 18:19:51,PICK_COMPLETE,PKR-028,1
2026-10-07 18:19:52,PICK_COMPLETE,PKR-013,1
2026-10-07 18:19:54,PICK_COMPLETE,PKR-011,1
2026-10-07 18:19:56,RIDER_CHECKIN,RDR-046,1
2026-10-07 18:20:07,PICK_COMPLETE,PKR-001,1
2026-10-07 18:20:11,PICK_COMPLETE,PKR-032,1
2026-10-07 18:20:14,PICK_COMPLETE,PKR-011,1
2026-10-07 18:20:25,PICK_COMPLETE,PKR-002,1
2026-10-07 18:20:27,PICK_COMPLETE,PKR-007,1
2026-10-07 18:20:34,RIDER_CHECKIN,RDR-054,1
2026-10-07 18:20:38,PICK_COMPLETE,PKR-029,1
2026-10-07 18:20:43,PICK_COMPLETE,PKR-005,1
2026-10-07 18:20:43,RIDER_CHECKIN,RDR-050,1
2026-10-07 18:20:44,PICK_COMPLETE,PKR-025,1
2026-10-07 18:20:45,PICK_COMPLETE,PKR-012,1
2026-10-07 18:20:53,PICK_COMPLETE,PKR-007,1
2026-10-07 18:20:54,PICK_COMPLETE,PKR-002,1
2026-10-07 18:20:57,RIDER_CHECKIN,RDR-018,1
2026-10-07 18:20:59,PICK_COMPLETE,PKR-012,1
2026-10-07 18:21:07,PICK_COMPLETE,PKR-020,1
2026-10-07 18:21:09,PICKER_IDLE,PKR-030,1
2026-10-07 18:21:17,PICK_COMPLETE,PKR-017,1
2026-10-07 18:21:24,PICK_COMPLETE,PKR-013,1
2026-10-07 18:21:27,RIDER_CHECKIN,RDR-054,1
2026-10-07 18:21:28,RIDER_CHECKIN,RDR-011,1
2026-10-07 18:21:38,PICK_COMPLETE,PKR-032,1
2026-10-07 18:21:39,PICK_COMPLETE,PKR-011,1
2026-10-07 18:21:44,PICK_COMPLETE,PKR-029,1
2026-10-07 18:21:49,PICK_COMPLETE,PKR-006,1
2026-10-07 18:21:54,RIDER_CHECKIN,RDR-025,1
2026-10-07 18:21:59,PICK_COMPLETE,PKR-023,1
2026-10-07 18:22:00,PICK_COMPLETE,PKR-013,1
2026-10-07 18:22:01,PICK_COMPLETE,PKR-008,1
2026-10-07 18:22:03,PICK_COMPLETE,PKR-011,1
2026-10-07 18:22:08,PICKER_IDLE,PKR-008,1
2026-10-07 18:22:09,PICK_COMPLETE,PKR-010,1
2026-10-07 18:22:12,PICK_COMPLETE,PKR-028,1
2026-10-07 18:22:24,RIDER_CHECKIN,RDR-005,1
2026-10-07 18:22:25,PICK_COMPLETE,PKR-034,1
2026-10-07 18:22:26,PICK_COMPLETE,PKR-014,1
2026-10-07 18:22:30,PICK_COMPLETE,PKR-017,1
2026-10-07 18:22:31,PICK_COMPLETE,PKR-017,1
2026-10-07 18:22:37,PICK_COMPLETE,PKR-015,1
2026-10-07 18:22:45,PICK_COMPLETE,PKR-006,1
2026-10-07 18:22:48,PICK_COMPLETE,PKR-005,1
2026-10-07 18:22:50,PICK_COMPLETE,PKR-021,1
2026-10-07 18:22:52,RIDER_CHECKIN,RDR-010,1
2026-10-07 18:23:01,PICK_COMPLETE,PKR-033,1
2026-10-07 18:23:05,PICK_COMPLETE,PKR-010,1
2026-10-07 18:23:11,PICK_COMPLETE,PKR-004,1
2026-10-07 18:23:21,PICK_COMPLETE,PKR-019,1
2026-10-07 18:23:28,PICK_COMPLETE,PKR-023,1
2026-10-07 18:23:29,PICK_COMPLETE,PKR-012,1
2026-10-07 18:23:29,RIDER_REJECT,RDR-044,1
2026-10-07 18:23:34,PICK_COMPLETE,PKR-012,1
2026-10-07 18:23:45,PICK_COMPLETE,PKR-025,1
2026-10-07 18:23:46,RIDER_CHECKIN,RDR-047,1
2026-10-07 18:23:49,PICK_COMPLETE,PKR-007,1
2026-10-07 18:23:51,PICK_COMPLETE,PKR-002,1
2026-10-07 18:23:55,PICK_COMPLETE,PKR-023,1
2026-10-07 18:24:01,PICK_COMPLETE,PKR-022,1
2026-10-07 18:24:02,PICK_COMPLETE,PKR-014,1
2026-10-07 18:24:05,PICK_COMPLETE,PKR-026,1
2026-10-07 18:24:08,PICK_COMPLETE,PKR-026,1
2026-10-07 18:24:12,PICK_COMPLETE,PKR-005,1
2026-10-07 18:24:17,RIDER_CHECKIN,RDR-059,1
2026-10-07 18:24:17,PICK_COMPLETE,PKR-005,1
2026-10-07 18:24:20,PICK_COMPLETE,PKR-022,1
2026-10-07 18:24:24,PICK_COMPLETE,PKR-020,1
2026-10-07 18:24:24,PICK_COMPLETE,PKR-006,1
2026-10-07 18:24:25,PICK_COMPLETE,PKR-010,1
2026-10-07 18:24:31,PICK_COMPLETE,PKR-028,1
2026-10-07 18:24:41,PICK_COMPLETE,PKR-003,1
2026-10-07 18:24:52,PICK_COMPLETE,PKR-028,1
2026-10-07 18:24:52,PICK_COMPLETE,PKR-022,1
2026-10-07 18:24:58,PICK_COMPLETE,PKR-010,1
2026-10-07 18:25:02,PICK_COMPLETE,PKR-009,1
2026-10-07 18:25:03,PICK_COMPLETE,PKR-016,1
2026-10-07 18:25:04,PICK_COMPLETE,PKR-010,1
2026-10-07 18:25:06,RIDER_CHECKIN,RDR-037,1
2026-10-07 18:25:12,RIDER_CHECKIN,RDR-027,1
2026-10-07 18:25:21,PICK_COMPLETE,PKR-012,1
2026-10-07 18:25:23,PICK_COMPLETE,PKR-026,1
2026-10-07 18:25:26,RIDER_CHECKIN,RDR-033,1
2026-10-07 18:25:26,PICK_COMPLETE,PKR-005,1
2026-10-07 18:25:36,RIDER_REJECT,RDR-012,1
2026-10-07 18:25:39,PICK_COMPLETE,PKR-025,1
2026-10-07 18:25:45,PICK_COMPLETE,PKR-009,1
2026-10-07 18:25:46,PICK_COMPLETE,PKR-012,1
2026-10-07 18:25:49,PICK_COMPLETE,PKR-016,1
2026-10-07 18:25:49,PICK_COMPLETE,PKR-033,1
2026-10-07 18:25:50,PICK_COMPLETE,PKR-011,1
2026-10-07 18:25:55,PICK_COMPLETE,PKR-017,1
2026-10-07 18:25:59,PICK_COMPLETE,PKR-016,1
2026-10-07 18:26:00,RIDER_REJECT,RDR-005,1
2026-10-07 18:26:01,PICK_COMPLETE,PKR-027,1
2026-10-07 18:26:03,PICK_COMPLETE,PKR-008,1
2026-10-07 18:26:07,PICK_COMPLETE,PKR-014,1
2026-10-07 18:26:10,PICK_COMPLETE,PKR-012,1
2026-10-07 18:26:17,PICK_COMPLETE,PKR-008,1
2026-10-07 18:26:21,PICK_COMPLETE,PKR-002,1
2026-10-07 18:26:32,PICK_COMPLETE,PKR-003,1
2026-10-07 18:26:33,PICK_COMPLETE,PKR-009,1
2026-10-07 18:26:36,RIDER_CHECKIN,RDR-024,1
2026-10-07 18:26:39,PICK_COMPLETE,PKR-030,1
2026-10-07 18:26:43,RIDER_CHECKIN,RDR-024,1
2026-10-07 18:26:46,PICK_COMPLETE,PKR-026,1
2026-10-07 18:26:47,PICK_COMPLETE,PKR-004,1
2026-10-07 18:26:48,PICK_COMPLETE,PKR-028,1
2026-10-07 18:27:01,PICK_COMPLETE,PKR-008,1
2026-10-07 18:27:03,PICK_COMPLETE,PKR-026,1
2026-10-07 18:27:05,RIDER_CHECKIN,RDR-001,1
2026-10-07 18:27:07,PICK_COMPLETE,PKR-002,1
2026-10-07 18:27:08,PICK_COMPLETE,PKR-030,1
2026-10-07 18:27:09,PICK_COMPLETE,PKR-030,1
2026-10-07 18:27:09,PICK_COMPLETE,PKR-008,1
2026-10-07 18:27:19,PICK_COMPLETE,PKR-001,1
2026-10-07 18:27:34,PICK_COMPLETE,PKR-030,1
2026-10-07 18:27:34,RIDER_CHECKIN,RDR-033,1
2026-10-07 18:27:40,PICK_COMPLETE,PKR-029,1
2026-10-07 18:27:42,PICK_COMPLETE,PKR-027,1
2026-10-07 18:27:50,PICK_COMPLETE,PKR-018,1
2026-10-07 18:27:50,PICK_COMPLETE,PKR-025,1
2026-10-07 18:27:55,RIDER_CHECKIN,RDR-056,1
2026-10-07 18:28:06,RIDER_CHECKIN,RDR-044,1
2026-10-07 18:28:06,PICK_COMPLETE,PKR-008,1
2026-10-07 18:28:08,PICK_COMPLETE,PKR-015,1
2026-10-07 18:28:11,RIDER_CHECKIN,RDR-049,1
2026-10-07 18:28:13,PICK_COMPLETE,PKR-018,1
2026-10-07 18:28:15,PICK_COMPLETE,PKR-013,1
2026-10-07 18:28:24,PICK_COMPLETE,PKR-033,1
2026-10-07 18:28:31,PICK_COMPLETE,PKR-015,1
2026-10-07 18:28:39,PICK_COMPLETE,PKR-005,1
2026-10-07 18:28:49,PICK_COMPLETE,PKR-013,1
2026-10-07 18:28:50,PICK_COMPLETE,PKR-018,1
2026-10-07 18:28:52,PICK_COMPLETE,PKR-019,1
2026-10-07 18:29:00,PICK_COMPLETE,PKR-005,1
2026-10-07 18:29:01,PICK_COMPLETE,PKR-034,1
2026-10-07 18:29:03,PICK_COMPLETE,PKR-022,1
2026-10-07 18:29:08,RIDER_CHECKIN,RDR-043,1
2026-10-07 18:29:09,PICK_COMPLETE,PKR-006,1
2026-10-07 18:29:11,PICK_COMPLETE,PKR-034,1
2026-10-07 18:29:13,PICK_COMPLETE,PKR-015,1
2026-10-07 18:29:17,PICK_COMPLETE,PKR-011,1
2026-10-07 18:29:17,PICK_COMPLETE,PKR-023,1
2026-10-07 18:29:18,PICK_COMPLETE,PKR-034,1
2026-10-07 18:29:21,PICK_COMPLETE,PKR-033,1
2026-10-07 18:29:31,PICKER_IDLE,PKR-006,1
2026-10-07 18:29:34,RIDER_CHECKIN,RDR-003,1
2026-10-07 18:29:40,PICK_COMPLETE,PKR-007,1
2026-10-07 18:29:42,PICK_COMPLETE,PKR-002,1
2026-10-07 18:29:45,PICK_COMPLETE,PKR-031,1
2026-10-07 18:29:49,PICK_COMPLETE,PKR-014,1
2026-10-07 18:29:50,RIDER_CHECKIN,RDR-026,1
2026-10-07 18:29:53,PICK_COMPLETE,PKR-015,1
2026-10-07 18:30:07,RIDER_CHECKIN,RDR-039,1
2026-10-07 18:30:08,PICK_COMPLETE,PKR-009,1
2026-10-07 18:30:09,PICK_COMPLETE,PKR-011,1
2026-10-07 18:30:14,PICK_COMPLETE,PKR-002,1
2026-10-07 18:30:15,PICK_COMPLETE,PKR-002,1
2026-10-07 18:30:19,PICK_COMPLETE,PKR-003,1
2026-10-07 18:30:22,RIDER_CHECKIN,RDR-026,1
2026-10-07 18:30:27,PICK_COMPLETE,PKR-018,1
2026-10-07 18:30:30,PICK_COMPLETE,PKR-007,1
2026-10-07 18:30:33,PICK_COMPLETE,PKR-013,1
2026-10-07 18:30:38,PICK_COMPLETE,PKR-003,1
2026-10-07 18:30:42,RIDER_CHECKIN,RDR-010,1
2026-10-07 18:30:43,PICK_COMPLETE,PKR-005,1
2026-10-07 18:31:11,PICK_COMPLETE,PKR-025,1
2026-10-07 18:31:12,PICK_COMPLETE,PKR-024,1
2026-10-07 18:31:19,PICK_COMPLETE,PKR-024,1
2026-10-07 18:31:23,PICK_COMPLETE,PKR-024,1
2026-10-07 18:31:24,PICK_COMPLETE,PKR-008,1
2026-10-07 18:31:29,PICK_COMPLETE,PKR-001,1
2026-10-07 18:31:30,RIDER_CHECKIN,RDR-005,1
2026-10-07 18:31:30,PICK_COMPLETE,PKR-005,1
2026-10-07 18:31:31,PICK_COMPLETE,PKR-019,1
2026-10-07 18:31:35,PICK_COMPLETE,PKR-013,1
2026-10-07 18:31:39,PICK_COMPLETE,PKR-016,1
2026-10-07 18:31:43,PICK_COMPLETE,PKR-004,1
2026-10-07 18:31:51,PICK_COMPLETE,PKR-024,1
2026-10-07 18:31:52,PICK_COMPLETE,PKR-020,1
2026-10-07 18:31:59,RIDER_CHECKIN,RDR-031,1
2026-10-07 18:32:04,PICK_COMPLETE,PKR-005,1
2026-10-07 18:32:06,PICK_COMPLETE,PKR-034,1
2026-10-07 18:32:07,PICK_COMPLETE,PKR-025,1
2026-10-07 18:32:09,PICK_COMPLETE,PKR-028,1
2026-10-07 18:32:10,PICK_COMPLETE,PKR-027,1
2026-10-07 18:32:12,RIDER_CHECKIN,RDR-015,1
2026-10-07 18:32:13,PICK_COMPLETE,PKR-027,1
2026-10-07 18:32:17,PICK_COMPLETE,PKR-001,1
2026-10-07 18:32:19,PICK_COMPLETE,PKR-019,1
2026-10-07 18:32:24,PICK_COMPLETE,PKR-004,1
2026-10-07 18:32:24,PICK_COMPLETE,PKR-025,1
2026-10-07 18:32:28,PICK_COMPLETE,PKR-034,1
2026-10-07 18:32:33,PICK_COMPLETE,PKR-009,1
2026-10-07 18:32:39,RIDER_CHECKIN,RDR-025,1
2026-10-07 18:32:42,PICK_COMPLETE,PKR-023,1
2026-10-07 18:32:45,PICK_COMPLETE,PKR-027,1
2026-10-07 18:33:00,PICK_COMPLETE,PKR-024,1
2026-10-07 18:33:00,PICK_COMPLETE,PKR-031,1
2026-10-07 18:33:01,RIDER_CHECKIN,RDR-016,1
2026-10-07 18:33:06,PICK_COMPLETE,PKR-023,1
2026-10-07 18:33:10,PICKER_IDLE,PKR-032,1
2026-10-07 18:33:12,PICK_COMPLETE,PKR-018,1
2026-10-07 18:33:13,PICK_COMPLETE,PKR-027,1
2026-10-07 18:33:18,PICK_COMPLETE,PKR-030,1
2026-10-07 18:33:28,PICK_COMPLETE,PKR-027,1
2026-10-07 18:33:29,RIDER_CHECKIN,RDR-011,1
2026-10-07 18:33:31,PICK_COMPLETE,PKR-028,1
2026-10-07 18:33:32,PICK_COMPLETE,PKR-007,1
2026-10-07 18:33:32,PICK_COMPLETE,PKR-013,1
2026-10-07 18:33:40,PICK_COMPLETE,PKR-011,1
2026-10-07 18:33:49,PICK_COMPLETE,PKR-028,1
2026-10-07 18:33:53,PICK_COMPLETE,PKR-020,1
2026-10-07 18:33:54,PICK_COMPLETE,PKR-011,1
2026-10-07 18:34:04,PICK_COMPLETE,PKR-028,1
2026-10-07 18:34:09,PICK_COMPLETE,PKR-027,1
2026-10-07 18:34:11,PICK_COMPLETE,PKR-025,1
2026-10-07 18:34:11,PICK_COMPLETE,PKR-019,1
2026-10-07 18:34:15,PICK_COMPLETE,PKR-015,1
2026-10-07 18:34:15,PICK_COMPLETE,PKR-012,1
2026-10-07 18:34:24,RIDER_CHECKIN,RDR-005,1
2026-10-07 18:34:31,PICK_COMPLETE,PKR-018,1
2026-10-07 18:34:34,PICK_COMPLETE,PKR-016,1
2026-10-07 18:34:35,PICK_COMPLETE,PKR-019,1
2026-10-07 18:34:36,PICK_COMPLETE,PKR-015,1
2026-10-07 18:34:51,RIDER_CHECKIN,RDR-004,1
2026-10-07 18:34:53,PICK_COMPLETE,PKR-005,1
2026-10-07 18:34:57,PICK_COMPLETE,PKR-027,1
2026-10-07 18:34:58,PICK_COMPLETE,PKR-026,1
2026-10-07 18:35:03,PICK_COMPLETE,PKR-021,1
2026-10-07 18:35:04,PICK_COMPLETE,PKR-030,1
2026-10-07 18:35:09,PICK_COMPLETE,PKR-017,1
2026-10-07 18:35:16,RIDER_CHECKIN,RDR-045,1
2026-10-07 18:35:22,PICK_COMPLETE,PKR-016,1
2026-10-07 18:35:24,PICK_COMPLETE,PKR-017,1
2026-10-07 18:35:28,PICK_COMPLETE,PKR-019,1
2026-10-07 18:35:29,PICK_COMPLETE,PKR-023,1
2026-10-07 18:35:36,PICK_COMPLETE,PKR-025,1
2026-10-07 18:35:46,PICK_COMPLETE,PKR-001,1
2026-10-07 18:35:57,RIDER_CHECKIN,RDR-007,1
2026-10-07 18:35:59,PICK_COMPLETE,PKR-031,1
2026-10-07 18:36:03,PICK_COMPLETE,PKR-024,1
2026-10-07 18:36:07,PICK_COMPLETE,PKR-008,1
2026-10-07 18:36:10,PICK_COMPLETE,PKR-006,1
2026-10-07 18:36:11,RIDER_CHECKIN,RDR-038,1
2026-10-07 18:36:22,PICK_COMPLETE,PKR-013,1
2026-10-07 18:36:23,RIDER_CHECKIN,RDR-053,1
2026-10-07 18:36:31,RIDER_CHECKIN,RDR-048,1
2026-10-07 18:36:40,PICK_COMPLETE,PKR-001,1
2026-10-07 18:36:46,PICK_COMPLETE,PKR-010,1
2026-10-07 18:36:48,PICK_COMPLETE,PKR-018,1
2026-10-07 18:36:51,PICK_COMPLETE,PKR-013,1
2026-10-07 18:36:55,PICK_COMPLETE,PKR-004,1
2026-10-07 18:36:55,PICK_COMPLETE,PKR-008,1
2026-10-07 18:36:56,PICK_COMPLETE,PKR-004,1
2026-10-07 18:36:58,PICK_COMPLETE,PKR-012,1
2026-10-07 18:37:17,PICK_COMPLETE,PKR-016,1
2026-10-07 18:37:17,PICK_COMPLETE,PKR-004,1
2026-10-07 18:37:24,PICK_COMPLETE,PKR-008,1
2026-10-07 18:37:31,PICK_COMPLETE,PKR-028,1
2026-10-07 18:37:32,RIDER_REJECT,RDR-018,1
2026-10-07 18:37:33,PICK_COMPLETE,PKR-030,1
2026-10-07 18:37:35,PICK_COMPLETE,PKR-017,1
2026-10-07 18:37:44,RIDER_CHECKIN,RDR-005,1
2026-10-07 18:37:44,PICK_COMPLETE,PKR-014,1
2026-10-07 18:37:45,PICK_COMPLETE,PKR-025,1
2026-10-07 18:37:58,PICK_COMPLETE,PKR-025,1
2026-10-07 18:38:03,PICK_COMPLETE,PKR-014,1
2026-10-07 18:38:04,RIDER_CHECKIN,RDR-033,1
2026-10-07 18:38:12,PICKER_IDLE,PKR-028,1
2026-10-07 18:38:17,PICK_COMPLETE,PKR-006,1
2026-10-07 18:38:19,PICK_COMPLETE,PKR-032,1
2026-10-07 18:38:26,PICK_COMPLETE,PKR-016,1
2026-10-07 18:38:29,PICK_COMPLETE,PKR-017,1
2026-10-07 18:38:38,RIDER_CHECKIN,RDR-024,1
2026-10-07 18:38:42,RIDER_CHECKIN,RDR-005,1
2026-10-07 18:38:45,PICK_COMPLETE,PKR-003,1
2026-10-07 18:38:46,PICK_COMPLETE,PKR-015,1
2026-10-07 18:38:51,PICK_COMPLETE,PKR-030,1
2026-10-07 18:38:56,PICK_COMPLETE,PKR-017,1
2026-10-07 18:39:00,PICK_COMPLETE,PKR-031,1
2026-10-07 18:39:14,PICK_COMPLETE,PKR-012,1
2026-10-07 18:39:15,PICK_COMPLETE,PKR-010,1
2026-10-07 18:39:24,PICK_COMPLETE,PKR-001,1
2026-10-07 18:39:28,PICK_COMPLETE,PKR-015,1
2026-10-07 18:39:31,PICKER_IDLE,PKR-023,1
2026-10-07 18:39:31,PICK_COMPLETE,PKR-012,1
2026-10-07 18:39:33,RIDER_CHECKIN,RDR-006,1
2026-10-07 18:39:42,PICK_COMPLETE,PKR-005,1
2026-10-07 18:39:45,PICK_COMPLETE,PKR-015,1
2026-10-07 18:39:46,PICK_COMPLETE,PKR-009,1
2026-10-07 18:39:49,PICK_COMPLETE,PKR-016,1
2026-10-07 18:39:54,PICK_COMPLETE,PKR-028,1
2026-10-07 18:39:59,PICK_COMPLETE,PKR-021,1
2026-10-07 18:40:01,PICK_COMPLETE,PKR-014,1
2026-10-07 18:40:11,PICK_COMPLETE,PKR-026,1
2026-10-07 18:40:12,PICK_COMPLETE,PKR-014,1
2026-10-07 18:40:14,PICK_COMPLETE,PKR-027,1
2026-10-07 18:40:18,PICK_COMPLETE,PKR-021,1
2026-10-07 18:40:25,PICK_COMPLETE,PKR-006,1
2026-10-07 18:40:26,PICK_COMPLETE,PKR-009,1
2026-10-07 18:40:31,PICK_COMPLETE,PKR-005,1
2026-10-07 18:40:36,PICK_COMPLETE,PKR-032,1
2026-10-07 18:40:41,PICK_COMPLETE,PKR-031,1
2026-10-07 18:40:41,PICK_COMPLETE,PKR-008,1
2026-10-07 18:40:41,PICK_COMPLETE,PKR-026,1
2026-10-07 18:40:42,RIDER_CHECKIN,RDR-015,1
2026-10-07 18:40:46,PICK_COMPLETE,PKR-033,1
2026-10-07 18:40:52,RIDER_CHECKIN,RDR-050,1
2026-10-07 18:41:06,PICK_COMPLETE,PKR-034,1
2026-10-07 18:41:19,RIDER_REJECT,RDR-047,1
2026-10-07 18:41:20,PICK_COMPLETE,PKR-033,1
2026-10-07 18:41:24,PICK_COMPLETE,PKR-022,1
2026-10-07 18:41:29,RIDER_CHECKIN,RDR-045,1
2026-10-07 18:41:36,PICK_COMPLETE,PKR-003,1
2026-10-07 18:41:37,PICK_COMPLETE,PKR-030,1
2026-10-07 18:41:49,PICK_COMPLETE,PKR-033,1
2026-10-07 18:41:49,PICK_COMPLETE,PKR-028,1
2026-10-07 18:41:58,PICK_COMPLETE,PKR-033,1
2026-10-07 18:41:59,PICK_COMPLETE,PKR-026,1
2026-10-07 18:41:59,PICK_COMPLETE,PKR-016,1
2026-10-07 18:41:59,RIDER_CHECKIN,RDR-010,1
2026-10-07 18:42:04,PICK_COMPLETE,PKR-033,1
2026-10-07 18:42:06,PICK_COMPLETE,PKR-022,1
2026-10-07 18:42:15,PICK_COMPLETE,PKR-027,1
2026-10-07 18:42:21,RIDER_CHECKIN,RDR-031,1
2026-10-07 18:42:22,PICK_COMPLETE,PKR-024,1
2026-10-07 18:42:25,RIDER_CHECKIN,RDR-051,1
2026-10-07 18:42:29,PICK_COMPLETE,PKR-010,1
2026-10-07 18:42:29,PICK_COMPLETE,PKR-015,1
2026-10-07 18:42:30,PICK_COMPLETE,PKR-004,1
2026-10-07 18:42:30,PICK_COMPLETE,PKR-006,1
2026-10-07 18:42:39,PICK_COMPLETE,PKR-027,1
2026-10-07 18:42:40,PICK_COMPLETE,PKR-022,1
2026-10-07 18:42:48,PICK_COMPLETE,PKR-011,1
2026-10-07 18:42:50,PICK_COMPLETE,PKR-019,1
2026-10-07 18:42:51,PICK_COMPLETE,PKR-033,1
2026-10-07 18:42:56,PICK_COMPLETE,PKR-026,1
2026-10-07 18:42:58,RIDER_CHECKIN,RDR-023,1
2026-10-07 18:42:58,PICK_COMPLETE,PKR-017,1
2026-10-07 18:43:02,PICK_COMPLETE,PKR-019,1
2026-10-07 18:43:02,PICK_COMPLETE,PKR-019,1
2026-10-07 18:43:09,RIDER_CHECKIN,RDR-025,1
2026-10-07 18:43:14,PICK_COMPLETE,PKR-006,1
2026-10-07 18:43:26,PICKER_IDLE,PKR-027,1
2026-10-07 18:43:29,PICK_COMPLETE,PKR-014,1
2026-10-07 18:43:32,PICK_COMPLETE,PKR-006,1
2026-10-07 18:43:42,PICK_COMPLETE,PKR-017,1
2026-10-07 18:43:47,PICK_COMPLETE,PKR-004,1
2026-10-07 18:43:52,PICK_COMPLETE,PKR-002,1
2026-10-07 18:43:58,PICK_COMPLETE,PKR-018,1
2026-10-07 18:44:02,PICK_COMPLETE,PKR-017,1
2026-10-07 18:44:02,PICK_COMPLETE,PKR-001,1
2026-10-07 18:44:02,PICK_COMPLETE,PKR-016,1
2026-10-07 18:44:16,PICK_COMPLETE,PKR-028,1
2026-10-07 18:44:26,RIDER_CHECKIN,RDR-005,1
2026-10-07 18:44:28,PICK_COMPLETE,PKR-004,1
2026-10-07 18:44:32,PICK_COMPLETE,PKR-023,1
2026-10-07 18:44:37,PICK_COMPLETE,PKR-012,1
2026-10-07 18:44:38,PICK_COMPLETE,PKR-028,1
2026-10-07 18:44:56,PICK_COMPLETE,PKR-005,1
2026-10-07 18:44:57,PICK_COMPLETE,PKR-014,1
2026-10-07 18:44:59,PICK_COMPLETE,PKR-009,1
2026-10-07 18:45:02,PICK_COMPLETE,PKR-026,1
2026-10-07 18:45:09,RIDER_REJECT,RDR-037,1
2026-10-07 18:45:19,PICK_COMPLETE,PKR-026,1
2026-10-07 18:45:21,PICK_COMPLETE,PKR-018,1
2026-10-07 18:45:23,PICK_COMPLETE,PKR-015,1
2026-10-07 18:45:25,PICK_COMPLETE,PKR-005,1
2026-10-07 18:45:29,RIDER_CHECKIN,RDR-056,1
2026-10-07 18:45:29,PICK_COMPLETE,PKR-031,1
2026-10-07 18:45:32,PICK_COMPLETE,PKR-014,1
2026-10-07 18:45:33,PICK_COMPLETE,PKR-005,1
2026-10-07 18:45:43,PICK_COMPLETE,PKR-028,1
2026-10-07 18:45:54,PICK_COMPLETE,PKR-014,1
2026-10-07 18:46:02,PICK_COMPLETE,PKR-006,1
2026-10-07 18:46:13,RIDER_CHECKIN,RDR-015,1
2026-10-07 18:46:18,PICK_COMPLETE,PKR-019,1
2026-10-07 18:46:18,PICK_COMPLETE,PKR-015,1
2026-10-07 18:46:24,PICK_COMPLETE,PKR-022,1
2026-10-07 18:46:24,PICK_COMPLETE,PKR-033,1
2026-10-07 18:46:32,RIDER_CHECKIN,RDR-008,1
2026-10-07 18:46:33,PICK_COMPLETE,PKR-023,1
2026-10-07 18:46:34,PICK_COMPLETE,PKR-006,1
2026-10-07 18:46:38,PICK_COMPLETE,PKR-012,1
2026-10-07 18:46:50,RIDER_CHECKIN,RDR-035,1
2026-10-07 18:46:55,PICK_COMPLETE,PKR-005,1
2026-10-07 18:46:57,PICK_COMPLETE,PKR-029,1
2026-10-07 18:47:00,PICK_COMPLETE,PKR-004,1
2026-10-07 18:47:01,PICK_COMPLETE,PKR-011,1
2026-10-07 18:47:02,PICK_COMPLETE,PKR-034,1
2026-10-07 18:47:06,PICK_COMPLETE,PKR-008,1
2026-10-07 18:47:14,PICK_COMPLETE,PKR-034,1
2026-10-07 18:47:19,RIDER_CHECKIN,RDR-007,1
2026-10-07 18:47:38,PICK_COMPLETE,PKR-033,1
2026-10-07 18:47:42,PICK_COMPLETE,PKR-023,1
2026-10-07 18:47:45,PICK_COMPLETE,PKR-005,1
2026-10-07 18:47:52,PICK_COMPLETE,PKR-025,1
2026-10-07 18:47:53,PICK_COMPLETE,PKR-018,1
2026-10-07 18:48:17,PICK_COMPLETE,PKR-028,1
2026-10-07 18:48:20,PICK_COMPLETE,PKR-018,1
2026-10-07 18:48:20,RIDER_REJECT,RDR-033,1
2026-10-07 18:48:22,PICK_COMPLETE,PKR-014,1
2026-10-07 18:48:29,RIDER_CHECKIN,RDR-056,1
2026-10-07 18:48:30,PICK_COMPLETE,PKR-013,1
2026-10-07 18:48:32,PICK_COMPLETE,PKR-028,1
2026-10-07 18:48:36,PICK_COMPLETE,PKR-001,1
2026-10-07 18:48:47,PICK_COMPLETE,PKR-026,1
2026-10-07 18:48:52,PICK_COMPLETE,PKR-012,1
2026-10-07 18:48:55,RIDER_CHECKIN,RDR-019,1
2026-10-07 18:48:57,PICK_COMPLETE,PKR-034,1
2026-10-07 18:48:59,RIDER_CHECKIN,RDR-034,1
2026-10-07 18:49:07,PICK_COMPLETE,PKR-027,1
2026-10-07 18:49:16,PICK_COMPLETE,PKR-030,1
2026-10-07 18:49:17,PICK_COMPLETE,PKR-001,1
2026-10-07 18:49:21,PICK_COMPLETE,PKR-034,1
2026-10-07 18:49:24,RIDER_CHECKIN,RDR-037,1
2026-10-07 18:49:34,PICK_COMPLETE,PKR-024,1
2026-10-07 18:49:38,PICK_COMPLETE,PKR-007,1
2026-10-07 18:49:39,PICK_COMPLETE,PKR-018,1
2026-10-07 18:49:46,RIDER_CHECKIN,RDR-008,1
2026-10-07 18:49:57,PICK_COMPLETE,PKR-009,1
2026-10-07 18:49:58,RIDER_CHECKIN,RDR-004,1
2026-10-07 18:50:01,RIDER_CHECKIN,RDR-040,1
2026-10-07 18:50:01,RIDER_REJECT,RDR-037,1
2026-10-07 18:50:02,PICK_COMPLETE,PKR-013,1
2026-10-07 18:50:07,PICK_COMPLETE,PKR-009,1
2026-10-07 18:50:08,PICK_COMPLETE,PKR-027,1
2026-10-07 18:50:10,PICK_COMPLETE,PKR-033,1
2026-10-07 18:50:11,PICK_COMPLETE,PKR-016,1
2026-10-07 18:50:24,PICK_COMPLETE,PKR-024,1
2026-10-07 18:50:27,PICK_COMPLETE,PKR-006,1
2026-10-07 18:50:30,PICK_COMPLETE,PKR-027,1
2026-10-07 18:50:31,RIDER_CHECKIN,RDR-036,1
2026-10-07 18:50:33,PICK_COMPLETE,PKR-010,1
2026-10-07 18:50:36,PICK_COMPLETE,PKR-032,1
2026-10-07 18:50:46,PICK_COMPLETE,PKR-003,1
2026-10-07 18:50:50,RIDER_CHECKIN,RDR-047,1
2026-10-07 18:51:01,PICK_COMPLETE,PKR-032,1
2026-10-07 18:51:15,PICK_COMPLETE,PKR-023,1
2026-10-07 18:51:22,RIDER_CHECKIN,RDR-004,1
2026-10-07 18:51:24,PICK_COMPLETE,PKR-027,1
2026-10-07 18:51:26,RIDER_REJECT,RDR-054,1
2026-10-07 18:51:32,PICK_COMPLETE,PKR-022,1
2026-10-07 18:51:34,PICK_COMPLETE,PKR-009,1
2026-10-07 18:51:36,PICK_COMPLETE,PKR-014,1
2026-10-07 18:51:43,RIDER_CHECKIN,RDR-013,1
2026-10-07 18:51:44,PICK_COMPLETE,PKR-023,1
2026-10-07 18:51:48,PICK_COMPLETE,PKR-016,1
2026-10-07 18:51:51,PICK_COMPLETE,PKR-024,1
2026-10-07 18:51:59,RIDER_CHECKIN,RDR-053,1
2026-10-07 18:52:09,RIDER_CHECKIN,RDR-015,1
2026-10-07 18:52:09,PICK_COMPLETE,PKR-007,1
2026-10-07 18:52:09,PICK_COMPLETE,PKR-013,1
2026-10-07 18:52:10,PICK_COMPLETE,PKR-024,1
2026-10-07 18:52:11,PICK_COMPLETE,PKR-023,1
2026-10-07 18:52:12,PICK_COMPLETE,PKR-003,1
2026-10-07 18:52:14,PICK_COMPLETE,PKR-027,1
2026-10-07 18:52:18,PICK_COMPLETE,PKR-009,1
2026-10-07 18:52:19,PICK_COMPLETE,PKR-006,1
2026-10-07 18:52:23,PICK_COMPLETE,PKR-027,1
2026-10-07 18:52:24,PICK_COMPLETE,PKR-021,1
2026-10-07 18:52:37,PICK_COMPLETE,PKR-015,1
2026-10-07 18:52:43,PICK_COMPLETE,PKR-008,1
2026-10-07 18:52:56,PICK_COMPLETE,PKR-024,1
2026-10-07 18:52:58,PICK_COMPLETE,PKR-030,1
2026-10-07 18:53:03,PICK_COMPLETE,PKR-011,1
2026-10-07 18:53:09,RIDER_CHECKIN,RDR-026,1
2026-10-07 18:53:09,PICK_COMPLETE,PKR-017,1
2026-10-07 18:53:14,PICK_COMPLETE,PKR-007,1
2026-10-07 18:53:20,PICK_COMPLETE,PKR-009,1
2026-10-07 18:53:27,PICK_COMPLETE,PKR-031,1
2026-10-07 18:53:29,PICK_COMPLETE,PKR-009,1
2026-10-07 18:53:31,PICK_COMPLETE,PKR-028,1
2026-10-07 18:53:42,PICK_COMPLETE,PKR-004,1
2026-10-07 18:53:43,PICK_COMPLETE,PKR-012,1
2026-10-07 18:53:43,PICK_COMPLETE,PKR-009,1
2026-10-07 18:53:46,PICK_COMPLETE,PKR-002,1
2026-10-07 18:54:05,RIDER_CHECKIN,RDR-045,1
2026-10-07 18:54:15,PICK_COMPLETE,PKR-017,1
2026-10-07 18:54:16,RIDER_REJECT,RDR-032,1
2026-10-07 18:54:19,PICK_COMPLETE,PKR-034,1
2026-10-07 18:54:22,RIDER_CHECKIN,RDR-041,1
2026-10-07 18:54:26,PICK_COMPLETE,PKR-011,1
2026-10-07 18:54:27,PICK_COMPLETE,PKR-006,1
2026-10-07 18:54:34,PICK_COMPLETE,PKR-011,1
2026-10-07 18:54:34,PICK_COMPLETE,PKR-019,1
2026-10-07 18:54:37,PICK_COMPLETE,PKR-021,1
2026-10-07 18:54:38,RIDER_CHECKIN,RDR-010,1
2026-10-07 18:54:40,PICK_COMPLETE,PKR-006,1
2026-10-07 18:55:01,PICK_COMPLETE,PKR-034,1
2026-10-07 18:55:02,PICK_COMPLETE,PKR-004,1
2026-10-07 18:55:04,RIDER_CHECKIN,RDR-019,1
2026-10-07 18:55:06,PICK_COMPLETE,PKR-019,1
2026-10-07 18:55:12,PICK_COMPLETE,PKR-011,1
2026-10-07 18:55:14,PICK_COMPLETE,PKR-005,1
2026-10-07 18:55:22,PICK_COMPLETE,PKR-007,1
2026-10-07 18:55:26,PICK_COMPLETE,PKR-015,1
2026-10-07 18:55:29,PICK_COMPLETE,PKR-028,1
2026-10-07 18:55:32,PICK_COMPLETE,PKR-023,1
2026-10-07 18:55:35,RIDER_CHECKIN,RDR-017,1
2026-10-07 18:55:35,PICK_COMPLETE,PKR-031,1
2026-10-07 18:55:36,RIDER_CHECKIN,RDR-006,1
2026-10-07 18:55:47,PICK_COMPLETE,PKR-021,1
2026-10-07 18:55:52,PICK_COMPLETE,PKR-002,1
2026-10-07 18:55:55,PICK_COMPLETE,PKR-004,1
2026-10-07 18:55:56,PICK_COMPLETE,PKR-004,1
2026-10-07 18:55:56,PICK_COMPLETE,PKR-014,1
2026-10-07 18:56:06,PICK_COMPLETE,PKR-014,1
2026-10-07 18:56:12,PICK_COMPLETE,PKR-013,1
2026-10-07 18:56:30,PICK_COMPLETE,PKR-008,1
2026-10-07 18:56:30,PICK_COMPLETE,PKR-029,1
2026-10-07 18:56:32,PICK_COMPLETE,PKR-010,1
2026-10-07 18:56:36,PICK_COMPLETE,PKR-005,1
2026-10-07 18:56:39,RIDER_CHECKIN,RDR-053,1
2026-10-07 18:56:39,PICK_COMPLETE,PKR-020,1
2026-10-07 18:56:47,PICK_COMPLETE,PKR-027,1
2026-10-07 18:56:51,PICK_COMPLETE,PKR-009,1
2026-10-07 18:56:56,PICK_COMPLETE,PKR-010,1
2026-10-07 18:57:01,PICK_COMPLETE,PKR-026,1
2026-10-07 18:57:10,PICK_COMPLETE,PKR-030,1
2026-10-07 18:57:11,RIDER_CHECKIN,RDR-001,1
2026-10-07 18:57:11,PICK_COMPLETE,PKR-002,1
2026-10-07 18:57:30,PICK_COMPLETE,PKR-021,1
2026-10-07 18:57:30,PICK_COMPLETE,PKR-014,1
2026-10-07 18:57:35,PICK_COMPLETE,PKR-012,1
2026-10-07 18:57:38,RIDER_CHECKIN,RDR-043,1
2026-10-07 18:57:42,PICK_COMPLETE,PKR-032,1
2026-10-07 18:57:42,PICK_COMPLETE,PKR-022,1
2026-10-07 18:57:44,PICK_COMPLETE,PKR-012,1
2026-10-07 18:57:48,PICK_COMPLETE,PKR-029,1
2026-10-07 18:57:49,PICK_COMPLETE,PKR-030,1
2026-10-07 18:57:50,PICK_COMPLETE,PKR-033,1
2026-10-07 18:57:52,PICK_COMPLETE,PKR-010,1
2026-10-07 18:57:58,PICK_COMPLETE,PKR-006,1
2026-10-07 18:57:58,RIDER_CHECKIN,RDR-046,1
2026-10-07 18:58:02,PICK_COMPLETE,PKR-014,1
2026-10-07 18:58:02,PICK_COMPLETE,PKR-019,1
2026-10-07 18:58:08,RIDER_CHECKIN,RDR-008,1
2026-10-07 18:58:08,PICK_COMPLETE,PKR-031,1
2026-10-07 18:58:12,PICK_COMPLETE,PKR-013,1
2026-10-07 18:58:15,PICK_COMPLETE,PKR-003,1
2026-10-07 18:58:23,PICK_COMPLETE,PKR-006,1
2026-10-07 18:58:23,PICK_COMPLETE,PKR-003,1
2026-10-07 18:58:27,PICK_COMPLETE,PKR-006,1
2026-10-07 18:58:29,PICK_COMPLETE,PKR-014,1
2026-10-07 18:58:31,PICK_COMPLETE,PKR-020,1
2026-10-07 18:58:32,PICK_COMPLETE,PKR-019,1
2026-10-07 18:58:36,PICK_COMPLETE,PKR-034,1
2026-10-07 18:58:41,PICK_COMPLETE,PKR-023,1
2026-10-07 18:58:46,RIDER_REJECT,RDR-032,1
2026-10-07 18:58:47,PICK_COMPLETE,PKR-007,1
2026-10-07 18:58:53,PICK_COMPLETE,PKR-022,1
2026-10-07 18:59:01,PICK_COMPLETE,PKR-028,1
2026-10-07 18:59:17,PICK_COMPLETE,PKR-027,1
2026-10-07 18:59:19,RIDER_CHECKIN,RDR-028,1
2026-10-07 18:59:20,PICK_COMPLETE,PKR-010,1
2026-10-07 18:59:31,PICK_COMPLETE,PKR-021,1
2026-10-07 18:59:31,PICK_COMPLETE,PKR-010,1
2026-10-07 18:59:33,PICK_COMPLETE,PKR-003,1
2026-10-07 18:59:40,PICK_COMPLETE,PKR-033,1
2026-10-07 18:59:44,PICK_COMPLETE,PKR-031,1
2026-10-07 18:59:47,PICK_COMPLETE,PKR-017,1
2026-10-07 18:59:52,PICK_COMPLETE,PKR-001,1
2026-10-07 18:59:55,RIDER_CHECKIN,RDR-046,1
2026-10-07 18:59:56,PICK_COMPLETE,PKR-001,1
2026-10-07 18:59:56,PICK_COMPLETE,PKR-009,1
2026-10-07 19:00:02,PICK_COMPLETE,PKR-013,1
2026-10-07 19:00:05,PICK_COMPLETE,PKR-028,1
2026-10-07 19:00:06,PICK_COMPLETE,PKR-023,1
2026-10-07 19:00:22,PICK_COMPLETE,PKR-007,1
2026-10-07 19:00:25,PICK_COMPLETE,PKR-011,1
2026-10-07 19:00:27,RIDER_CHECKIN,RDR-034,1
2026-10-07 19:00:36,RIDER_CHECKIN,RDR-010,1
2026-10-07 19:00:37,RIDER_CHECKIN,RDR-011,1
2026-10-07 19:00:37,PICK_COMPLETE,PKR-027,1
2026-10-07 19:00:41,PICK_COMPLETE,PKR-007,1
2026-10-07 19:00:43,PICK_COMPLETE,PKR-031,1
2026-10-07 19:00:53,RIDER_REJECT,RDR-050,1
2026-10-07 19:01:00,PICK_COMPLETE,PKR-018,1
2026-10-07 19:01:10,PICK_COMPLETE,PKR-023,1
2026-10-07 19:01:17,PICK_COMPLETE,PKR-006,1
2026-10-07 19:01:22,PICK_COMPLETE,PKR-015,1
2026-10-07 19:01:23,PICK_COMPLETE,PKR-007,1
2026-10-07 19:01:25,RIDER_CHECKIN,RDR-038,1
2026-10-07 19:01:32,PICK_COMPLETE,PKR-019,1
2026-10-07 19:01:42,PICK_COMPLETE,PKR-013,1
2026-10-07 19:01:47,PICK_COMPLETE,PKR-034,1
2026-10-07 19:01:52,RIDER_CHECKIN,RDR-025,1
2026-10-07 19:01:54,PICK_COMPLETE,PKR-003,1
2026-10-07 19:01:58,RIDER_CHECKIN,RDR-008,1
2026-10-07 19:02:02,PICK_COMPLETE,PKR-021,1
2026-10-07 19:02:03,PICK_COMPLETE,PKR-024,1
2026-10-07 19:02:09,PICK_COMPLETE,PKR-026,1
2026-10-07 19:02:09,PICK_COMPLETE,PKR-002,1
2026-10-07 19:02:12,PICK_COMPLETE,PKR-003,1
2026-10-07 19:02:15,PICK_COMPLETE,PKR-031,1
2026-10-07 19:02:25,PICK_COMPLETE,PKR-028,1
2026-10-07 19:02:25,PICK_COMPLETE,PKR-008,1
2026-10-07 19:02:30,PICK_COMPLETE,PKR-028,1
2026-10-07 19:02:31,PICK_COMPLETE,PKR-019,1
2026-10-07 19:02:37,RIDER_REJECT,RDR-019,1
2026-10-07 19:02:41,PICK_COMPLETE,PKR-022,1
2026-10-07 19:02:42,PICK_COMPLETE,PKR-009,1
2026-10-07 19:02:46,PICK_COMPLETE,PKR-019,1
2026-10-07 19:02:48,RIDER_CHECKIN,RDR-026,1
2026-10-07 19:02:50,PICK_COMPLETE,PKR-030,1
2026-10-07 19:02:58,PICK_COMPLETE,PKR-007,1
2026-10-07 19:03:03,PICK_COMPLETE,PKR-007,1
2026-10-07 19:03:04,PICK_COMPLETE,PKR-001,1
2026-10-07 19:03:09,RIDER_CHECKIN,RDR-041,1
2026-10-07 19:03:16,PICK_COMPLETE,PKR-025,1
2026-10-07 19:03:29,PICK_COMPLETE,PKR-031,1
2026-10-07 19:03:29,RIDER_CHECKIN,RDR-009,1
2026-10-07 19:03:35,PICK_COMPLETE,PKR-021,1
2026-10-07 19:03:40,PICK_COMPLETE,PKR-010,1
2026-10-07 19:03:50,RIDER_CHECKIN,RDR-041,1
2026-10-07 19:03:53,PICK_COMPLETE,PKR-029,1
2026-10-07 19:03:55,PICK_COMPLETE,PKR-011,1
2026-10-07 19:03:55,PICK_COMPLETE,PKR-023,1
2026-10-07 19:04:01,PICK_COMPLETE,PKR-006,1
2026-10-07 19:04:10,PICK_COMPLETE,PKR-020,1
2026-10-07 19:04:12,PICK_COMPLETE,PKR-019,1
2026-10-07 19:04:20,PICK_COMPLETE,PKR-016,1
2026-10-07 19:04:25,RIDER_CHECKIN,RDR-012,1
2026-10-07 19:04:26,PICK_COMPLETE,PKR-032,1
2026-10-07 19:04:28,PICK_COMPLETE,PKR-003,1
2026-10-07 19:04:36,RIDER_CHECKIN,RDR-003,1
2026-10-07 19:04:39,PICK_COMPLETE,PKR-005,1
2026-10-07 19:04:41,PICK_COMPLETE,PKR-010,1
2026-10-07 19:04:43,PICK_COMPLETE,PKR-025,1
2026-10-07 19:04:44,PICK_COMPLETE,PKR-024,1
2026-10-07 19:04:44,PICK_COMPLETE,PKR-009,1
2026-10-07 19:04:46,PICK_COMPLETE,PKR-031,1
2026-10-07 19:04:47,PICK_COMPLETE,PKR-013,1
2026-10-07 19:04:52,RIDER_CHECKIN,RDR-033,1
2026-10-07 19:05:00,PICK_COMPLETE,PKR-021,1
2026-10-07 19:05:06,PICK_COMPLETE,PKR-011,1
2026-10-07 19:05:07,PICK_COMPLETE,PKR-007,1
2026-10-07 19:05:11,RIDER_CHECKIN,RDR-026,1
2026-10-07 19:05:21,PICK_COMPLETE,PKR-018,1
2026-10-07 19:05:23,PICK_COMPLETE,PKR-024,1
2026-10-07 19:05:23,PICK_COMPLETE,PKR-007,1
2026-10-07 19:05:26,PICK_COMPLETE,PKR-010,1
2026-10-07 19:05:37,RIDER_CHECKIN,RDR-044,1
2026-10-07 19:05:39,PICK_COMPLETE,PKR-011,1
2026-10-07 19:05:50,RIDER_CHECKIN,RDR-059,1
2026-10-07 19:05:50,PICK_COMPLETE,PKR-029,1
2026-10-07 19:05:52,PICK_COMPLETE,PKR-005,1
2026-10-07 19:06:05,PICK_COMPLETE,PKR-006,1
2026-10-07 19:06:14,PICK_COMPLETE,PKR-021,1
2026-10-07 19:06:20,PICK_COMPLETE,PKR-033,1
2026-10-07 19:06:22,PICK_COMPLETE,PKR-012,1
2026-10-07 19:06:30,PICK_COMPLETE,PKR-008,1
2026-10-07 19:06:33,PICK_COMPLETE,PKR-001,1
2026-10-07 19:06:52,PICK_COMPLETE,PKR-005,1
2026-10-07 19:06:53,PICK_COMPLETE,PKR-004,1
2026-10-07 19:06:54,RIDER_CHECKIN,RDR-056,1
2026-10-07 19:06:55,PICK_COMPLETE,PKR-015,1
2026-10-07 19:07:00,PICK_COMPLETE,PKR-001,1
2026-10-07 19:07:03,PICK_COMPLETE,PKR-032,1
2026-10-07 19:07:16,PICK_COMPLETE,PKR-019,1
2026-10-07 19:07:16,PICK_COMPLETE,PKR-023,1
2026-10-07 19:07:20,PICK_COMPLETE,PKR-008,1
2026-10-07 19:07:20,PICK_COMPLETE,PKR-028,1
2026-10-07 19:07:23,PICK_COMPLETE,PKR-001,1
2026-10-07 19:07:23,PICK_COMPLETE,PKR-025,1
2026-10-07 19:07:24,PICK_COMPLETE,PKR-012,1
2026-10-07 19:07:36,PICK_COMPLETE,PKR-008,1
2026-10-07 19:07:37,RIDER_CHECKIN,RDR-011,1
2026-10-07 19:07:44,PICK_COMPLETE,PKR-012,1
2026-10-07 19:07:46,PICK_COMPLETE,PKR-008,1
2026-10-07 19:07:47,RIDER_CHECKIN,RDR-055,1
2026-10-07 19:07:56,RIDER_CHECKIN,RDR-045,1
2026-10-07 19:07:57,PICK_COMPLETE,PKR-017,1
2026-10-07 19:08:06,PICK_COMPLETE,PKR-011,1
2026-10-07 19:08:07,PICK_COMPLETE,PKR-030,1
2026-10-07 19:08:14,PICK_COMPLETE,PKR-017,1
2026-10-07 19:08:21,PICK_COMPLETE,PKR-004,1
2026-10-07 19:08:26,RIDER_CHECKIN,RDR-037,1
2026-10-07 19:08:34,RIDER_CHECKIN,RDR-051,1
2026-10-07 19:08:36,PICK_COMPLETE,PKR-017,1
2026-10-07 19:08:45,PICK_COMPLETE,PKR-034,1
2026-10-07 19:08:45,PICK_COMPLETE,PKR-022,1
2026-10-07 19:08:46,PICK_COMPLETE,PKR-012,1
2026-10-07 19:08:46,PICK_COMPLETE,PKR-001,1
2026-10-07 19:08:49,PICK_COMPLETE,PKR-018,1
2026-10-07 19:08:54,PICK_COMPLETE,PKR-033,1
2026-10-07 19:08:54,PICK_COMPLETE,PKR-003,1
2026-10-07 19:08:57,RIDER_CHECKIN,RDR-034,1
2026-10-07 19:09:06,PICK_COMPLETE,PKR-010,1
2026-10-07 19:09:13,PICK_COMPLETE,PKR-011,1
2026-10-07 19:09:14,PICK_COMPLETE,PKR-025,1
2026-10-07 19:09:24,RIDER_CHECKIN,RDR-013,1
2026-10-07 19:09:30,PICK_COMPLETE,PKR-019,1
2026-10-07 19:09:34,PICK_COMPLETE,PKR-028,1
2026-10-07 19:09:42,PICK_COMPLETE,PKR-018,1
2026-10-07 19:09:45,RIDER_CHECKIN,RDR-037,1
2026-10-07 19:09:46,PICK_COMPLETE,PKR-028,1
2026-10-07 19:09:47,RIDER_REJECT,RDR-015,1
2026-10-07 19:09:57,RIDER_CHECKIN,RDR-010,1
2026-10-07 19:09:58,PICK_COMPLETE,PKR-026,1
2026-10-07 19:09:59,PICK_COMPLETE,PKR-026,1
2026-10-07 19:10:00,PICK_COMPLETE,PKR-010,1
2026-10-07 19:10:07,PICK_COMPLETE,PKR-020,1
2026-10-07 19:10:17,PICK_COMPLETE,PKR-002,1
2026-10-07 19:10:18,PICK_COMPLETE,PKR-007,1
2026-10-07 19:10:21,PICK_COMPLETE,PKR-014,1
2026-10-07 19:10:25,PICK_COMPLETE,PKR-021,1
2026-10-07 19:10:32,RIDER_CHECKIN,RDR-047,1
2026-10-07 19:10:34,PICK_COMPLETE,PKR-029,1
2026-10-07 19:10:34,PICK_COMPLETE,PKR-033,1
2026-10-07 19:10:43,PICK_COMPLETE,PKR-004,1
2026-10-07 19:10:49,RIDER_CHECKIN,RDR-003,1
2026-10-07 19:10:58,PICK_COMPLETE,PKR-002,1
2026-10-07 19:11:02,RIDER_CHECKIN,RDR-058,1
2026-10-07 19:11:02,PICK_COMPLETE,PKR-015,1
2026-10-07 19:11:10,PICK_COMPLETE,PKR-010,1
2026-10-07 19:11:13,PICK_COMPLETE,PKR-023,1
2026-10-07 19:11:13,PICK_COMPLETE,PKR-017,1
2026-10-07 19:11:17,RIDER_REJECT,RDR-008,1
2026-10-07 19:11:24,PICK_COMPLETE,PKR-011,1
2026-10-07 19:11:29,PICK_COMPLETE,PKR-010,1
2026-10-07 19:11:30,PICK_COMPLETE,PKR-021,1
2026-10-07 19:11:52,PICK_COMPLETE,PKR-022,1
2026-10-07 19:12:00,PICK_COMPLETE,PKR-024,1
2026-10-07 19:12:19,RIDER_CHECKIN,RDR-020,1
2026-10-07 19:12:27,PICK_COMPLETE,PKR-019,1
2026-10-07 19:12:32,PICK_COMPLETE,PKR-032,1
2026-10-07 19:12:41,PICK_COMPLETE,PKR-005,1
2026-10-07 19:12:42,PICK_COMPLETE,PKR-018,1
2026-10-07 19:12:54,PICK_COMPLETE,PKR-028,1
2026-10-07 19:12:58,PICK_COMPLETE,PKR-031,1
2026-10-07 19:12:58,PICK_COMPLETE,PKR-028,1
2026-10-07 19:13:03,PICK_COMPLETE,PKR-002,1
2026-10-07 19:13:04,RIDER_REJECT,RDR-022,1
2026-10-07 19:13:12,PICK_COMPLETE,PKR-025,1
2026-10-07 19:13:14,PICK_COMPLETE,PKR-027,1
2026-10-07 19:13:20,PICK_COMPLETE,PKR-033,1
2026-10-07 19:13:24,RIDER_CHECKIN,RDR-032,1
2026-10-07 19:13:27,PICK_COMPLETE,PKR-005,1
2026-10-07 19:13:38,RIDER_CHECKIN,RDR-034,1
2026-10-07 19:13:38,RIDER_CHECKIN,RDR-053,1
2026-10-07 19:13:39,PICK_COMPLETE,PKR-013,1
2026-10-07 19:13:40,PICK_COMPLETE,PKR-030,1
2026-10-07 19:13:41,PICK_COMPLETE,PKR-028,1
2026-10-07 19:13:57,PICK_COMPLETE,PKR-027,1
2026-10-07 19:14:04,PICK_COMPLETE,PKR-020,1
2026-10-07 19:14:08,PICK_COMPLETE,PKR-014,1
2026-10-07 19:14:08,PICK_COMPLETE,PKR-020,1
2026-10-07 19:14:10,PICK_COMPLETE,PKR-018,1
2026-10-07 19:14:13,PICK_COMPLETE,PKR-018,1
2026-10-07 19:14:13,PICK_COMPLETE,PKR-033,1
2026-10-07 19:14:20,PICK_COMPLETE,PKR-033,1
2026-10-07 19:14:24,PICK_COMPLETE,PKR-024,1
2026-10-07 19:14:32,PICK_COMPLETE,PKR-010,1
2026-10-07 19:14:32,PICK_COMPLETE,PKR-033,1
2026-10-07 19:14:33,PICK_COMPLETE,PKR-025,1
2026-10-07 19:14:36,PICK_COMPLETE,PKR-017,1
2026-10-07 19:14:36,RIDER_CHECKIN,RDR-001,1
2026-10-07 19:14:39,PICK_COMPLETE,PKR-024,1
2026-10-07 19:14:43,PICKER_IDLE,PKR-010,1
2026-10-07 19:14:59,PICK_COMPLETE,PKR-014,1
2026-10-07 19:14:59,PICK_COMPLETE,PKR-012,1
2026-10-07 19:15:01,PICK_COMPLETE,PKR-029,1
2026-10-07 19:15:04,PICK_COMPLETE,PKR-003,1
2026-10-07 19:15:06,PICK_COMPLETE,PKR-005,1
2026-10-07 19:15:11,PICK_COMPLETE,PKR-004,1
2026-10-07 19:15:20,RIDER_CHECKIN,RDR-029,1
2026-10-07 19:15:21,PICKER_IDLE,PKR-017,1
2026-10-07 19:15:27,RIDER_CHECKIN,RDR-014,1
2026-10-07 19:15:27,PICK_COMPLETE,PKR-006,1
2026-10-07 19:15:36,PICK_COMPLETE,PKR-006,1
2026-10-07 19:15:43,PICK_COMPLETE,PKR-010,1
2026-10-07 19:15:44,PICK_COMPLETE,PKR-027,1
2026-10-07 19:15:58,PICK_COMPLETE,PKR-018,1
2026-10-07 19:16:02,PICK_COMPLETE,PKR-007,1
2026-10-07 19:16:07,PICK_COMPLETE,PKR-010,1
2026-10-07 19:16:21,PICK_COMPLETE,PKR-018,1
2026-10-07 19:16:22,PICK_COMPLETE,PKR-033,1
2026-10-07 19:16:28,RIDER_CHECKIN,RDR-006,1
2026-10-07 19:16:28,PICK_COMPLETE,PKR-012,1
2026-10-07 19:16:29,PICK_COMPLETE,PKR-028,1
2026-10-07 19:16:31,PICK_COMPLETE,PKR-024,1
2026-10-07 19:16:34,PICK_COMPLETE,PKR-016,1
2026-10-07 19:16:35,RIDER_CHECKIN,RDR-021,1
2026-10-07 19:16:35,PICK_COMPLETE,PKR-009,1
2026-10-07 19:16:39,PICKER_IDLE,PKR-004,1
2026-10-07 19:16:40,PICK_COMPLETE,PKR-019,1
2026-10-07 19:16:45,PICK_COMPLETE,PKR-013,1
2026-10-07 19:16:51,PICK_COMPLETE,PKR-028,1
2026-10-07 19:16:57,PICK_COMPLETE,PKR-032,1
2026-10-07 19:17:01,PICK_COMPLETE,PKR-016,1
2026-10-07 19:17:01,PICK_COMPLETE,PKR-006,1
2026-10-07 19:17:02,RIDER_CHECKIN,RDR-045,1
2026-10-07 19:17:02,PICK_COMPLETE,PKR-013,1
2026-10-07 19:17:05,PICK_COMPLETE,PKR-028,1
2026-10-07 19:17:06,PICK_COMPLETE,PKR-021,1
2026-10-07 19:17:08,PICK_COMPLETE,PKR-021,1
2026-10-07 19:17:33,PICK_COMPLETE,PKR-030,1
2026-10-07 19:17:40,PICK_COMPLETE,PKR-022,1
2026-10-07 19:17:40,PICK_COMPLETE,PKR-002,1
2026-10-07 19:17:42,PICK_COMPLETE,PKR-018,1
2026-10-07 19:17:44,PICK_COMPLETE,PKR-034,1
2026-10-07 19:17:55,PICK_COMPLETE,PKR-002,1
2026-10-07 19:17:55,PICK_COMPLETE,PKR-020,1
2026-10-07 19:17:56,PICK_COMPLETE,PKR-016,1
2026-10-07 19:18:03,PICK_COMPLETE,PKR-031,1
2026-10-07 19:18:25,PICK_COMPLETE,PKR-014,1
2026-10-07 19:18:26,PICK_COMPLETE,PKR-031,1
2026-10-07 19:18:30,PICK_COMPLETE,PKR-029,1
2026-10-07 19:18:31,PICK_COMPLETE,PKR-021,1
2026-10-07 19:18:38,PICK_COMPLETE,PKR-008,1
2026-10-07 19:18:41,PICK_COMPLETE,PKR-030,1
2026-10-07 19:18:42,PICK_COMPLETE,PKR-003,1
2026-10-07 19:18:47,PICK_COMPLETE,PKR-020,1
2026-10-07 19:18:48,RIDER_CHECKIN,RDR-010,1
2026-10-07 19:18:53,PICK_COMPLETE,PKR-022,1
2026-10-07 19:19:02,PICK_COMPLETE,PKR-003,1
2026-10-07 19:19:04,PICK_COMPLETE,PKR-024,1
2026-10-07 19:19:08,PICK_COMPLETE,PKR-025,1
2026-10-07 19:19:16,RIDER_CHECKIN,RDR-031,1
2026-10-07 19:19:19,PICK_COMPLETE,PKR-022,1
2026-10-07 19:19:23,PICK_COMPLETE,PKR-011,1
2026-10-07 19:19:25,PICK_COMPLETE,PKR-026,1
2026-10-07 19:19:27,PICK_COMPLETE,PKR-026,1
2026-10-07 19:19:27,RIDER_CHECKIN,RDR-029,1
2026-10-07 19:19:27,PICK_COMPLETE,PKR-010,1
2026-10-07 19:19:30,PICK_COMPLETE,PKR-032,1
2026-10-07 19:19:32,PICK_COMPLETE,PKR-012,1
2026-10-07 19:19:34,PICK_COMPLETE,PKR-033,1
2026-10-07 19:19:42,PICK_COMPLETE,PKR-003,1
2026-10-07 19:19:44,PICK_COMPLETE,PKR-033,1
2026-10-07 19:19:45,PICK_COMPLETE,PKR-007,1
2026-10-07 19:19:48,RIDER_CHECKIN,RDR-011,1
2026-10-07 19:19:58,PICK_COMPLETE,PKR-018,1
2026-10-07 19:20:00,PICK_COMPLETE,PKR-022,1
2026-10-07 19:20:01,RIDER_CHECKIN,RDR-009,1
2026-10-07 19:20:02,PICK_COMPLETE,PKR-012,1
2026-10-07 19:20:06,PICK_COMPLETE,PKR-029,1
2026-10-07 19:20:12,PICK_COMPLETE,PKR-027,1
2026-10-07 19:20:20,RIDER_CHECKIN,RDR-042,1
2026-10-07 19:20:22,PICK_COMPLETE,PKR-006,1
2026-10-07 19:20:30,PICK_COMPLETE,PKR-001,1
2026-10-07 19:20:32,PICK_COMPLETE,PKR-014,1
2026-10-07 19:20:34,PICK_COMPLETE,PKR-017,1
2026-10-07 19:20:43,RIDER_CHECKIN,RDR-058,1
2026-10-07 19:20:44,PICK_COMPLETE,PKR-033,1
2026-10-07 19:20:46,PICK_COMPLETE,PKR-010,1
2026-10-07 19:20:52,PICK_COMPLETE,PKR-031,1
2026-10-07 19:20:54,PICK_COMPLETE,PKR-033,1
2026-10-07 19:20:54,PICK_COMPLETE,PKR-004,1
2026-10-07 19:21:02,PICK_COMPLETE,PKR-030,1
2026-10-07 19:21:04,PICK_COMPLETE,PKR-002,1
2026-10-07 19:21:19,PICK_COMPLETE,PKR-025,1
2026-10-07 19:21:21,RIDER_CHECKIN,RDR-031,1
2026-10-07 19:21:23,PICK_COMPLETE,PKR-019,1
2026-10-07 19:21:30,PICK_COMPLETE,PKR-011,1
2026-10-07 19:21:35,PICK_COMPLETE,PKR-026,1
2026-10-07 19:21:39,PICK_COMPLETE,PKR-009,1
2026-10-07 19:21:41,PICK_COMPLETE,PKR-004,1
2026-10-07 19:21:48,PICK_COMPLETE,PKR-017,1
2026-10-07 19:21:51,PICK_COMPLETE,PKR-004,1
2026-10-07 19:21:54,PICK_COMPLETE,PKR-022,1
2026-10-07 19:22:03,RIDER_CHECKIN,RDR-022,1
2026-10-07 19:22:13,PICK_COMPLETE,PKR-033,1
2026-10-07 19:22:13,PICK_COMPLETE,PKR-027,1
2026-10-07 19:22:18,PICK_COMPLETE,PKR-023,1
2026-10-07 19:22:21,PICK_COMPLETE,PKR-021,1
2026-10-07 19:22:22,RIDER_CHECKIN,RDR-046,1
2026-10-07 19:22:32,PICK_COMPLETE,PKR-030,1
2026-10-07 19:22:34,PICK_COMPLETE,PKR-003,1
2026-10-07 19:22:36,PICK_COMPLETE,PKR-019,1
2026-10-07 19:22:42,PICK_COMPLETE,PKR-031,1
2026-10-07 19:22:42,PICK_COMPLETE,PKR-020,1
2026-10-07 19:22:47,PICK_COMPLETE,PKR-033,1
2026-10-07 19:22:51,PICK_COMPLETE,PKR-025,1
2026-10-07 19:22:52,PICK_COMPLETE,PKR-015,1
2026-10-07 19:22:53,RIDER_CHECKIN,RDR-001,1
2026-10-07 19:23:01,PICK_COMPLETE,PKR-025,1
2026-10-07 19:23:07,PICK_COMPLETE,PKR-020,1
2026-10-07 19:23:14,PICK_COMPLETE,PKR-001,1
2026-10-07 19:23:18,PICK_COMPLETE,PKR-032,1
2026-10-07 19:23:18,PICK_COMPLETE,PKR-003,1
2026-10-07 19:23:25,PICK_COMPLETE,PKR-032,1
2026-10-07 19:23:25,PICK_COMPLETE,PKR-032,1
2026-10-07 19:23:34,PICK_COMPLETE,PKR-019,1
2026-10-07 19:23:38,PICK_COMPLETE,PKR-004,1
2026-10-07 19:23:39,PICK_COMPLETE,PKR-032,1
2026-10-07 19:23:48,PICK_COMPLETE,PKR-034,1
2026-10-07 19:23:53,PICK_COMPLETE,PKR-023,1
2026-10-07 19:23:58,RIDER_CHECKIN,RDR-055,1
2026-10-07 19:24:05,PICK_COMPLETE,PKR-011,1
2026-10-07 19:24:07,PICK_COMPLETE,PKR-019,1
2026-10-07 19:24:10,PICK_COMPLETE,PKR-010,1
2026-10-07 19:24:15,PICK_COMPLETE,PKR-011,1
2026-10-07 19:24:16,PICK_COMPLETE,PKR-024,1
2026-10-07 19:24:17,PICK_COMPLETE,PKR-002,1
2026-10-07 19:24:18,PICK_COMPLETE,PKR-028,1
2026-10-07 19:24:24,PICK_COMPLETE,PKR-004,1
2026-10-07 19:24:36,RIDER_CHECKIN,RDR-002,1
2026-10-07 19:24:37,PICK_COMPLETE,PKR-020,1
2026-10-07 19:24:37,PICK_COMPLETE,PKR-004,1
2026-10-07 19:24:39,PICK_COMPLETE,PKR-009,1
2026-10-07 19:24:51,PICK_COMPLETE,PKR-009,1
2026-10-07 19:24:58,PICK_COMPLETE,PKR-009,1
2026-10-07 19:25:01,PICK_COMPLETE,PKR-004,1
2026-10-07 19:25:01,RIDER_REJECT,RDR-018,1
2026-10-07 19:25:03,PICK_COMPLETE,PKR-004,1
2026-10-07 19:25:12,PICK_COMPLETE,PKR-029,1
2026-10-07 19:25:12,PICK_COMPLETE,PKR-005,1
2026-10-07 19:25:17,PICK_COMPLETE,PKR-002,1
2026-10-07 19:25:21,PICK_COMPLETE,PKR-002,1
2026-10-07 19:25:23,PICK_COMPLETE,PKR-024,1
2026-10-07 19:25:23,RIDER_CHECKIN,RDR-005,1
2026-10-07 19:25:29,PICK_COMPLETE,PKR-030,1
2026-10-07 19:25:30,RIDER_CHECKIN,RDR-020,1
2026-10-07 19:25:33,PICK_COMPLETE,PKR-012,1
2026-10-07 19:25:34,PICK_COMPLETE,PKR-014,1
2026-10-07 19:25:34,PICK_COMPLETE,PKR-008,1
2026-10-07 19:25:42,PICK_COMPLETE,PKR-019,1
2026-10-07 19:25:53,PICK_COMPLETE,PKR-009,1
2026-10-07 19:25:58,PICK_COMPLETE,PKR-002,1
2026-10-07 19:26:04,PICK_COMPLETE,PKR-030,1
2026-10-07 19:26:05,RIDER_REJECT,RDR-014,1
2026-10-07 19:26:06,PICK_COMPLETE,PKR-013,1
2026-10-07 19:26:14,RIDER_CHECKIN,RDR-055,1
2026-10-07 19:26:24,PICK_COMPLETE,PKR-011,1
2026-10-07 19:26:31,PICK_COMPLETE,PKR-027,1
2026-10-07 19:26:40,PICK_COMPLETE,PKR-033,1
2026-10-07 19:26:47,PICK_COMPLETE,PKR-032,1
2026-10-07 19:26:48,PICK_COMPLETE,PKR-011,1
2026-10-07 19:26:53,PICK_COMPLETE,PKR-025,1
2026-10-07 19:27:00,RIDER_CHECKIN,RDR-006,1
2026-10-07 19:27:04,RIDER_CHECKIN,RDR-011,1
2026-10-07 19:27:06,PICK_COMPLETE,PKR-027,1
2026-10-07 19:27:10,RIDER_REJECT,RDR-030,1
2026-10-07 19:27:13,PICK_COMPLETE,PKR-011,1
2026-10-07 19:27:19,PICK_COMPLETE,PKR-027,1
2026-10-07 19:27:20,PICK_COMPLETE,PKR-017,1
2026-10-07 19:27:21,PICK_COMPLETE,PKR-007,1
2026-10-07 19:27:21,PICK_COMPLETE,PKR-021,1
2026-10-07 19:27:23,PICK_COMPLETE,PKR-019,1
2026-10-07 19:27:30,PICK_COMPLETE,PKR-015,1
2026-10-07 19:27:31,PICK_COMPLETE,PKR-030,1
2026-10-07 19:27:34,PICK_COMPLETE,PKR-005,1
2026-10-07 19:27:35,PICK_COMPLETE,PKR-028,1
2026-10-07 19:27:37,PICK_COMPLETE,PKR-003,1
2026-10-07 19:27:39,PICK_COMPLETE,PKR-028,1
2026-10-07 19:27:47,RIDER_CHECKIN,RDR-004,1
2026-10-07 19:27:49,PICK_COMPLETE,PKR-003,1
2026-10-07 19:27:50,PICKER_IDLE,PKR-016,1
2026-10-07 19:27:54,PICK_COMPLETE,PKR-021,1
2026-10-07 19:28:02,PICK_COMPLETE,PKR-031,1
2026-10-07 19:28:03,PICK_COMPLETE,PKR-009,1
2026-10-07 19:28:07,PICK_COMPLETE,PKR-014,1
2026-10-07 19:28:13,PICK_COMPLETE,PKR-003,1
2026-10-07 19:28:14,PICK_COMPLETE,PKR-028,1
2026-10-07 19:28:15,RIDER_CHECKIN,RDR-054,1
2026-10-07 19:28:15,PICK_COMPLETE,PKR-007,1
2026-10-07 19:28:18,PICK_COMPLETE,PKR-034,1
2026-10-07 19:28:26,PICK_COMPLETE,PKR-014,1
2026-10-07 19:28:26,PICK_COMPLETE,PKR-023,1
2026-10-07 19:28:27,RIDER_CHECKIN,RDR-045,1
2026-10-07 19:28:33,PICK_COMPLETE,PKR-003,1
2026-10-07 19:28:40,PICK_COMPLETE,PKR-028,1
2026-10-07 19:28:41,PICK_COMPLETE,PKR-013,1
2026-10-07 19:28:43,PICK_COMPLETE,PKR-016,1
2026-10-07 19:28:55,PICK_COMPLETE,PKR-021,1
2026-10-07 19:28:55,PICK_COMPLETE,PKR-019,1
2026-10-07 19:29:00,PICK_COMPLETE,PKR-002,1
2026-10-07 19:29:00,PICK_COMPLETE,PKR-020,1
2026-10-07 19:29:02,RIDER_CHECKIN,RDR-001,1
2026-10-07 19:29:06,PICK_COMPLETE,PKR-024,1
2026-10-07 19:29:08,PICK_COMPLETE,PKR-027,1
2026-10-07 19:29:10,PICK_COMPLETE,PKR-008,1
2026-10-07 19:29:10,PICK_COMPLETE,PKR-001,1
2026-10-07 19:29:12,PICK_COMPLETE,PKR-007,1
2026-10-07 19:29:13,PICK_COMPLETE,PKR-008,1
2026-10-07 19:29:19,RIDER_REJECT,RDR-047,1
2026-10-07 19:29:20,PICK_COMPLETE,PKR-014,1
2026-10-07 19:29:23,PICK_COMPLETE,PKR-028,1
2026-10-07 19:29:29,PICKER_IDLE,PKR-024,1
2026-10-07 19:29:35,PICK_COMPLETE,PKR-006,1
2026-10-07 19:29:38,PICK_COMPLETE,PKR-026,1
2026-10-07 19:29:54,PICK_COMPLETE,PKR-034,1
2026-10-07 19:30:00,PICK_COMPLETE,PKR-002,1
2026-10-07 19:30:02,RIDER_CHECKIN,RDR-033,1
2026-10-07 19:30:04,PICK_COMPLETE,PKR-026,1
2026-10-07 19:30:06,PICK_COMPLETE,PKR-003,1
2026-10-07 19:30:14,PICK_COMPLETE,PKR-007,1
2026-10-07 19:30:21,RIDER_CHECKIN,RDR-024,1
2026-10-07 19:30:22,PICK_COMPLETE,PKR-017,1
2026-10-07 19:30:22,PICK_COMPLETE,PKR-024,1
2026-10-07 19:30:29,PICK_COMPLETE,PKR-027,1
2026-10-07 19:30:30,PICK_COMPLETE,PKR-031,1
2026-10-07 19:30:31,PICK_COMPLETE,PKR-020,1
2026-10-07 19:30:33,PICK_COMPLETE,PKR-005,1
2026-10-07 19:30:37,PICK_COMPLETE,PKR-012,1
2026-10-07 19:30:41,PICK_COMPLETE,PKR-027,1
2026-10-07 19:30:42,PICK_COMPLETE,PKR-031,1
2026-10-07 19:30:57,RIDER_CHECKIN,RDR-044,1
2026-10-07 19:31:08,PICK_COMPLETE,PKR-020,1
2026-10-07 19:31:12,PICK_COMPLETE,PKR-029,1
2026-10-07 19:31:16,PICK_COMPLETE,PKR-013,1
2026-10-07 19:31:19,PICK_COMPLETE,PKR-030,1
2026-10-07 19:31:31,PICK_COMPLETE,PKR-008,1
2026-10-07 19:31:35,PICK_COMPLETE,PKR-008,1
2026-10-07 19:31:43,PICK_COMPLETE,PKR-034,1
2026-10-07 19:31:44,PICK_COMPLETE,PKR-023,1
2026-10-07 19:31:48,RIDER_CHECKIN,RDR-050,1
2026-10-07 19:31:49,PICK_COMPLETE,PKR-021,1
2026-10-07 19:31:52,PICK_COMPLETE,PKR-017,1
2026-10-07 19:31:53,PICK_COMPLETE,PKR-025,1
2026-10-07 19:31:54,PICK_COMPLETE,PKR-004,1
2026-10-07 19:31:57,PICK_COMPLETE,PKR-006,1
2026-10-07 19:32:00,PICK_COMPLETE,PKR-016,1
2026-10-07 19:32:01,PICK_COMPLETE,PKR-030,1
2026-10-07 19:32:04,PICK_COMPLETE,PKR-014,1
2026-10-07 19:32:10,RIDER_CHECKIN,RDR-051,1
2026-10-07 19:32:13,PICK_COMPLETE,PKR-028,1
2026-10-07 19:32:16,PICK_COMPLETE,PKR-018,1
2026-10-07 19:32:21,PICK_COMPLETE,PKR-019,1
2026-10-07 19:32:24,RIDER_CHECKIN,RDR-023,1
2026-10-07 19:32:28,PICK_COMPLETE,PKR-018,1
2026-10-07 19:32:28,PICK_COMPLETE,PKR-002,1
2026-10-07 19:32:29,PICK_COMPLETE,PKR-024,1
2026-10-07 19:32:30,PICK_COMPLETE,PKR-004,1
2026-10-07 19:32:35,PICK_COMPLETE,PKR-009,1
2026-10-07 19:32:47,PICK_COMPLETE,PKR-019,1
2026-10-07 19:32:49,PICK_COMPLETE,PKR-018,1
2026-10-07 19:32:51,PICK_COMPLETE,PKR-023,1
2026-10-07 19:32:59,PICK_COMPLETE,PKR-030,1
2026-10-07 19:33:12,PICK_COMPLETE,PKR-029,1
2026-10-07 19:33:25,RIDER_CHECKIN,RDR-053,1
2026-10-07 19:33:26,PICK_COMPLETE,PKR-025,1
2026-10-07 19:33:27,RIDER_REJECT,RDR-007,1
2026-10-07 19:33:31,PICK_COMPLETE,PKR-010,1
2026-10-07 19:33:32,PICK_COMPLETE,PKR-021,1
2026-10-07 19:33:37,PICK_COMPLETE,PKR-009,1
2026-10-07 19:33:40,PICK_COMPLETE,PKR-009,1
2026-10-07 19:33:40,PICK_COMPLETE,PKR-011,1
2026-10-07 19:33:48,PICK_COMPLETE,PKR-012,1
2026-10-07 19:33:49,RIDER_CHECKIN,RDR-013,1
2026-10-07 19:33:56,RIDER_CHECKIN,RDR-058,1
2026-10-07 19:34:03,RIDER_CHECKIN,RDR-036,1
2026-10-07 19:34:05,PICK_COMPLETE,PKR-023,1
2026-10-07 19:34:07,RIDER_CHECKIN,RDR-010,1
2026-10-07 19:34:09,PICK_COMPLETE,PKR-010,1
2026-10-07 19:34:10,RIDER_CHECKIN,RDR-013,1
2026-10-07 19:34:10,PICK_COMPLETE,PKR-019,1
2026-10-07 19:34:18,PICK_COMPLETE,PKR-031,1
2026-10-07 19:34:19,PICK_COMPLETE,PKR-003,1
2026-10-07 19:34:23,PICK_COMPLETE,PKR-017,1
2026-10-07 19:34:23,PICK_COMPLETE,PKR-009,1
2026-10-07 19:34:23,PICK_COMPLETE,PKR-006,1
2026-10-07 19:34:24,PICK_COMPLETE,PKR-025,1
2026-10-07 19:34:28,PICK_COMPLETE,PKR-025,1
2026-10-07 19:34:43,PICK_COMPLETE,PKR-015,1
2026-10-07 19:34:48,PICK_COMPLETE,PKR-029,1
2026-10-07 19:35:07,RIDER_CHECKIN,RDR-023,1
2026-10-07 19:35:12,PICK_COMPLETE,PKR-018,1
2026-10-07 19:35:13,PICK_COMPLETE,PKR-006,1
2026-10-07 19:35:14,PICK_COMPLETE,PKR-029,1
2026-10-07 19:35:16,RIDER_REJECT,RDR-030,1
2026-10-07 19:35:17,PICK_COMPLETE,PKR-024,1
2026-10-07 19:35:25,PICK_COMPLETE,PKR-016,1
2026-10-07 19:35:31,PICK_COMPLETE,PKR-031,1
2026-10-07 19:35:53,PICK_COMPLETE,PKR-023,1
2026-10-07 19:35:55,PICK_COMPLETE,PKR-026,1
2026-10-07 19:35:56,PICK_COMPLETE,PKR-011,1
2026-10-07 19:35:58,PICK_COMPLETE,PKR-031,1
2026-10-07 19:36:01,RIDER_CHECKIN,RDR-044,1
2026-10-07 19:36:08,PICK_COMPLETE,PKR-009,1
2026-10-07 19:36:13,PICK_COMPLETE,PKR-030,1
2026-10-07 19:36:16,PICK_COMPLETE,PKR-006,1
2026-10-07 19:36:23,PICK_COMPLETE,PKR-010,1
2026-10-07 19:36:30,PICK_COMPLETE,PKR-009,1
2026-10-07 19:36:33,RIDER_CHECKIN,RDR-028,1
2026-10-07 19:36:37,PICK_COMPLETE,PKR-032,1
2026-10-07 19:36:38,PICK_COMPLETE,PKR-026,1
2026-10-07 19:36:43,PICK_COMPLETE,PKR-024,1
2026-10-07 19:36:46,PICK_COMPLETE,PKR-014,1
2026-10-07 19:36:55,PICK_COMPLETE,PKR-025,1
2026-10-07 19:37:04,PICK_COMPLETE,PKR-010,1
2026-10-07 19:37:04,PICK_COMPLETE,PKR-015,1
2026-10-07 19:37:07,PICK_COMPLETE,PKR-019,1
2026-10-07 19:37:08,PICK_COMPLETE,PKR-030,1
2026-10-07 19:37:09,PICK_COMPLETE,PKR-029,1
2026-10-07 19:37:15,PICK_COMPLETE,PKR-034,1
2026-10-07 19:37:18,PICK_COMPLETE,PKR-012,1
2026-10-07 19:37:19,PICK_COMPLETE,PKR-021,1
2026-10-07 19:37:20,PICK_COMPLETE,PKR-024,1
2026-10-07 19:37:21,PICK_COMPLETE,PKR-012,1
2026-10-07 19:37:27,PICK_COMPLETE,PKR-011,1
2026-10-07 19:37:30,RIDER_CHECKIN,RDR-048,1
2026-10-07 19:37:30,PICK_COMPLETE,PKR-034,1
2026-10-07 19:37:35,PICK_COMPLETE,PKR-014,1
2026-10-07 19:37:50,PICK_COMPLETE,PKR-013,1
2026-10-07 19:37:52,RIDER_CHECKIN,RDR-006,1
2026-10-07 19:38:06,PICK_COMPLETE,PKR-024,1
2026-10-07 19:38:14,RIDER_CHECKIN,RDR-042,1
2026-10-07 19:38:15,RIDER_CHECKIN,RDR-047,1
2026-10-07 19:38:18,PICK_COMPLETE,PKR-023,1
2026-10-07 19:38:24,PICK_COMPLETE,PKR-023,1
2026-10-07 19:38:25,PICK_COMPLETE,PKR-020,1
2026-10-07 19:38:32,PICK_COMPLETE,PKR-013,1
2026-10-07 19:38:32,PICK_COMPLETE,PKR-001,1
2026-10-07 19:38:38,PICK_COMPLETE,PKR-003,1
2026-10-07 19:38:40,PICK_COMPLETE,PKR-032,1
2026-10-07 19:38:42,RIDER_CHECKIN,RDR-010,1
2026-10-07 19:38:46,PICK_COMPLETE,PKR-024,1
2026-10-07 19:38:52,PICK_COMPLETE,PKR-018,1
2026-10-07 19:38:56,PICK_COMPLETE,PKR-008,1
2026-10-07 19:38:59,PICK_COMPLETE,PKR-019,1
2026-10-07 19:39:00,PICK_COMPLETE,PKR-011,1
2026-10-07 19:39:01,RIDER_REJECT,RDR-037,1
2026-10-07 19:39:20,PICK_COMPLETE,PKR-031,1
2026-10-07 19:39:23,PICK_COMPLETE,PKR-001,1
2026-10-07 19:39:26,RIDER_CHECKIN,RDR-008,1
2026-10-07 19:39:35,PICK_COMPLETE,PKR-010,1
2026-10-07 19:39:37,PICK_COMPLETE,PKR-031,1
2026-10-07 19:39:37,PICK_COMPLETE,PKR-011,1
2026-10-07 19:39:40,PICK_COMPLETE,PKR-030,1
2026-10-07 19:39:44,PICK_COMPLETE,PKR-025,1
2026-10-07 19:39:44,RIDER_CHECKIN,RDR-019,1
2026-10-07 19:39:51,PICK_COMPLETE,PKR-030,1
2026-10-07 19:39:54,PICK_COMPLETE,PKR-019,1
2026-10-07 19:40:00,PICK_COMPLETE,PKR-024,1
2026-10-07 19:40:05,PICK_COMPLETE,PKR-009,1
2026-10-07 19:40:06,PICK_COMPLETE,PKR-010,1
2026-10-07 19:40:09,PICK_COMPLETE,PKR-021,1
2026-10-07 19:40:11,PICK_COMPLETE,PKR-005,1
2026-10-07 19:40:12,PICKER_IDLE,PKR-003,1
2026-10-07 19:40:14,PICK_COMPLETE,PKR-025,1
2026-10-07 19:40:14,PICK_COMPLETE,PKR-017,1
2026-10-07 19:40:23,RIDER_CHECKIN,RDR-056,1
2026-10-07 19:40:23,PICK_COMPLETE,PKR-032,1
2026-10-07 19:40:31,PICK_COMPLETE,PKR-014,1
2026-10-07 19:40:32,RIDER_CHECKIN,RDR-005,1
2026-10-07 19:40:33,PICK_COMPLETE,PKR-015,1
2026-10-07 19:40:44,PICK_COMPLETE,PKR-011,1
2026-10-07 19:40:44,PICK_COMPLETE,PKR-017,1
2026-10-07 19:40:53,PICK_COMPLETE,PKR-020,1
2026-10-07 19:40:58,PICK_COMPLETE,PKR-010,1
2026-10-07 19:40:59,PICK_COMPLETE,PKR-006,1
2026-10-07 19:40:59,RIDER_REJECT,RDR-057,1
2026-10-07 19:41:00,RIDER_CHECKIN,RDR-025,1
2026-10-07 19:41:01,RIDER_CHECKIN,RDR-018,1
2026-10-07 19:41:13,PICK_COMPLETE,PKR-018,1
2026-10-07 19:41:17,PICK_COMPLETE,PKR-018,1
2026-10-07 19:41:20,PICK_COMPLETE,PKR-020,1
2026-10-07 19:41:26,PICK_COMPLETE,PKR-006,1
2026-10-07 19:41:32,PICK_COMPLETE,PKR-003,1
2026-10-07 19:41:33,RIDER_REJECT,RDR-016,1
2026-10-07 19:41:37,PICK_COMPLETE,PKR-026,1
2026-10-07 19:41:44,PICK_COMPLETE,PKR-026,1
2026-10-07 19:41:45,PICK_COMPLETE,PKR-013,1
2026-10-07 19:41:47,PICK_COMPLETE,PKR-015,1
2026-10-07 19:41:47,PICK_COMPLETE,PKR-018,1
2026-10-07 19:41:49,PICK_COMPLETE,PKR-028,1
2026-10-07 19:41:51,PICK_COMPLETE,PKR-012,1
2026-10-07 19:41:51,PICK_COMPLETE,PKR-032,1
2026-10-07 19:41:54,PICKER_IDLE,PKR-034,1
2026-10-07 19:41:55,PICK_COMPLETE,PKR-031,1
2026-10-07 19:41:57,PICK_COMPLETE,PKR-008,1
2026-10-07 19:42:04,PICK_COMPLETE,PKR-011,1
2026-10-07 19:42:05,PICK_COMPLETE,PKR-026,1
2026-10-07 19:42:06,RIDER_CHECKIN,RDR-023,1
2026-10-07 19:42:18,PICK_COMPLETE,PKR-023,1
2026-10-07 19:42:19,PICK_COMPLETE,PKR-015,1
2026-10-07 19:42:26,PICK_COMPLETE,PKR-013,1
2026-10-07 19:42:27,PICK_COMPLETE,PKR-026,1
2026-10-07 19:42:34,PICK_COMPLETE,PKR-029,1
2026-10-07 19:42:36,PICK_COMPLETE,PKR-014,1
2026-10-07 19:42:41,PICK_COMPLETE,PKR-029,1
2026-10-07 19:42:42,PICK_COMPLETE,PKR-011,1
2026-10-07 19:42:42,PICK_COMPLETE,PKR-014,1
2026-10-07 19:42:47,PICK_COMPLETE,PKR-022,1
2026-10-07 19:42:57,RIDER_REJECT,RDR-024,1
2026-10-07 19:43:03,RIDER_CHECKIN,RDR-051,1
2026-10-07 19:43:07,PICK_COMPLETE,PKR-029,1
2026-10-07 19:43:15,PICK_COMPLETE,PKR-017,1
2026-10-07 19:43:16,PICK_COMPLETE,PKR-005,1
2026-10-07 19:43:28,PICK_COMPLETE,PKR-033,1
2026-10-07 19:43:32,PICK_COMPLETE,PKR-003,1
2026-10-07 19:43:37,PICK_COMPLETE,PKR-018,1
2026-10-07 19:43:42,PICK_COMPLETE,PKR-030,1
2026-10-07 19:43:47,PICK_COMPLETE,PKR-032,1
2026-10-07 19:43:48,PICK_COMPLETE,PKR-025,1
2026-10-07 19:43:49,PICK_COMPLETE,PKR-017,1
2026-10-07 19:43:52,RIDER_CHECKIN,RDR-048,1
2026-10-07 19:43:53,RIDER_CHECKIN,RDR-014,1
2026-10-07 19:43:55,PICK_COMPLETE,PKR-015,1
2026-10-07 19:44:02,PICK_COMPLETE,PKR-011,1
2026-10-07 19:44:03,PICK_COMPLETE,PKR-017,1
2026-10-07 19:44:04,PICK_COMPLETE,PKR-029,1
2026-10-07 19:44:06,PICK_COMPLETE,PKR-013,1
2026-10-07 19:44:08,PICK_COMPLETE,PKR-023,1
2026-10-07 19:44:11,PICK_COMPLETE,PKR-023,1
2026-10-07 19:44:13,PICK_COMPLETE,PKR-025,1
2026-10-07 19:44:29,RIDER_CHECKIN,RDR-031,1
2026-10-07 19:44:32,PICK_COMPLETE,PKR-028,1
2026-10-07 19:44:35,PICK_COMPLETE,PKR-033,1
2026-10-07 19:44:53,PICK_COMPLETE,PKR-013,1
2026-10-07 19:44:53,PICK_COMPLETE,PKR-033,1
2026-10-07 19:45:01,PICK_COMPLETE,PKR-018,1
2026-10-07 19:45:01,PICK_COMPLETE,PKR-026,1
2026-10-07 19:45:06,PICK_COMPLETE,PKR-014,1
2026-10-07 19:45:10,PICK_COMPLETE,PKR-003,1
2026-10-07 19:45:16,PICK_COMPLETE,PKR-029,1
2026-10-07 19:45:31,RIDER_CHECKIN,RDR-036,1
2026-10-07 19:45:33,PICK_COMPLETE,PKR-028,1
2026-10-07 19:45:34,PICK_COMPLETE,PKR-001,1
2026-10-07 19:45:42,PICK_COMPLETE,PKR-021,1
2026-10-07 19:45:42,PICK_COMPLETE,PKR-032,1
2026-10-07 19:45:43,PICK_COMPLETE,PKR-027,1
2026-10-07 19:45:47,PICK_COMPLETE,PKR-008,1
2026-10-07 19:45:50,PICK_COMPLETE,PKR-023,1
2026-10-07 19:45:52,PICK_COMPLETE,PKR-006,1
2026-10-07 19:45:55,PICK_COMPLETE,PKR-014,1
2026-10-07 19:45:57,PICK_COMPLETE,PKR-011,1
2026-10-07 19:46:04,PICK_COMPLETE,PKR-027,1
2026-10-07 19:46:13,PICK_COMPLETE,PKR-002,1
2026-10-07 19:46:13,PICK_COMPLETE,PKR-019,1
2026-10-07 19:46:17,RIDER_CHECKIN,RDR-014,1
2026-10-07 19:46:26,RIDER_CHECKIN,RDR-015,1
2026-10-07 19:46:26,PICK_COMPLETE,PKR-009,1
2026-10-07 19:46:28,PICK_COMPLETE,PKR-024,1
2026-10-07 19:46:30,PICK_COMPLETE,PKR-029,1
2026-10-07 19:46:39,PICK_COMPLETE,PKR-020,1
2026-10-07 19:46:43,RIDER_CHECKIN,RDR-035,1
2026-10-07 19:46:45,PICK_COMPLETE,PKR-007,1
2026-10-07 19:46:48,PICK_COMPLETE,PKR-008,1
2026-10-07 19:46:50,PICK_COMPLETE,PKR-020,1
2026-10-07 19:46:58,PICK_COMPLETE,PKR-021,1
2026-10-07 19:47:04,PICK_COMPLETE,PKR-011,1
2026-10-07 19:47:11,RIDER_CHECKIN,RDR-016,1
2026-10-07 19:47:12,PICK_COMPLETE,PKR-033,1
2026-10-07 19:47:18,PICK_COMPLETE,PKR-029,1
2026-10-07 19:47:26,PICK_COMPLETE,PKR-003,1
2026-10-07 19:47:31,PICK_COMPLETE,PKR-011,1
2026-10-07 19:47:40,PICK_COMPLETE,PKR-015,1
2026-10-07 19:47:44,PICK_COMPLETE,PKR-021,1
2026-10-07 19:47:46,PICK_COMPLETE,PKR-030,1
2026-10-07 19:47:51,RIDER_CHECKIN,RDR-033,1
2026-10-07 19:47:53,PICK_COMPLETE,PKR-031,1
2026-10-07 19:47:54,RIDER_CHECKIN,RDR-042,1
2026-10-07 19:48:00,PICK_COMPLETE,PKR-029,1
2026-10-07 19:48:07,PICK_COMPLETE,PKR-008,1
2026-10-07 19:48:08,PICK_COMPLETE,PKR-004,1
2026-10-07 19:48:09,PICK_COMPLETE,PKR-001,1
2026-10-07 19:48:14,PICK_COMPLETE,PKR-012,1
2026-10-07 19:48:16,PICK_COMPLETE,PKR-008,1
2026-10-07 19:48:17,PICK_COMPLETE,PKR-018,1
2026-10-07 19:48:22,PICK_COMPLETE,PKR-021,1
2026-10-07 19:48:23,PICKER_IDLE,PKR-012,1
2026-10-07 19:48:30,PICK_COMPLETE,PKR-030,1
2026-10-07 19:48:34,PICK_COMPLETE,PKR-004,1
2026-10-07 19:48:37,PICK_COMPLETE,PKR-032,1
2026-10-07 19:48:40,PICK_COMPLETE,PKR-012,1
2026-10-07 19:48:44,PICK_COMPLETE,PKR-031,1
2026-10-07 19:48:50,PICK_COMPLETE,PKR-026,1
2026-10-07 19:48:53,RIDER_CHECKIN,RDR-055,1
2026-10-07 19:49:00,PICK_COMPLETE,PKR-030,1
2026-10-07 19:49:03,RIDER_CHECKIN,RDR-039,1
2026-10-07 19:49:08,PICK_COMPLETE,PKR-030,1
2026-10-07 19:49:10,PICK_COMPLETE,PKR-002,1
2026-10-07 19:49:10,PICK_COMPLETE,PKR-025,1
2026-10-07 19:49:15,PICK_COMPLETE,PKR-026,1
2026-10-07 19:49:28,PICK_COMPLETE,PKR-027,1
2026-10-07 19:49:30,PICK_COMPLETE,PKR-012,1
2026-10-07 19:49:32,PICK_COMPLETE,PKR-034,1
2026-10-07 19:49:32,PICK_COMPLETE,PKR-031,1
2026-10-07 19:49:41,PICK_COMPLETE,PKR-028,1
2026-10-07 19:49:52,PICK_COMPLETE,PKR-007,1
2026-10-07 19:49:55,PICK_COMPLETE,PKR-014,1
2026-10-07 19:49:56,PICK_COMPLETE,PKR-011,1
2026-10-07 19:49:56,PICK_COMPLETE,PKR-002,1
2026-10-07 19:49:57,PICK_COMPLETE,PKR-023,1
2026-10-07 19:50:00,RIDER_CHECKIN,RDR-026,1
2026-10-07 19:50:04,PICK_COMPLETE,PKR-028,1
2026-10-07 19:50:08,PICK_COMPLETE,PKR-012,1
2026-10-07 19:50:10,RIDER_CHECKIN,RDR-014,1
2026-10-07 19:50:15,RIDER_CHECKIN,RDR-037,1
2026-10-07 19:50:15,PICK_COMPLETE,PKR-004,1
2026-10-07 19:50:16,PICK_COMPLETE,PKR-015,1
2026-10-07 19:50:19,PICK_COMPLETE,PKR-029,1
2026-10-07 19:50:23,PICK_COMPLETE,PKR-006,1
2026-10-07 19:50:23,PICK_COMPLETE,PKR-022,1
2026-10-07 19:50:25,PICK_COMPLETE,PKR-007,1
2026-10-07 19:50:31,PICK_COMPLETE,PKR-007,1
2026-10-07 19:50:34,PICK_COMPLETE,PKR-023,1
2026-10-07 19:50:41,PICK_COMPLETE,PKR-018,1
2026-10-07 19:50:51,RIDER_REJECT,RDR-044,1
2026-10-07 19:50:59,PICK_COMPLETE,PKR-004,1
2026-10-07 19:51:05,PICK_COMPLETE,PKR-009,1
2026-10-07 19:51:06,PICK_COMPLETE,PKR-005,1
2026-10-07 19:51:07,PICK_COMPLETE,PKR-032,1
2026-10-07 19:51:17,PICK_COMPLETE,PKR-031,1
2026-10-07 19:51:25,PICK_COMPLETE,PKR-003,1
2026-10-07 19:51:28,PICK_COMPLETE,PKR-007,1
2026-10-07 19:51:30,PICK_COMPLETE,PKR-026,1
2026-10-07 19:51:35,RIDER_CHECKIN,RDR-004,1
2026-10-07 19:51:38,PICK_COMPLETE,PKR-027,1
2026-10-07 19:51:51,PICK_COMPLETE,PKR-032,1
2026-10-07 19:51:56,PICK_COMPLETE,PKR-034,1
2026-10-07 19:52:01,PICK_COMPLETE,PKR-015,1
2026-10-07 19:52:08,PICK_COMPLETE,PKR-006,1
2026-10-07 19:52:09,PICK_COMPLETE,PKR-028,1
2026-10-07 19:52:16,PICK_COMPLETE,PKR-030,1
2026-10-07 19:52:22,PICK_COMPLETE,PKR-003,1
2026-10-07 19:52:23,PICK_COMPLETE,PKR-010,1
2026-10-07 19:52:39,PICK_COMPLETE,PKR-030,1
2026-10-07 19:52:45,PICK_COMPLETE,PKR-016,1
2026-10-07 19:52:46,PICK_COMPLETE,PKR-016,1
2026-10-07 19:52:52,PICK_COMPLETE,PKR-034,1
2026-10-07 19:52:52,RIDER_CHECKIN,RDR-017,1
2026-10-07 19:52:53,PICK_COMPLETE,PKR-034,1
2026-10-07 19:52:55,PICK_COMPLETE,PKR-020,1
2026-10-07 19:52:56,PICK_COMPLETE,PKR-006,1
2026-10-07 19:52:56,PICK_COMPLETE,PKR-008,1
2026-10-07 19:52:57,PICK_COMPLETE,PKR-007,1
2026-10-07 19:53:00,RIDER_CHECKIN,RDR-019,1
2026-10-07 19:53:00,PICK_COMPLETE,PKR-028,1
2026-10-07 19:53:02,PICK_COMPLETE,PKR-024,1
2026-10-07 19:53:03,PICK_COMPLETE,PKR-004,1
2026-10-07 19:53:05,RIDER_CHECKIN,RDR-054,1
2026-10-07 19:53:16,PICK_COMPLETE,PKR-022,1
2026-10-07 19:53:25,RIDER_CHECKIN,RDR-008,1
2026-10-07 19:53:30,PICK_COMPLETE,PKR-011,1
2026-10-07 19:53:36,PICK_COMPLETE,PKR-016,1
2026-10-07 19:53:41,PICK_COMPLETE,PKR-001,1
2026-10-07 19:53:56,PICK_COMPLETE,PKR-009,1
2026-10-07 19:53:56,PICK_COMPLETE,PKR-007,1
2026-10-07 19:53:58,PICK_COMPLETE,PKR-013,1
2026-10-07 19:54:00,PICK_COMPLETE,PKR-031,1
2026-10-07 19:54:00,PICK_COMPLETE,PKR-033,1
2026-10-07 19:54:02,PICK_COMPLETE,PKR-009,1
2026-10-07 19:54:04,RIDER_CHECKIN,RDR-056,1
2026-10-07 19:54:18,PICK_COMPLETE,PKR-008,1
2026-10-07 19:54:25,RIDER_CHECKIN,RDR-050,1
2026-10-07 19:54:27,PICK_COMPLETE,PKR-027,1
2026-10-07 19:54:35,PICK_COMPLETE,PKR-033,1
2026-10-07 19:54:36,PICK_COMPLETE,PKR-015,1
2026-10-07 19:54:36,PICK_COMPLETE,PKR-001,1
2026-10-07 19:54:53,PICK_COMPLETE,PKR-032,1
2026-10-07 19:54:56,PICK_COMPLETE,PKR-023,1
2026-10-07 19:55:01,PICK_COMPLETE,PKR-024,1
2026-10-07 19:55:14,PICK_COMPLETE,PKR-008,1
2026-10-07 19:55:15,PICK_COMPLETE,PKR-022,1
2026-10-07 19:55:17,PICK_COMPLETE,PKR-025,1
2026-10-07 19:55:21,PICK_COMPLETE,PKR-028,1
2026-10-07 19:55:21,RIDER_CHECKIN,RDR-043,1
2026-10-07 19:55:23,PICK_COMPLETE,PKR-003,1
2026-10-07 19:55:32,PICK_COMPLETE,PKR-030,1
2026-10-07 19:55:33,PICK_COMPLETE,PKR-009,1
2026-10-07 19:55:39,RIDER_CHECKIN,RDR-004,1
2026-10-07 19:55:47,PICK_COMPLETE,PKR-030,1
2026-10-07 19:55:52,RIDER_CHECKIN,RDR-018,1
2026-10-07 19:55:53,PICK_COMPLETE,PKR-016,1
2026-10-07 19:56:00,RIDER_CHECKIN,RDR-017,1
2026-10-07 19:56:05,RIDER_CHECKIN,RDR-037,1
2026-10-07 19:56:07,PICK_COMPLETE,PKR-022,1
2026-10-07 19:56:10,PICK_COMPLETE,PKR-017,1
2026-10-07 19:56:16,PICK_COMPLETE,PKR-014,1
2026-10-07 19:56:17,PICK_COMPLETE,PKR-021,1
2026-10-07 19:56:19,PICK_COMPLETE,PKR-016,1
2026-10-07 19:56:22,PICK_COMPLETE,PKR-003,1
2026-10-07 19:56:30,PICK_COMPLETE,PKR-010,1
2026-10-07 19:56:38,PICK_COMPLETE,PKR-020,1
2026-10-07 19:56:41,PICK_COMPLETE,PKR-032,1
2026-10-07 19:56:47,PICK_COMPLETE,PKR-004,1
2026-10-07 19:56:55,PICK_COMPLETE,PKR-019,1
2026-10-07 19:57:05,PICK_COMPLETE,PKR-002,1
2026-10-07 19:57:06,PICK_COMPLETE,PKR-025,1
2026-10-07 19:57:07,PICK_COMPLETE,PKR-001,1
2026-10-07 19:57:07,PICK_COMPLETE,PKR-006,1
2026-10-07 19:57:08,PICK_COMPLETE,PKR-010,1
2026-10-07 19:57:09,PICK_COMPLETE,PKR-019,1
2026-10-07 19:57:11,PICK_COMPLETE,PKR-018,1
2026-10-07 19:57:12,PICK_COMPLETE,PKR-017,1
2026-10-07 19:57:13,PICK_COMPLETE,PKR-012,1
2026-10-07 19:57:14,PICK_COMPLETE,PKR-031,1
2026-10-07 19:57:18,RIDER_CHECKIN,RDR-044,1
2026-10-07 19:57:22,PICK_COMPLETE,PKR-019,1
2026-10-07 19:57:43,RIDER_CHECKIN,RDR-017,1
2026-10-07 19:57:54,RIDER_CHECKIN,RDR-028,1
2026-10-07 19:57:57,PICK_COMPLETE,PKR-034,1
2026-10-07 19:58:00,PICK_COMPLETE,PKR-019,1
2026-10-07 19:58:05,PICK_COMPLETE,PKR-009,1
2026-10-07 19:58:10,PICK_COMPLETE,PKR-023,1
2026-10-07 19:58:17,PICK_COMPLETE,PKR-031,1
2026-10-07 19:58:18,PICK_COMPLETE,PKR-021,1
2026-10-07 19:58:19,PICK_COMPLETE,PKR-006,1
2026-10-07 19:58:23,PICK_COMPLETE,PKR-013,1
2026-10-07 19:58:26,PICK_COMPLETE,PKR-017,1
2026-10-07 19:58:28,PICK_COMPLETE,PKR-032,1
2026-10-07 19:58:33,PICK_COMPLETE,PKR-027,1
2026-10-07 19:58:33,PICK_COMPLETE,PKR-005,1
2026-10-07 19:58:40,RIDER_CHECKIN,RDR-045,1
2026-10-07 19:58:58,PICK_COMPLETE,PKR-003,1
2026-10-07 19:59:01,PICK_COMPLETE,PKR-013,1
2026-10-07 19:59:11,PICK_COMPLETE,PKR-031,1
2026-10-07 19:59:13,PICK_COMPLETE,PKR-022,1
2026-10-07 19:59:15,PICK_COMPLETE,PKR-003,1
2026-10-07 19:59:20,RIDER_CHECKIN,RDR-017,1
2026-10-07 19:59:28,RIDER_CHECKIN,RDR-015,1
2026-10-07 19:59:43,PICK_COMPLETE,PKR-030,1
2026-10-07 19:59:48,PICK_COMPLETE,PKR-027,1
2026-10-07 19:59:49,PICK_COMPLETE,PKR-031,1
2026-10-07 19:59:54,PICK_COMPLETE,PKR-026,1
2026-10-07 20:00:07,PICK_COMPLETE,PKR-034,1
2026-10-07 20:00:14,PICK_COMPLETE,PKR-017,1
2026-10-07 20:00:17,PICK_COMPLETE,PKR-027,1
2026-10-07 20:00:19,PICK_COMPLETE,PKR-028,1
2026-10-07 20:00:20,PICK_COMPLETE,PKR-027,1
2026-10-07 20:00:25,PICK_COMPLETE,PKR-004,1
2026-10-07 20:00:26,RIDER_CHECKIN,RDR-005,1
2026-10-07 20:00:31,PICK_COMPLETE,PKR-013,1
2026-10-07 20:00:31,RIDER_CHECKIN,RDR-044,1
2026-10-07 20:00:46,RIDER_CHECKIN,RDR-050,1
2026-10-07 20:00:49,PICK_COMPLETE,PKR-026,1
2026-10-07 20:00:53,PICK_COMPLETE,PKR-016,1
2026-10-07 20:00:56,PICK_COMPLETE,PKR-005,1
2026-10-07 20:00:57,PICK_COMPLETE,PKR-011,1
2026-10-07 20:01:06,PICK_COMPLETE,PKR-021,1
2026-10-07 20:01:07,PICK_COMPLETE,PKR-025,1
2026-10-07 20:01:24,PICK_COMPLETE,PKR-026,1
2026-10-07 20:01:24,PICK_COMPLETE,PKR-029,1
2026-10-07 20:01:25,PICK_COMPLETE,PKR-030,1
2026-10-07 20:01:25,PICK_COMPLETE,PKR-010,1
2026-10-07 20:01:29,PICK_COMPLETE,PKR-024,1
2026-10-07 20:01:29,PICK_COMPLETE,PKR-027,1
2026-10-07 20:01:30,PICK_COMPLETE,PKR-006,1
2026-10-07 20:01:34,PICK_COMPLETE,PKR-016,1
2026-10-07 20:01:36,PICK_COMPLETE,PKR-005,1
2026-10-07 20:01:37,PICKER_IDLE,PKR-019,1
2026-10-07 20:01:38,PICK_COMPLETE,PKR-020,1
2026-10-07 20:01:39,RIDER_CHECKIN,RDR-006,1
2026-10-07 20:01:47,PICK_COMPLETE,PKR-012,1
2026-10-07 20:01:52,PICK_COMPLETE,PKR-006,1
2026-10-07 20:02:01,PICK_COMPLETE,PKR-015,1
2026-10-07 20:02:02,RIDER_CHECKIN,RDR-036,1
2026-10-07 20:02:08,PICK_COMPLETE,PKR-003,1
2026-10-07 20:02:08,PICK_COMPLETE,PKR-005,1
2026-10-07 20:02:14,RIDER_CHECKIN,RDR-001,1
2026-10-07 20:02:15,PICK_COMPLETE,PKR-027,1
2026-10-07 20:02:15,PICK_COMPLETE,PKR-007,1
2026-10-07 20:02:26,PICK_COMPLETE,PKR-002,1
2026-10-07 20:02:28,PICK_COMPLETE,PKR-020,1
2026-10-07 20:02:29,PICK_COMPLETE,PKR-025,1
2026-10-07 20:02:38,PICK_COMPLETE,PKR-027,1
2026-10-07 20:02:51,RIDER_CHECKIN,RDR-027,1
2026-10-07 20:02:52,PICK_COMPLETE,PKR-008,1
2026-10-07 20:03:01,PICK_COMPLETE,PKR-021,1
2026-10-07 20:03:02,PICK_COMPLETE,PKR-019,1
2026-10-07 20:03:04,RIDER_CHECKIN,RDR-027,1
2026-10-07 20:03:18,PICK_COMPLETE,PKR-023,1
2026-10-07 20:03:28,PICKER_IDLE,PKR-026,1
2026-10-07 20:03:37,RIDER_CHECKIN,RDR-005,1
2026-10-07 20:03:42,RIDER_CHECKIN,RDR-035,1
2026-10-07 20:03:44,PICK_COMPLETE,PKR-021,1
2026-10-07 20:03:45,PICK_COMPLETE,PKR-013,1
2026-10-07 20:03:45,PICK_COMPLETE,PKR-021,1
2026-10-07 20:03:51,PICK_COMPLETE,PKR-013,1
2026-10-07 20:03:58,PICK_COMPLETE,PKR-027,1
2026-10-07 20:03:58,PICK_COMPLETE,PKR-004,1
2026-10-07 20:04:03,RIDER_CHECKIN,RDR-049,1
2026-10-07 20:04:06,PICK_COMPLETE,PKR-033,1
2026-10-07 20:04:08,PICKER_IDLE,PKR-002,1
2026-10-07 20:04:23,RIDER_CHECKIN,RDR-052,1
2026-10-07 20:04:28,PICK_COMPLETE,PKR-023,1
2026-10-07 20:04:31,PICK_COMPLETE,PKR-010,1
2026-10-07 20:04:39,PICK_COMPLETE,PKR-002,1
2026-10-07 20:04:47,PICK_COMPLETE,PKR-010,1
2026-10-07 20:04:50,PICK_COMPLETE,PKR-001,1
2026-10-07 20:04:54,PICK_COMPLETE,PKR-002,1
2026-10-07 20:04:56,PICK_COMPLETE,PKR-020,1
2026-10-07 20:05:01,PICK_COMPLETE,PKR-025,1
2026-10-07 20:05:11,PICK_COMPLETE,PKR-025,1
2026-10-07 20:05:12,PICK_COMPLETE,PKR-006,1
2026-10-07 20:05:12,RIDER_CHECKIN,RDR-051,1
2026-10-07 20:05:14,PICK_COMPLETE,PKR-011,1
2026-10-07 20:05:23,PICK_COMPLETE,PKR-003,1
2026-10-07 20:05:26,PICK_COMPLETE,PKR-024,1
2026-10-07 20:05:28,PICK_COMPLETE,PKR-021,1
2026-10-07 20:05:29,PICK_COMPLETE,PKR-030,1
2026-10-07 20:05:30,PICK_COMPLETE,PKR-028,1
2026-10-07 20:05:31,PICK_COMPLETE,PKR-029,1
2026-10-07 20:05:31,RIDER_CHECKIN,RDR-002,1
2026-10-07 20:05:38,PICK_COMPLETE,PKR-024,1
2026-10-07 20:05:38,PICK_COMPLETE,PKR-032,1
2026-10-07 20:05:41,RIDER_CHECKIN,RDR-020,1
2026-10-07 20:05:52,PICK_COMPLETE,PKR-021,1
2026-10-07 20:06:01,RIDER_CHECKIN,RDR-034,1
2026-10-07 20:06:08,PICK_COMPLETE,PKR-007,1
2026-10-07 20:06:19,PICK_COMPLETE,PKR-021,1
2026-10-07 20:06:27,PICK_COMPLETE,PKR-011,1
2026-10-07 20:06:27,PICK_COMPLETE,PKR-017,1
2026-10-07 20:06:32,PICK_COMPLETE,PKR-021,1
2026-10-07 20:06:33,PICK_COMPLETE,PKR-009,1
2026-10-07 20:06:46,PICK_COMPLETE,PKR-024,1
2026-10-07 20:06:49,PICK_COMPLETE,PKR-034,1
2026-10-07 20:06:50,PICK_COMPLETE,PKR-017,1
2026-10-07 20:06:56,PICK_COMPLETE,PKR-015,1
2026-10-07 20:07:01,PICK_COMPLETE,PKR-005,1
2026-10-07 20:07:03,PICK_COMPLETE,PKR-020,1
2026-10-07 20:07:13,PICK_COMPLETE,PKR-011,1
2026-10-07 20:07:19,PICK_COMPLETE,PKR-019,1
2026-10-07 20:07:24,PICK_COMPLETE,PKR-004,1
2026-10-07 20:07:28,PICK_COMPLETE,PKR-006,1
2026-10-07 20:07:31,PICK_COMPLETE,PKR-007,1
2026-10-07 20:07:38,PICK_COMPLETE,PKR-027,1
2026-10-07 20:07:39,RIDER_CHECKIN,RDR-019,1
2026-10-07 20:07:39,PICK_COMPLETE,PKR-004,1
2026-10-07 20:07:45,PICK_COMPLETE,PKR-007,1
2026-10-07 20:07:58,PICK_COMPLETE,PKR-027,1
2026-10-07 20:08:00,PICK_COMPLETE,PKR-008,1
2026-10-07 20:08:19,RIDER_CHECKIN,RDR-047,1
2026-10-07 20:08:23,PICK_COMPLETE,PKR-003,1
2026-10-07 20:08:30,RIDER_CHECKIN,RDR-027,1
2026-10-07 20:08:33,RIDER_CHECKIN,RDR-035,1
2026-10-07 20:08:35,PICK_COMPLETE,PKR-012,1
2026-10-07 20:08:40,PICK_COMPLETE,PKR-020,1
2026-10-07 20:08:42,PICK_COMPLETE,PKR-032,1
2026-10-07 20:08:51,PICK_COMPLETE,PKR-001,1
2026-10-07 20:08:52,PICK_COMPLETE,PKR-033,1
2026-10-07 20:08:54,PICK_COMPLETE,PKR-026,1
2026-10-07 20:08:56,PICK_COMPLETE,PKR-018,1
2026-10-07 20:08:59,PICK_COMPLETE,PKR-022,1
2026-10-07 20:09:15,PICK_COMPLETE,PKR-023,1
2026-10-07 20:09:17,PICK_COMPLETE,PKR-006,1
2026-10-07 20:09:19,RIDER_CHECKIN,RDR-032,1
2026-10-07 20:09:27,PICK_COMPLETE,PKR-002,1
2026-10-07 20:09:33,PICK_COMPLETE,PKR-026,1
2026-10-07 20:09:34,PICK_COMPLETE,PKR-024,1
2026-10-07 20:09:42,PICK_COMPLETE,PKR-024,1
2026-10-07 20:09:43,PICKER_IDLE,PKR-033,1
2026-10-07 20:09:43,PICK_COMPLETE,PKR-001,1
2026-10-07 20:09:55,RIDER_CHECKIN,RDR-009,1
2026-10-07 20:09:56,PICK_COMPLETE,PKR-030,1
2026-10-07 20:10:01,PICK_COMPLETE,PKR-012,1
2026-10-07 20:10:01,PICK_COMPLETE,PKR-022,1
2026-10-07 20:10:06,RIDER_CHECKIN,RDR-002,1
2026-10-07 20:10:28,PICK_COMPLETE,PKR-002,1
2026-10-07 20:10:31,PICK_COMPLETE,PKR-012,1
2026-10-07 20:10:43,RIDER_CHECKIN,RDR-043,1
2026-10-07 20:10:46,PICK_COMPLETE,PKR-029,1
2026-10-07 20:10:47,PICK_COMPLETE,PKR-014,1
2026-10-07 20:10:52,PICK_COMPLETE,PKR-029,1
2026-10-07 20:10:55,PICK_COMPLETE,PKR-005,1
2026-10-07 20:11:01,PICK_COMPLETE,PKR-032,1
2026-10-07 20:11:05,PICK_COMPLETE,PKR-003,1
2026-10-07 20:11:05,PICK_COMPLETE,PKR-031,1
2026-10-07 20:11:05,PICK_COMPLETE,PKR-024,1
2026-10-07 20:11:11,RIDER_REJECT,RDR-009,1
2026-10-07 20:11:13,PICK_COMPLETE,PKR-014,1
2026-10-07 20:11:17,PICK_COMPLETE,PKR-008,1
2026-10-07 20:11:18,PICK_COMPLETE,PKR-015,1
2026-10-07 20:11:21,RIDER_CHECKIN,RDR-007,1
2026-10-07 20:11:31,PICK_COMPLETE,PKR-010,1
2026-10-07 20:11:32,RIDER_CHECKIN,RDR-048,1
2026-10-07 20:11:34,PICK_COMPLETE,PKR-006,1
2026-10-07 20:11:36,PICK_COMPLETE,PKR-009,1
2026-10-07 20:11:38,PICK_COMPLETE,PKR-030,1
2026-10-07 20:11:41,PICK_COMPLETE,PKR-019,1
2026-10-07 20:11:43,PICK_COMPLETE,PKR-001,1
2026-10-07 20:11:45,PICK_COMPLETE,PKR-026,1
2026-10-07 20:12:03,PICK_COMPLETE,PKR-002,1
2026-10-07 20:12:03,PICK_COMPLETE,PKR-017,1
2026-10-07 20:12:17,PICK_COMPLETE,PKR-021,1
2026-10-07 20:12:24,PICK_COMPLETE,PKR-011,1
2026-10-07 20:12:33,PICK_COMPLETE,PKR-013,1
2026-10-07 20:12:37,PICK_COMPLETE,PKR-023,1
2026-10-07 20:12:39,RIDER_CHECKIN,RDR-052,1
2026-10-07 20:12:39,PICK_COMPLETE,PKR-019,1
2026-10-07 20:12:49,PICK_COMPLETE,PKR-008,1
2026-10-07 20:12:58,PICK_COMPLETE,PKR-031,1
2026-10-07 20:13:04,PICK_COMPLETE,PKR-030,1
2026-10-07 20:13:05,RIDER_CHECKIN,RDR-013,1
2026-10-07 20:13:05,PICK_COMPLETE,PKR-021,1
2026-10-07 20:13:12,PICK_COMPLETE,PKR-010,1
2026-10-07 20:13:15,PICK_COMPLETE,PKR-024,1
2026-10-07 20:13:22,PICK_COMPLETE,PKR-017,1
2026-10-07 20:13:28,PICKER_IDLE,PKR-023,1
2026-10-07 20:13:36,PICK_COMPLETE,PKR-029,1
2026-10-07 20:13:37,RIDER_CHECKIN,RDR-034,1
2026-10-07 20:13:42,RIDER_CHECKIN,RDR-033,1
2026-10-07 20:13:51,PICK_COMPLETE,PKR-032,1
2026-10-07 20:13:58,PICK_COMPLETE,PKR-001,1
2026-10-07 20:14:01,PICK_COMPLETE,PKR-032,1
2026-10-07 20:14:07,RIDER_CHECKIN,RDR-003,1
2026-10-07 20:14:12,PICK_COMPLETE,PKR-033,1
2026-10-07 20:14:14,PICK_COMPLETE,PKR-009,1
2026-10-07 20:14:23,PICK_COMPLETE,PKR-025,1
2026-10-07 20:14:23,PICK_COMPLETE,PKR-006,1
2026-10-07 20:14:25,PICK_COMPLETE,PKR-006,1
2026-10-07 20:14:31,PICK_COMPLETE,PKR-013,1
2026-10-07 20:14:40,PICK_COMPLETE,PKR-011,1
2026-10-07 20:14:48,PICK_COMPLETE,PKR-014,1
2026-10-07 20:14:49,PICK_COMPLETE,PKR-034,1
2026-10-07 20:14:53,PICK_COMPLETE,PKR-024,1
2026-10-07 20:15:03,RIDER_CHECKIN,RDR-041,1
2026-10-07 20:15:05,PICK_COMPLETE,PKR-026,1
2026-10-07 20:15:06,PICK_COMPLETE,PKR-034,1
2026-10-07 20:15:11,PICK_COMPLETE,PKR-005,1
2026-10-07 20:15:18,PICK_COMPLETE,PKR-024,1
2026-10-07 20:15:20,RIDER_CHECKIN,RDR-025,1
2026-10-07 20:15:21,PICK_COMPLETE,PKR-026,1
2026-10-07 20:15:34,PICK_COMPLETE,PKR-024,1
2026-10-07 20:15:39,PICK_COMPLETE,PKR-009,1
2026-10-07 20:15:40,PICK_COMPLETE,PKR-010,1
2026-10-07 20:15:41,PICK_COMPLETE,PKR-003,1
2026-10-07 20:15:42,PICK_COMPLETE,PKR-003,1
2026-10-07 20:15:44,PICK_COMPLETE,PKR-010,1
2026-10-07 20:15:45,PICK_COMPLETE,PKR-012,1
2026-10-07 20:15:49,PICK_COMPLETE,PKR-015,1
2026-10-07 20:15:53,PICK_COMPLETE,PKR-003,1
2026-10-07 20:15:56,PICK_COMPLETE,PKR-015,1
2026-10-07 20:16:03,PICK_COMPLETE,PKR-012,1
2026-10-07 20:16:05,PICK_COMPLETE,PKR-003,1
2026-10-07 20:16:10,RIDER_CHECKIN,RDR-027,1
2026-10-07 20:16:17,RIDER_REJECT,RDR-022,1
2026-10-07 20:16:22,PICK_COMPLETE,PKR-017,1
2026-10-07 20:16:23,PICK_COMPLETE,PKR-028,1
2026-10-07 20:16:24,PICK_COMPLETE,PKR-001,1
2026-10-07 20:16:25,PICKER_IDLE,PKR-024,1
2026-10-07 20:16:27,PICK_COMPLETE,PKR-002,1
2026-10-07 20:16:28,PICK_COMPLETE,PKR-024,1
2026-10-07 20:16:31,PICK_COMPLETE,PKR-004,1
2026-10-07 20:16:46,PICK_COMPLETE,PKR-020,1
2026-10-07 20:16:47,PICK_COMPLETE,PKR-021,1
2026-10-07 20:17:03,PICK_COMPLETE,PKR-018,1
2026-10-07 20:17:04,PICK_COMPLETE,PKR-004,1
2026-10-07 20:17:05,PICK_COMPLETE,PKR-006,1
2026-10-07 20:17:13,RIDER_CHECKIN,RDR-047,1
2026-10-07 20:17:15,RIDER_CHECKIN,RDR-007,1
2026-10-07 20:17:21,PICK_COMPLETE,PKR-028,1
2026-10-07 20:17:23,PICK_COMPLETE,PKR-033,1
2026-10-07 20:17:24,PICK_COMPLETE,PKR-021,1
2026-10-07 20:17:24,PICK_COMPLETE,PKR-002,1
2026-10-07 20:17:34,PICK_COMPLETE,PKR-003,1
2026-10-07 20:17:41,PICKER_IDLE,PKR-015,1
2026-10-07 20:17:43,PICK_COMPLETE,PKR-015,1
2026-10-07 20:18:01,PICK_COMPLETE,PKR-014,1
2026-10-07 20:18:16,PICK_COMPLETE,PKR-033,1
2026-10-07 20:18:18,PICK_COMPLETE,PKR-033,1
2026-10-07 20:18:24,RIDER_CHECKIN,RDR-024,1
2026-10-07 20:18:26,PICK_COMPLETE,PKR-019,1
2026-10-07 20:18:28,RIDER_CHECKIN,RDR-023,1
2026-10-07 20:18:32,RIDER_REJECT,RDR-027,1
2026-10-07 20:18:40,PICK_COMPLETE,PKR-006,1
2026-10-07 20:18:45,RIDER_CHECKIN,RDR-028,1
2026-10-07 20:18:46,PICK_COMPLETE,PKR-030,1
2026-10-07 20:18:47,PICK_COMPLETE,PKR-029,1
2026-10-07 20:18:59,PICK_COMPLETE,PKR-024,1
2026-10-07 20:19:05,PICK_COMPLETE,PKR-012,1
2026-10-07 20:19:13,PICK_COMPLETE,PKR-014,1
2026-10-07 20:19:20,RIDER_CHECKIN,RDR-056,1
2026-10-07 20:19:26,PICK_COMPLETE,PKR-029,1
2026-10-07 20:19:33,RIDER_CHECKIN,RDR-043,1
2026-10-07 20:19:36,PICK_COMPLETE,PKR-001,1
2026-10-07 20:19:37,PICK_COMPLETE,PKR-016,1
2026-10-07 20:19:38,PICK_COMPLETE,PKR-006,1
2026-10-07 20:19:43,PICK_COMPLETE,PKR-006,1
2026-10-07 20:19:50,PICK_COMPLETE,PKR-022,1
2026-10-07 20:20:06,PICK_COMPLETE,PKR-017,1
2026-10-07 20:20:10,PICK_COMPLETE,PKR-006,1
2026-10-07 20:20:11,PICK_COMPLETE,PKR-023,1
2026-10-07 20:20:11,PICK_COMPLETE,PKR-016,1
2026-10-07 20:20:12,PICK_COMPLETE,PKR-021,1
2026-10-07 20:20:20,PICK_COMPLETE,PKR-020,1
2026-10-07 20:20:24,PICK_COMPLETE,PKR-029,1
2026-10-07 20:20:28,PICK_COMPLETE,PKR-018,1
2026-10-07 20:20:35,RIDER_CHECKIN,RDR-019,1
2026-10-07 20:20:36,PICK_COMPLETE,PKR-008,1
2026-10-07 20:20:45,PICK_COMPLETE,PKR-004,1
2026-10-07 20:20:51,PICK_COMPLETE,PKR-018,1
2026-10-07 20:20:55,PICK_COMPLETE,PKR-034,1
2026-10-07 20:20:57,PICK_COMPLETE,PKR-021,1
2026-10-07 20:21:07,PICK_COMPLETE,PKR-015,1
2026-10-07 20:21:07,RIDER_CHECKIN,RDR-046,1
2026-10-07 20:21:07,PICK_COMPLETE,PKR-025,1
2026-10-07 20:21:14,PICK_COMPLETE,PKR-005,1
2026-10-07 20:21:19,PICK_COMPLETE,PKR-023,1
2026-10-07 20:21:21,PICK_COMPLETE,PKR-015,1
2026-10-07 20:21:23,RIDER_CHECKIN,RDR-034,1
2026-10-07 20:21:24,PICK_COMPLETE,PKR-015,1
2026-10-07 20:21:28,PICK_COMPLETE,PKR-030,1
2026-10-07 20:21:29,RIDER_CHECKIN,RDR-033,1
2026-10-07 20:21:34,PICK_COMPLETE,PKR-002,1
2026-10-07 20:21:35,PICKER_IDLE,PKR-016,1
2026-10-07 20:21:35,PICK_COMPLETE,PKR-011,1
2026-10-07 20:21:38,PICK_COMPLETE,PKR-006,1
2026-10-07 20:21:42,PICK_COMPLETE,PKR-024,1
2026-10-07 20:21:48,PICK_COMPLETE,PKR-004,1
2026-10-07 20:21:53,PICK_COMPLETE,PKR-020,1
2026-10-07 20:21:56,PICK_COMPLETE,PKR-002,1
2026-10-07 20:21:59,PICK_COMPLETE,PKR-005,1
2026-10-07 20:22:08,PICK_COMPLETE,PKR-011,1
2026-10-07 20:22:08,PICK_COMPLETE,PKR-016,1
2026-10-07 20:22:16,PICK_COMPLETE,PKR-007,1
2026-10-07 20:22:16,PICK_COMPLETE,PKR-027,1
2026-10-07 20:22:18,PICK_COMPLETE,PKR-028,1
2026-10-07 20:22:24,PICK_COMPLETE,PKR-019,1
2026-10-07 20:22:27,PICK_COMPLETE,PKR-031,1
2026-10-07 20:22:28,RIDER_CHECKIN,RDR-038,1
2026-10-07 20:22:45,PICK_COMPLETE,PKR-031,1
2026-10-07 20:22:51,PICK_COMPLETE,PKR-029,1
2026-10-07 20:22:51,RIDER_REJECT,RDR-014,1
2026-10-07 20:23:05,RIDER_CHECKIN,RDR-006,1
2026-10-07 20:23:06,PICK_COMPLETE,PKR-034,1
2026-10-07 20:23:06,PICK_COMPLETE,PKR-016,1
2026-10-07 20:23:08,RIDER_CHECKIN,RDR-005,1
2026-10-07 20:23:21,PICK_COMPLETE,PKR-033,1
2026-10-07 20:23:29,PICK_COMPLETE,PKR-011,1
2026-10-07 20:23:31,PICK_COMPLETE,PKR-015,1
2026-10-07 20:23:34,PICK_COMPLETE,PKR-034,1
2026-10-07 20:23:38,PICK_COMPLETE,PKR-021,1
2026-10-07 20:23:39,PICK_COMPLETE,PKR-013,1
2026-10-07 20:23:39,RIDER_CHECKIN,RDR-017,1
2026-10-07 20:23:41,PICK_COMPLETE,PKR-026,1
2026-10-07 20:23:42,PICK_COMPLETE,PKR-029,1
2026-10-07 20:23:46,PICK_COMPLETE,PKR-006,1
2026-10-07 20:23:46,PICK_COMPLETE,PKR-003,1
2026-10-07 20:23:48,PICK_COMPLETE,PKR-028,1
2026-10-07 20:23:52,PICK_COMPLETE,PKR-012,1
2026-10-07 20:23:54,PICK_COMPLETE,PKR-021,1
2026-10-07 20:23:59,RIDER_REJECT,RDR-042,1
2026-10-07 20:24:13,PICK_COMPLETE,PKR-012,1
2026-10-07 20:24:15,PICK_COMPLETE,PKR-028,1
2026-10-07 20:24:21,PICK_COMPLETE,PKR-023,1
2026-10-07 20:24:26,PICK_COMPLETE,PKR-021,1
2026-10-07 20:24:30,PICK_COMPLETE,PKR-011,1
2026-10-07 20:24:35,PICK_COMPLETE,PKR-029,1
2026-10-07 20:24:37,PICK_COMPLETE,PKR-033,1
2026-10-07 20:24:45,PICK_COMPLETE,PKR-015,1
2026-10-07 20:24:45,RIDER_CHECKIN,RDR-048,1
2026-10-07 20:24:47,PICK_COMPLETE,PKR-002,1
2026-10-07 20:24:54,PICK_COMPLETE,PKR-002,1
2026-10-07 20:24:59,PICK_COMPLETE,PKR-028,1
2026-10-07 20:25:04,PICK_COMPLETE,PKR-030,1
2026-10-07 20:25:04,PICK_COMPLETE,PKR-027,1
2026-10-07 20:25:04,PICK_COMPLETE,PKR-008,1
2026-10-07 20:25:07,PICK_COMPLETE,PKR-032,1
2026-10-07 20:25:07,PICK_COMPLETE,PKR-034,1
2026-10-07 20:25:14,PICK_COMPLETE,PKR-001,1
2026-10-07 20:25:17,PICK_COMPLETE,PKR-016,1
2026-10-07 20:25:19,PICK_COMPLETE,PKR-023,1
2026-10-07 20:25:21,PICK_COMPLETE,PKR-008,1
2026-10-07 20:25:24,PICK_COMPLETE,PKR-015,1
2026-10-07 20:25:26,RIDER_CHECKIN,RDR-021,1
2026-10-07 20:25:28,PICK_COMPLETE,PKR-009,1
2026-10-07 20:25:41,PICK_COMPLETE,PKR-024,1
2026-10-07 20:25:44,PICK_COMPLETE,PKR-016,1
2026-10-07 20:25:45,PICK_COMPLETE,PKR-032,1
2026-10-07 20:25:55,PICK_COMPLETE,PKR-011,1
2026-10-07 20:26:14,PICK_COMPLETE,PKR-034,1
2026-10-07 20:26:16,RIDER_CHECKIN,RDR-039,1
2026-10-07 20:26:17,PICK_COMPLETE,PKR-033,1
2026-10-07 20:26:22,PICK_COMPLETE,PKR-001,1
2026-10-07 20:26:25,PICK_COMPLETE,PKR-030,1
2026-10-07 20:26:26,PICK_COMPLETE,PKR-024,1
2026-10-07 20:26:29,PICK_COMPLETE,PKR-029,1
2026-10-07 20:26:36,PICK_COMPLETE,PKR-009,1
2026-10-07 20:26:41,PICK_COMPLETE,PKR-022,1
2026-10-07 20:26:43,PICK_COMPLETE,PKR-033,1
2026-10-07 20:26:43,PICK_COMPLETE,PKR-021,1
2026-10-07 20:26:49,PICK_COMPLETE,PKR-022,1
2026-10-07 20:26:57,PICK_COMPLETE,PKR-023,1
2026-10-07 20:27:08,PICK_COMPLETE,PKR-014,1
2026-10-07 20:27:09,PICK_COMPLETE,PKR-002,1
2026-10-07 20:27:19,PICK_COMPLETE,PKR-023,1
2026-10-07 20:27:22,PICK_COMPLETE,PKR-016,1
2026-10-07 20:27:34,PICK_COMPLETE,PKR-017,1
2026-10-07 20:27:35,PICK_COMPLETE,PKR-023,1
2026-10-07 20:27:36,PICK_COMPLETE,PKR-010,1
2026-10-07 20:27:37,PICK_COMPLETE,PKR-009,1
2026-10-07 20:27:40,PICK_COMPLETE,PKR-026,1
2026-10-07 20:27:44,PICK_COMPLETE,PKR-013,1
2026-10-07 20:27:44,PICK_COMPLETE,PKR-029,1
2026-10-07 20:27:49,PICK_COMPLETE,PKR-021,1
2026-10-07 20:27:49,PICK_COMPLETE,PKR-008,1
2026-10-07 20:27:56,RIDER_CHECKIN,RDR-019,1
2026-10-07 20:28:03,PICK_COMPLETE,PKR-027,1
2026-10-07 20:28:05,RIDER_CHECKIN,RDR-016,1
2026-10-07 20:28:07,PICK_COMPLETE,PKR-017,1
2026-10-07 20:28:16,PICK_COMPLETE,PKR-008,1
2026-10-07 20:28:34,PICK_COMPLETE,PKR-013,1
2026-10-07 20:28:35,PICK_COMPLETE,PKR-020,1
2026-10-07 20:28:37,PICK_COMPLETE,PKR-011,1
2026-10-07 20:28:39,PICK_COMPLETE,PKR-034,1
2026-10-07 20:28:50,PICK_COMPLETE,PKR-005,1
2026-10-07 20:28:53,PICK_COMPLETE,PKR-007,1
2026-10-07 20:29:04,PICK_COMPLETE,PKR-031,1
2026-10-07 20:29:04,PICK_COMPLETE,PKR-012,1
2026-10-07 20:29:06,PICK_COMPLETE,PKR-019,1
2026-10-07 20:29:09,PICK_COMPLETE,PKR-020,1
2026-10-07 20:29:14,RIDER_CHECKIN,RDR-035,1
2026-10-07 20:29:20,RIDER_CHECKIN,RDR-005,1
2026-10-07 20:29:24,PICK_COMPLETE,PKR-024,1
2026-10-07 20:29:28,RIDER_CHECKIN,RDR-027,1
2026-10-07 20:29:47,PICK_COMPLETE,PKR-004,1
2026-10-07 20:29:55,PICK_COMPLETE,PKR-012,1
2026-10-07 20:29:59,PICK_COMPLETE,PKR-006,1
2026-10-07 20:30:05,RIDER_CHECKIN,RDR-007,1
2026-10-07 20:30:07,PICK_COMPLETE,PKR-014,1
2026-10-07 20:30:08,RIDER_CHECKIN,RDR-035,1
2026-10-07 20:30:09,PICK_COMPLETE,PKR-010,1
2026-10-07 20:30:11,PICK_COMPLETE,PKR-010,1
2026-10-07 20:30:17,PICK_COMPLETE,PKR-008,1
2026-10-07 20:30:19,PICK_COMPLETE,PKR-013,1
2026-10-07 20:30:20,PICK_COMPLETE,PKR-032,1
2026-10-07 20:30:30,PICK_COMPLETE,PKR-026,1
2026-10-07 20:30:34,PICK_COMPLETE,PKR-017,1
2026-10-07 20:30:35,RIDER_CHECKIN,RDR-029,1
2026-10-07 20:30:35,PICK_COMPLETE,PKR-029,1
2026-10-07 20:30:36,PICK_COMPLETE,PKR-020,1
2026-10-07 20:30:44,PICK_COMPLETE,PKR-029,1
2026-10-07 20:30:47,PICK_COMPLETE,PKR-025,1
2026-10-07 20:30:48,PICK_COMPLETE,PKR-012,1
2026-10-07 20:30:51,PICK_COMPLETE,PKR-019,1
2026-10-07 20:31:01,PICK_COMPLETE,PKR-018,1
2026-10-07 20:31:12,PICK_COMPLETE,PKR-027,1
2026-10-07 20:31:18,PICK_COMPLETE,PKR-019,1
2026-10-07 20:31:26,PICK_COMPLETE,PKR-030,1
2026-10-07 20:31:29,PICK_COMPLETE,PKR-019,1
2026-10-07 20:31:32,PICK_COMPLETE,PKR-019,1
2026-10-07 20:31:35,RIDER_CHECKIN,RDR-048,1
2026-10-07 20:31:41,PICK_COMPLETE,PKR-008,1
2026-10-07 20:31:42,PICK_COMPLETE,PKR-010,1
2026-10-07 20:31:50,RIDER_CHECKIN,RDR-001,1
2026-10-07 20:31:52,RIDER_CHECKIN,RDR-041,1
2026-10-07 20:31:52,PICK_COMPLETE,PKR-001,1
2026-10-07 20:32:00,PICK_COMPLETE,PKR-012,1
2026-10-07 20:32:04,PICK_COMPLETE,PKR-009,1
2026-10-07 20:32:05,RIDER_REJECT,RDR-043,1
2026-10-07 20:32:07,PICK_COMPLETE,PKR-027,1
2026-10-07 20:32:21,PICK_COMPLETE,PKR-009,1
2026-10-07 20:32:26,PICK_COMPLETE,PKR-017,1
2026-10-07 20:32:28,PICK_COMPLETE,PKR-017,1
2026-10-07 20:32:32,PICK_COMPLETE,PKR-024,1
2026-10-07 20:32:37,PICK_COMPLETE,PKR-010,1
2026-10-07 20:32:38,PICK_COMPLETE,PKR-018,1
2026-10-07 20:32:43,PICK_COMPLETE,PKR-020,1
2026-10-07 20:32:47,PICK_COMPLETE,PKR-024,1
2026-10-07 20:32:48,PICK_COMPLETE,PKR-019,1
2026-10-07 20:32:49,PICK_COMPLETE,PKR-008,1
2026-10-07 20:32:51,PICK_COMPLETE,PKR-015,1
2026-10-07 20:32:51,RIDER_CHECKIN,RDR-014,1
2026-10-07 20:32:55,PICK_COMPLETE,PKR-007,1
2026-10-07 20:33:04,PICK_COMPLETE,PKR-033,1
2026-10-07 20:33:07,PICK_COMPLETE,PKR-008,1
2026-10-07 20:33:16,PICK_COMPLETE,PKR-006,1
2026-10-07 20:33:18,PICK_COMPLETE,PKR-007,1
2026-10-07 20:33:18,PICK_COMPLETE,PKR-016,1
2026-10-07 20:33:19,PICK_COMPLETE,PKR-012,1
2026-10-07 20:33:31,RIDER_REJECT,RDR-049,1
2026-10-07 20:33:34,RIDER_CHECKIN,RDR-016,1
2026-10-07 20:33:35,PICK_COMPLETE,PKR-014,1
2026-10-07 20:33:36,PICK_COMPLETE,PKR-009,1
2026-10-07 20:33:38,PICK_COMPLETE,PKR-016,1
2026-10-07 20:33:44,PICK_COMPLETE,PKR-022,1
2026-10-07 20:33:47,PICK_COMPLETE,PKR-004,1
2026-10-07 20:33:55,PICK_COMPLETE,PKR-029,1
2026-10-07 20:33:55,PICK_COMPLETE,PKR-003,1
2026-10-07 20:34:00,PICK_COMPLETE,PKR-028,1
2026-10-07 20:34:01,PICK_COMPLETE,PKR-018,1
2026-10-07 20:34:06,PICK_COMPLETE,PKR-019,1
2026-10-07 20:34:07,PICK_COMPLETE,PKR-005,1
2026-10-07 20:34:16,PICK_COMPLETE,PKR-012,1
2026-10-07 20:34:18,RIDER_CHECKIN,RDR-059,1
2026-10-07 20:34:21,RIDER_CHECKIN,RDR-027,1
2026-10-07 20:34:38,RIDER_CHECKIN,RDR-045,1
2026-10-07 20:34:39,RIDER_REJECT,RDR-044,1
2026-10-07 20:34:42,PICK_COMPLETE,PKR-019,1
2026-10-07 20:34:43,PICK_COMPLETE,PKR-012,1
2026-10-07 20:34:43,PICK_COMPLETE,PKR-028,1
2026-10-07 20:34:46,PICK_COMPLETE,PKR-024,1
2026-10-07 20:34:51,PICK_COMPLETE,PKR-012,1
2026-10-07 20:35:00,PICK_COMPLETE,PKR-007,1
2026-10-07 20:35:02,PICK_COMPLETE,PKR-009,1
2026-10-07 20:35:05,PICK_COMPLETE,PKR-013,1
2026-10-07 20:35:17,PICK_COMPLETE,PKR-022,1
2026-10-07 20:35:18,PICK_COMPLETE,PKR-014,1
2026-10-07 20:35:18,PICK_COMPLETE,PKR-004,1
2026-10-07 20:35:19,PICK_COMPLETE,PKR-026,1
2026-10-07 20:35:27,RIDER_CHECKIN,RDR-002,1
2026-10-07 20:35:36,PICK_COMPLETE,PKR-002,1
2026-10-07 20:35:37,PICK_COMPLETE,PKR-030,1
2026-10-07 20:35:46,PICK_COMPLETE,PKR-007,1
2026-10-07 20:35:54,PICK_COMPLETE,PKR-030,1
2026-10-07 20:35:54,PICK_COMPLETE,PKR-019,1
2026-10-07 20:35:59,PICK_COMPLETE,PKR-034,1
2026-10-07 20:36:01,RIDER_CHECKIN,RDR-002,1
2026-10-07 20:36:02,PICK_COMPLETE,PKR-028,1
2026-10-07 20:36:06,PICK_COMPLETE,PKR-028,1
2026-10-07 20:36:07,RIDER_REJECT,RDR-053,1
2026-10-07 20:36:09,PICK_COMPLETE,PKR-001,1
2026-10-07 20:36:13,PICK_COMPLETE,PKR-026,1
2026-10-07 20:36:18,PICK_COMPLETE,PKR-032,1
2026-10-07 20:36:19,PICK_COMPLETE,PKR-018,1
2026-10-07 20:36:23,RIDER_CHECKIN,RDR-016,1
2026-10-07 20:36:24,PICK_COMPLETE,PKR-012,1
2026-10-07 20:36:24,PICK_COMPLETE,PKR-028,1
2026-10-07 20:36:30,PICK_COMPLETE,PKR-033,1
2026-10-07 20:36:42,PICK_COMPLETE,PKR-017,1
2026-10-07 20:36:49,PICK_COMPLETE,PKR-020,1
2026-10-07 20:36:55,PICK_COMPLETE,PKR-033,1
2026-10-07 20:36:55,PICK_COMPLETE,PKR-022,1
2026-10-07 20:36:58,PICK_COMPLETE,PKR-033,1
2026-10-07 20:37:02,PICK_COMPLETE,PKR-030,1
2026-10-07 20:37:04,PICK_COMPLETE,PKR-011,1
2026-10-07 20:37:10,PICK_COMPLETE,PKR-009,1
2026-10-07 20:37:17,PICK_COMPLETE,PKR-024,1
2026-10-07 20:37:18,PICK_COMPLETE,PKR-002,1
2026-10-07 20:37:20,RIDER_CHECKIN,RDR-014,1
2026-10-07 20:37:22,PICK_COMPLETE,PKR-024,1
2026-10-07 20:37:28,PICK_COMPLETE,PKR-034,1
2026-10-07 20:37:35,PICK_COMPLETE,PKR-033,1
2026-10-07 20:37:35,RIDER_CHECKIN,RDR-040,1
2026-10-07 20:37:36,PICK_COMPLETE,PKR-026,1
2026-10-07 20:37:40,PICK_COMPLETE,PKR-021,1
2026-10-07 20:37:48,PICK_COMPLETE,PKR-005,1
2026-10-07 20:37:52,PICK_COMPLETE,PKR-021,1
2026-10-07 20:38:01,PICK_COMPLETE,PKR-019,1
2026-10-07 20:38:03,PICK_COMPLETE,PKR-005,1
2026-10-07 20:38:03,PICKER_IDLE,PKR-028,1
2026-10-07 20:38:04,PICK_COMPLETE,PKR-005,1
2026-10-07 20:38:06,PICK_COMPLETE,PKR-032,1
2026-10-07 20:38:09,RIDER_CHECKIN,RDR-012,1
2026-10-07 20:38:17,PICK_COMPLETE,PKR-032,1
2026-10-07 20:38:19,PICK_COMPLETE,PKR-004,1
2026-10-07 20:38:22,PICK_COMPLETE,PKR-010,1
2026-10-07 20:38:24,PICK_COMPLETE,PKR-025,1
2026-10-07 20:38:26,PICK_COMPLETE,PKR-011,1
2026-10-07 20:38:30,PICK_COMPLETE,PKR-001,1
2026-10-07 20:38:34,PICK_COMPLETE,PKR-018,1
2026-10-07 20:38:34,PICK_COMPLETE,PKR-005,1
2026-10-07 20:38:38,PICK_COMPLETE,PKR-032,1
2026-10-07 20:38:43,PICK_COMPLETE,PKR-033,1
2026-10-07 20:38:50,PICK_COMPLETE,PKR-025,1
2026-10-07 20:38:56,RIDER_REJECT,RDR-058,1
2026-10-07 20:39:06,PICK_COMPLETE,PKR-021,1
2026-10-07 20:39:12,RIDER_REJECT,RDR-008,1
2026-10-07 20:39:16,PICK_COMPLETE,PKR-005,1
2026-10-07 20:39:23,PICK_COMPLETE,PKR-004,1
2026-10-07 20:39:36,PICK_COMPLETE,PKR-020,1
2026-10-07 20:39:45,PICK_COMPLETE,PKR-009,1
2026-10-07 20:39:47,PICK_COMPLETE,PKR-023,1
2026-10-07 20:39:49,PICK_COMPLETE,PKR-024,1
2026-10-07 20:39:52,RIDER_CHECKIN,RDR-041,1
2026-10-07 20:39:52,PICK_COMPLETE,PKR-016,1
2026-10-07 20:39:54,PICK_COMPLETE,PKR-021,1
2026-10-07 20:39:56,PICK_COMPLETE,PKR-013,1
2026-10-07 20:39:59,PICK_COMPLETE,PKR-027,1
2026-10-07 20:40:01,RIDER_CHECKIN,RDR-016,1
2026-10-07 20:40:02,RIDER_CHECKIN,RDR-015,1
2026-10-07 20:40:11,PICK_COMPLETE,PKR-002,1
2026-10-07 20:40:12,PICK_COMPLETE,PKR-019,1
2026-10-07 20:40:14,PICK_COMPLETE,PKR-027,1
2026-10-07 20:40:20,PICK_COMPLETE,PKR-013,1
2026-10-07 20:40:23,PICK_COMPLETE,PKR-033,1
2026-10-07 20:40:24,PICK_COMPLETE,PKR-006,1
2026-10-07 20:40:26,PICK_COMPLETE,PKR-022,1
2026-10-07 20:40:30,PICK_COMPLETE,PKR-006,1
2026-10-07 20:40:32,PICK_COMPLETE,PKR-033,1
2026-10-07 20:40:41,PICK_COMPLETE,PKR-031,1
2026-10-07 20:40:47,PICK_COMPLETE,PKR-022,1
2026-10-07 20:40:53,RIDER_REJECT,RDR-001,1
2026-10-07 20:40:55,PICK_COMPLETE,PKR-002,1
2026-10-07 20:40:59,PICK_COMPLETE,PKR-026,1
2026-10-07 20:40:59,RIDER_CHECKIN,RDR-007,1
2026-10-07 20:41:04,PICK_COMPLETE,PKR-008,1
2026-10-07 20:41:06,PICK_COMPLETE,PKR-001,1
2026-10-07 20:41:09,PICK_COMPLETE,PKR-028,1
2026-10-07 20:41:10,PICK_COMPLETE,PKR-007,1
2026-10-07 20:41:11,PICK_COMPLETE,PKR-016,1
2026-10-07 20:41:13,PICK_COMPLETE,PKR-015,1
2026-10-07 20:41:31,PICK_COMPLETE,PKR-015,1
2026-10-07 20:41:32,PICK_COMPLETE,PKR-010,1
2026-10-07 20:41:34,RIDER_CHECKIN,RDR-035,1
2026-10-07 20:41:43,PICK_COMPLETE,PKR-007,1
2026-10-07 20:41:45,PICK_COMPLETE,PKR-003,1
2026-10-07 20:41:52,PICK_COMPLETE,PKR-033,1
2026-10-07 20:41:57,RIDER_CHECKIN,RDR-015,1
2026-10-07 20:41:59,PICK_COMPLETE,PKR-004,1
2026-10-07 20:41:59,PICK_COMPLETE,PKR-026,1
2026-10-07 20:42:07,PICK_COMPLETE,PKR-016,1
2026-10-07 20:42:08,RIDER_REJECT,RDR-033,1
2026-10-07 20:42:15,PICK_COMPLETE,PKR-005,1
2026-10-07 20:42:15,PICK_COMPLETE,PKR-022,1
2026-10-07 20:42:17,PICK_COMPLETE,PKR-032,1
2026-10-07 20:42:27,PICK_COMPLETE,PKR-013,1
2026-10-07 20:42:30,PICK_COMPLETE,PKR-018,1
2026-10-07 20:42:32,PICK_COMPLETE,PKR-013,1
2026-10-07 20:42:39,PICK_COMPLETE,PKR-006,1
2026-10-07 20:42:45,PICK_COMPLETE,PKR-020,1
2026-10-07 20:42:53,PICK_COMPLETE,PKR-005,1
2026-10-07 20:42:57,PICK_COMPLETE,PKR-023,1
2026-10-07 20:42:58,RIDER_CHECKIN,RDR-025,1
2026-10-07 20:43:04,PICK_COMPLETE,PKR-015,1
2026-10-07 20:43:22,PICK_COMPLETE,PKR-022,1
2026-10-07 20:43:23,PICK_COMPLETE,PKR-024,1
2026-10-07 20:43:24,PICK_COMPLETE,PKR-027,1
2026-10-07 20:43:27,PICK_COMPLETE,PKR-029,1
2026-10-07 20:43:34,PICK_COMPLETE,PKR-016,1
2026-10-07 20:43:34,PICK_COMPLETE,PKR-017,1
2026-10-07 20:43:40,RIDER_CHECKIN,RDR-033,1
2026-10-07 20:43:43,PICK_COMPLETE,PKR-020,1
2026-10-07 20:44:01,PICK_COMPLETE,PKR-006,1
2026-10-07 20:44:06,PICK_COMPLETE,PKR-014,1
2026-10-07 20:44:11,PICK_COMPLETE,PKR-031,1
2026-10-07 20:44:24,PICK_COMPLETE,PKR-020,1
2026-10-07 20:44:24,PICK_COMPLETE,PKR-001,1
2026-10-07 20:44:30,PICK_COMPLETE,PKR-018,1
2026-10-07 20:44:39,RIDER_CHECKIN,RDR-040,1
2026-10-07 20:44:46,RIDER_CHECKIN,RDR-033,1
2026-10-07 20:44:49,RIDER_CHECKIN,RDR-003,1
2026-10-07 20:44:50,PICK_COMPLETE,PKR-020,1
2026-10-07 20:44:57,PICK_COMPLETE,PKR-023,1
2026-10-07 20:44:57,PICK_COMPLETE,PKR-002,1
2026-10-07 20:45:03,PICK_COMPLETE,PKR-018,1
2026-10-07 20:45:04,PICK_COMPLETE,PKR-007,1
2026-10-07 20:45:11,PICK_COMPLETE,PKR-020,1
2026-10-07 20:45:12,RIDER_CHECKIN,RDR-033,1
2026-10-07 20:45:19,PICK_COMPLETE,PKR-010,1
2026-10-07 20:45:21,PICK_COMPLETE,PKR-022,1
2026-10-07 20:45:23,PICK_COMPLETE,PKR-020,1
2026-10-07 20:45:25,PICK_COMPLETE,PKR-027,1
2026-10-07 20:45:27,PICK_COMPLETE,PKR-010,1
2026-10-07 20:45:31,RIDER_CHECKIN,RDR-008,1
2026-10-07 20:45:33,PICK_COMPLETE,PKR-012,1
2026-10-07 20:45:36,RIDER_CHECKIN,RDR-019,1
2026-10-07 20:45:47,PICK_COMPLETE,PKR-010,1
2026-10-07 20:45:47,PICK_COMPLETE,PKR-014,1
2026-10-07 20:45:50,PICK_COMPLETE,PKR-012,1
2026-10-07 20:45:52,PICK_COMPLETE,PKR-017,1
2026-10-07 20:45:55,PICK_COMPLETE,PKR-019,1
2026-10-07 20:45:55,PICK_COMPLETE,PKR-022,1
2026-10-07 20:46:00,PICK_COMPLETE,PKR-013,1
2026-10-07 20:46:00,PICK_COMPLETE,PKR-011,1
2026-10-07 20:46:02,PICK_COMPLETE,PKR-001,1
2026-10-07 20:46:17,PICK_COMPLETE,PKR-029,1
2026-10-07 20:46:24,PICK_COMPLETE,PKR-014,1
2026-10-07 20:46:39,PICK_COMPLETE,PKR-020,1
2026-10-07 20:46:40,PICK_COMPLETE,PKR-017,1
2026-10-07 20:46:41,PICK_COMPLETE,PKR-025,1
2026-10-07 20:46:41,RIDER_CHECKIN,RDR-033,1
2026-10-07 20:46:52,PICK_COMPLETE,PKR-017,1
2026-10-07 20:47:05,PICK_COMPLETE,PKR-011,1
2026-10-07 20:47:07,RIDER_CHECKIN,RDR-022,1
2026-10-07 20:47:16,PICK_COMPLETE,PKR-031,1
2026-10-07 20:47:16,RIDER_CHECKIN,RDR-003,1
2026-10-07 20:47:19,PICK_COMPLETE,PKR-013,1
2026-10-07 20:47:19,PICK_COMPLETE,PKR-012,1
2026-10-07 20:47:20,PICK_COMPLETE,PKR-028,1
2026-10-07 20:47:22,PICK_COMPLETE,PKR-027,1
2026-10-07 20:47:28,PICK_COMPLETE,PKR-033,1
2026-10-07 20:47:31,PICK_COMPLETE,PKR-031,1
2026-10-07 20:47:44,RIDER_CHECKIN,RDR-024,1
2026-10-07 20:47:47,PICK_COMPLETE,PKR-004,1
2026-10-07 20:47:55,PICK_COMPLETE,PKR-025,1
2026-10-07 20:48:01,PICK_COMPLETE,PKR-010,1
2026-10-07 20:48:09,PICK_COMPLETE,PKR-024,1
2026-10-07 20:48:15,PICK_COMPLETE,PKR-032,1
2026-10-07 20:48:19,RIDER_CHECKIN,RDR-058,1
2026-10-07 20:48:22,PICK_COMPLETE,PKR-026,1
2026-10-07 20:48:25,RIDER_CHECKIN,RDR-005,1
2026-10-07 20:48:30,PICK_COMPLETE,PKR-006,1
2026-10-07 20:48:42,PICK_COMPLETE,PKR-007,1
2026-10-07 20:48:43,PICK_COMPLETE,PKR-025,1
2026-10-07 20:48:50,PICK_COMPLETE,PKR-012,1
2026-10-07 20:48:52,PICK_COMPLETE,PKR-028,1
2026-10-07 20:48:55,PICK_COMPLETE,PKR-031,1
2026-10-07 20:49:07,PICK_COMPLETE,PKR-001,1
2026-10-07 20:49:08,PICK_COMPLETE,PKR-012,1
2026-10-07 20:49:09,RIDER_CHECKIN,RDR-018,1
2026-10-07 20:49:14,PICK_COMPLETE,PKR-020,1
2026-10-07 20:49:15,RIDER_CHECKIN,RDR-054,1
2026-10-07 20:49:20,PICK_COMPLETE,PKR-026,1
2026-10-07 20:49:25,PICK_COMPLETE,PKR-004,1
2026-10-07 20:49:36,PICK_COMPLETE,PKR-003,1
2026-10-07 20:49:41,PICK_COMPLETE,PKR-001,1
2026-10-07 20:49:47,PICK_COMPLETE,PKR-015,1
2026-10-07 20:49:50,PICK_COMPLETE,PKR-032,1
2026-10-07 20:49:53,RIDER_CHECKIN,RDR-023,1
2026-10-07 20:50:01,RIDER_CHECKIN,RDR-020,1
2026-10-07 20:50:02,PICK_COMPLETE,PKR-003,1
2026-10-07 20:50:03,PICK_COMPLETE,PKR-027,1
2026-10-07 20:50:04,PICK_COMPLETE,PKR-023,1
2026-10-07 20:50:07,PICK_COMPLETE,PKR-023,1
2026-10-07 20:50:17,PICK_COMPLETE,PKR-010,1
2026-10-07 20:50:21,PICK_COMPLETE,PKR-026,1
2026-10-07 20:50:25,PICK_COMPLETE,PKR-011,1
2026-10-07 20:50:26,PICK_COMPLETE,PKR-014,1
2026-10-07 20:50:27,PICK_COMPLETE,PKR-003,1
2026-10-07 20:50:34,PICK_COMPLETE,PKR-002,1
2026-10-07 20:50:36,PICK_COMPLETE,PKR-016,1
2026-10-07 20:50:38,PICK_COMPLETE,PKR-016,1
2026-10-07 20:51:03,RIDER_CHECKIN,RDR-041,1
2026-10-07 20:51:06,PICK_COMPLETE,PKR-001,1
2026-10-07 20:51:07,PICK_COMPLETE,PKR-025,1
2026-10-07 20:51:10,PICK_COMPLETE,PKR-027,1
2026-10-07 20:51:11,PICK_COMPLETE,PKR-012,1
2026-10-07 20:51:15,PICK_COMPLETE,PKR-028,1
2026-10-07 20:51:18,RIDER_CHECKIN,RDR-010,1
2026-10-07 20:51:23,PICK_COMPLETE,PKR-018,1
2026-10-07 20:51:26,RIDER_CHECKIN,RDR-038,1
2026-10-07 20:51:32,PICK_COMPLETE,PKR-028,1
2026-10-07 20:51:34,PICK_COMPLETE,PKR-014,1
2026-10-07 20:51:34,PICK_COMPLETE,PKR-011,1
2026-10-07 20:51:35,PICK_COMPLETE,PKR-032,1
2026-10-07 20:51:45,PICK_COMPLETE,PKR-012,1
2026-10-07 20:51:55,PICK_COMPLETE,PKR-006,1
2026-10-07 20:51:58,PICK_COMPLETE,PKR-010,1
2026-10-07 20:52:01,PICK_COMPLETE,PKR-019,1
2026-10-07 20:52:02,PICK_COMPLETE,PKR-034,1
2026-10-07 20:52:03,PICK_COMPLETE,PKR-021,1
2026-10-07 20:52:08,PICK_COMPLETE,PKR-009,1
2026-10-07 20:52:12,PICK_COMPLETE,PKR-034,1
2026-10-07 20:52:15,PICK_COMPLETE,PKR-010,1
2026-10-07 20:52:22,PICK_COMPLETE,PKR-019,1
2026-10-07 20:52:23,PICK_COMPLETE,PKR-024,1
2026-10-07 20:52:28,PICK_COMPLETE,PKR-024,1
2026-10-07 20:52:29,PICK_COMPLETE,PKR-018,1
2026-10-07 20:52:34,RIDER_CHECKIN,RDR-048,1
2026-10-07 20:52:36,PICK_COMPLETE,PKR-016,1
2026-10-07 20:52:50,PICK_COMPLETE,PKR-016,1
2026-10-07 20:52:53,PICK_COMPLETE,PKR-020,1
2026-10-07 20:52:55,RIDER_CHECKIN,RDR-012,1
2026-10-07 20:52:56,PICK_COMPLETE,PKR-028,1
2026-10-07 20:52:58,PICKER_IDLE,PKR-033,1
2026-10-07 20:53:05,PICK_COMPLETE,PKR-019,1
2026-10-07 20:53:07,PICK_COMPLETE,PKR-009,1
2026-10-07 20:53:19,PICK_COMPLETE,PKR-008,1
2026-10-07 20:53:23,RIDER_CHECKIN,RDR-056,1
2026-10-07 20:53:30,PICK_COMPLETE,PKR-008,1
2026-10-07 20:53:30,PICKER_IDLE,PKR-002,1
2026-10-07 20:53:32,PICK_COMPLETE,PKR-010,1
2026-10-07 20:53:40,PICK_COMPLETE,PKR-010,1
2026-10-07 20:53:42,PICK_COMPLETE,PKR-016,1
2026-10-07 20:53:46,PICK_COMPLETE,PKR-020,1
2026-10-07 20:53:51,PICK_COMPLETE,PKR-011,1
2026-10-07 20:53:53,PICK_COMPLETE,PKR-002,1
2026-10-07 20:53:57,PICK_COMPLETE,PKR-021,1
2026-10-07 20:54:08,PICK_COMPLETE,PKR-023,1
2026-10-07 20:54:13,RIDER_CHECKIN,RDR-036,1
2026-10-07 20:54:15,RIDER_CHECKIN,RDR-039,1
2026-10-07 20:54:16,PICK_COMPLETE,PKR-010,1
2026-10-07 20:54:22,PICK_COMPLETE,PKR-027,1
2026-10-07 20:54:24,RIDER_CHECKIN,RDR-046,1
2026-10-07 20:54:26,PICK_COMPLETE,PKR-005,1
2026-10-07 20:54:31,PICK_COMPLETE,PKR-021,1
2026-10-07 20:54:31,PICK_COMPLETE,PKR-018,1
2026-10-07 20:54:34,PICK_COMPLETE,PKR-004,1
2026-10-07 20:54:36,PICK_COMPLETE,PKR-008,1
2026-10-07 20:54:37,PICK_COMPLETE,PKR-024,1
2026-10-07 20:54:46,PICK_COMPLETE,PKR-005,1
2026-10-07 20:54:48,PICK_COMPLETE,PKR-022,1
2026-10-07 20:54:50,PICK_COMPLETE,PKR-032,1
2026-10-07 20:54:55,PICK_COMPLETE,PKR-026,1
2026-10-07 20:55:04,PICKER_IDLE,PKR-021,1
2026-10-07 20:55:06,PICK_COMPLETE,PKR-003,1
2026-10-07 20:55:12,PICK_COMPLETE,PKR-033,1
2026-10-07 20:55:12,PICK_COMPLETE,PKR-004,1
2026-10-07 20:55:13,RIDER_REJECT,RDR-003,1
2026-10-07 20:55:16,PICK_COMPLETE,PKR-025,1
2026-10-07 20:55:21,RIDER_CHECKIN,RDR-030,1
2026-10-07 20:55:22,PICK_COMPLETE,PKR-021,1
2026-10-07 20:55:32,PICK_COMPLETE,PKR-029,1
2026-10-07 20:55:35,RIDER_CHECKIN,RDR-057,1
2026-10-07 20:55:37,PICK_COMPLETE,PKR-004,1
2026-10-07 20:55:40,PICK_COMPLETE,PKR-007,1
2026-10-07 20:55:42,PICK_COMPLETE,PKR-032,1
2026-10-07 20:55:43,PICK_COMPLETE,PKR-031,1
2026-10-07 20:55:48,PICK_COMPLETE,PKR-031,1
2026-10-07 20:55:50,RIDER_CHECKIN,RDR-056,1
2026-10-07 20:55:50,PICK_COMPLETE,PKR-030,1
2026-10-07 20:55:52,PICK_COMPLETE,PKR-028,1
2026-10-07 20:55:53,PICK_COMPLETE,PKR-026,1
2026-10-07 20:55:54,PICK_COMPLETE,PKR-004,1
2026-10-07 20:56:02,PICK_COMPLETE,PKR-015,1
2026-10-07 20:56:17,RIDER_REJECT,RDR-020,1
2026-10-07 20:56:19,PICK_COMPLETE,PKR-023,1
2026-10-07 20:56:23,RIDER_CHECKIN,RDR-054,1
2026-10-07 20:56:30,RIDER_CHECKIN,RDR-028,1
2026-10-07 20:56:41,PICK_COMPLETE,PKR-007,1
2026-10-07 20:56:41,PICK_COMPLETE,PKR-023,1
2026-10-07 20:56:46,RIDER_CHECKIN,RDR-029,1
2026-10-07 20:56:47,PICK_COMPLETE,PKR-027,1
2026-10-07 20:56:49,PICK_COMPLETE,PKR-031,1
2026-10-07 20:56:57,PICK_COMPLETE,PKR-008,1
2026-10-07 20:56:57,PICK_COMPLETE,PKR-008,1
2026-10-07 20:57:11,PICK_COMPLETE,PKR-003,1
2026-10-07 20:57:17,PICK_COMPLETE,PKR-004,1
2026-10-07 20:57:22,RIDER_REJECT,RDR-050,1
2026-10-07 20:57:27,PICK_COMPLETE,PKR-020,1
2026-10-07 20:57:30,PICK_COMPLETE,PKR-021,1
2026-10-07 20:57:42,PICK_COMPLETE,PKR-027,1
2026-10-07 20:57:43,PICK_COMPLETE,PKR-009,1
2026-10-07 20:57:45,RIDER_CHECKIN,RDR-046,1
2026-10-07 20:57:45,RIDER_CHECKIN,RDR-001,1
2026-10-07 20:57:48,PICK_COMPLETE,PKR-014,1
2026-10-07 20:57:54,PICK_COMPLETE,PKR-017,1
2026-10-07 20:57:57,PICK_COMPLETE,PKR-025,1
2026-10-07 20:58:08,PICK_COMPLETE,PKR-014,1
2026-10-07 20:58:09,PICK_COMPLETE,PKR-013,1
2026-10-07 20:58:10,RIDER_CHECKIN,RDR-013,1
2026-10-07 20:58:14,PICK_COMPLETE,PKR-013,1
2026-10-07 20:58:19,PICK_COMPLETE,PKR-019,1
2026-10-07 20:58:25,PICK_COMPLETE,PKR-022,1
2026-10-07 20:58:28,RIDER_CHECKIN,RDR-022,1
2026-10-07 20:58:47,PICK_COMPLETE,PKR-007,1
2026-10-07 20:58:47,PICK_COMPLETE,PKR-001,1
2026-10-07 20:58:48,PICK_COMPLETE,PKR-010,1
2026-10-07 20:58:50,RIDER_CHECKIN,RDR-038,1
2026-10-07 20:58:53,PICK_COMPLETE,PKR-020,1
2026-10-07 20:58:53,PICK_COMPLETE,PKR-009,1
2026-10-07 20:58:59,PICK_COMPLETE,PKR-016,1
2026-10-07 20:59:06,PICK_COMPLETE,PKR-008,1
2026-10-07 20:59:11,RIDER_REJECT,RDR-028,1
2026-10-07 20:59:41,PICK_COMPLETE,PKR-005,1
2026-10-07 20:59:47,PICK_COMPLETE,PKR-010,1
2026-10-07 20:59:51,PICK_COMPLETE,PKR-027,1
2026-10-07 20:59:52,PICK_COMPLETE,PKR-010,1
2026-10-07 20:59:54,PICK_COMPLETE,PKR-026,1
2026-10-07 20:59:56,PICK_COMPLETE,PKR-030,1
2026-10-07 20:59:56,RIDER_CHECKIN,RDR-006,1
2026-10-07 20:59:56,PICK_COMPLETE,PKR-022,1
2026-10-07 21:00:02,PICK_COMPLETE,PKR-013,1
2026-10-07 21:00:08,RIDER_CHECKIN,RDR-055,1
2026-10-07 21:00:15,PICK_COMPLETE,PKR-024,1
2026-10-07 21:00:24,PICK_COMPLETE,PKR-005,1
2026-10-07 21:00:25,PICK_COMPLETE,PKR-018,1
2026-10-07 21:00:29,PICK_COMPLETE,PKR-007,1
2026-10-07 21:00:29,PICK_COMPLETE,PKR-033,1
2026-10-07 21:00:35,PICK_COMPLETE,PKR-032,1
2026-10-07 21:00:37,PICK_COMPLETE,PKR-015,1
2026-10-07 21:00:39,PICK_COMPLETE,PKR-033,1
2026-10-07 21:00:47,PICK_COMPLETE,PKR-001,1
2026-10-07 21:00:50,PICK_COMPLETE,PKR-003,1
2026-10-07 21:00:53,PICKER_IDLE,PKR-022,1
2026-10-07 21:00:55,PICK_COMPLETE,PKR-014,1
2026-10-07 21:00:56,PICK_COMPLETE,PKR-030,1
2026-10-07 21:00:58,PICK_COMPLETE,PKR-031,1
2026-10-07 21:01:07,RIDER_CHECKIN,RDR-030,1
2026-10-07 21:01:11,PICK_COMPLETE,PKR-001,1
2026-10-07 21:01:27,PICK_COMPLETE,PKR-018,1
2026-10-07 21:01:32,PICK_COMPLETE,PKR-016,1
2026-10-07 21:01:34,PICK_COMPLETE,PKR-027,1
2026-10-07 21:01:36,PICK_COMPLETE,PKR-001,1
2026-10-07 21:01:37,PICK_COMPLETE,PKR-005,1
2026-10-07 21:01:43,PICK_COMPLETE,PKR-033,1
2026-10-07 21:01:44,PICK_COMPLETE,PKR-023,1
2026-10-07 21:01:53,PICK_COMPLETE,PKR-010,1
2026-10-07 21:02:05,PICK_COMPLETE,PKR-019,1
2026-10-07 21:02:07,PICK_COMPLETE,PKR-009,1
2026-10-07 21:02:08,RIDER_CHECKIN,RDR-030,1
2026-10-07 21:02:12,PICKER_IDLE,PKR-005,1
2026-10-07 21:02:20,PICK_COMPLETE,PKR-012,1
2026-10-07 21:02:22,PICK_COMPLETE,PKR-015,1
2026-10-07 21:02:29,PICK_COMPLETE,PKR-002,1
2026-10-07 21:02:39,PICK_COMPLETE,PKR-005,1
2026-10-07 21:02:43,PICK_COMPLETE,PKR-013,1
2026-10-07 21:02:53,PICK_COMPLETE,PKR-025,1
2026-10-07 21:03:03,PICK_COMPLETE,PKR-032,1
2026-10-07 21:03:04,PICK_COMPLETE,PKR-021,1
2026-10-07 21:03:10,PICK_COMPLETE,PKR-001,1
2026-10-07 21:03:17,PICK_COMPLETE,PKR-014,1
2026-10-07 21:03:25,RIDER_CHECKIN,RDR-032,1
2026-10-07 21:03:25,PICK_COMPLETE,PKR-025,1
2026-10-07 21:03:27,PICK_COMPLETE,PKR-018,1
2026-10-07 21:03:30,PICK_COMPLETE,PKR-010,1
2026-10-07 21:03:33,PICK_COMPLETE,PKR-012,1
2026-10-07 21:03:35,PICK_COMPLETE,PKR-001,1
2026-10-07 21:03:40,PICK_COMPLETE,PKR-033,1
2026-10-07 21:03:54,PICK_COMPLETE,PKR-027,1
2026-10-07 21:03:57,PICK_COMPLETE,PKR-028,1
2026-10-07 21:04:01,PICK_COMPLETE,PKR-030,1
2026-10-07 21:04:01,PICK_COMPLETE,PKR-002,1
2026-10-07 21:04:01,RIDER_CHECKIN,RDR-023,1
2026-10-07 21:04:02,PICK_COMPLETE,PKR-030,1
2026-10-07 21:04:05,PICK_COMPLETE,PKR-034,1
2026-10-07 21:04:08,PICK_COMPLETE,PKR-031,1
2026-10-07 21:04:15,PICK_COMPLETE,PKR-026,1
2026-10-07 21:04:16,PICK_COMPLETE,PKR-020,1
2026-10-07 21:04:21,PICK_COMPLETE,PKR-028,1
2026-10-07 21:04:29,RIDER_CHECKIN,RDR-001,1
2026-10-07 21:04:33,RIDER_CHECKIN,RDR-054,1
2026-10-07 21:04:47,PICK_COMPLETE,PKR-030,1
2026-10-07 21:04:51,PICK_COMPLETE,PKR-022,1
2026-10-07 21:04:55,PICK_COMPLETE,PKR-027,1
2026-10-07 21:05:02,PICK_COMPLETE,PKR-013,1
2026-10-07 21:05:13,PICK_COMPLETE,PKR-034,1
2026-10-07 21:05:14,PICK_COMPLETE,PKR-033,1
2026-10-07 21:05:18,PICK_COMPLETE,PKR-023,1
2026-10-07 21:05:19,PICK_COMPLETE,PKR-007,1
2026-10-07 21:05:20,RIDER_CHECKIN,RDR-019,1
2026-10-07 21:05:21,PICK_COMPLETE,PKR-015,1
2026-10-07 21:05:24,PICK_COMPLETE,PKR-011,1
2026-10-07 21:05:40,PICK_COMPLETE,PKR-034,1
2026-10-07 21:05:43,PICKER_IDLE,PKR-013,1
2026-10-07 21:05:46,PICK_COMPLETE,PKR-017,1
2026-10-07 21:05:55,PICK_COMPLETE,PKR-023,1
2026-10-07 21:06:02,RIDER_CHECKIN,RDR-045,1
2026-10-07 21:06:04,PICK_COMPLETE,PKR-020,1
2026-10-07 21:06:04,PICK_COMPLETE,PKR-021,1
2026-10-07 21:06:13,RIDER_CHECKIN,RDR-042,1
2026-10-07 21:06:20,PICK_COMPLETE,PKR-005,1
2026-10-07 21:06:21,PICK_COMPLETE,PKR-022,1
2026-10-07 21:06:30,PICK_COMPLETE,PKR-027,1
2026-10-07 21:06:31,PICK_COMPLETE,PKR-018,1
2026-10-07 21:06:32,PICK_COMPLETE,PKR-016,1
2026-10-07 21:06:35,PICK_COMPLETE,PKR-024,1
2026-10-07 21:06:36,PICK_COMPLETE,PKR-012,1
2026-10-07 21:06:36,PICK_COMPLETE,PKR-033,1
2026-10-07 21:06:39,PICK_COMPLETE,PKR-021,1
2026-10-07 21:06:40,PICK_COMPLETE,PKR-007,1
2026-10-07 21:06:41,RIDER_CHECKIN,RDR-006,1
2026-10-07 21:06:43,PICK_COMPLETE,PKR-015,1
2026-10-07 21:06:44,PICK_COMPLETE,PKR-010,1
2026-10-07 21:06:53,PICK_COMPLETE,PKR-003,1
2026-10-07 21:07:09,PICK_COMPLETE,PKR-009,1
2026-10-07 21:07:12,PICK_COMPLETE,PKR-020,1
2026-10-07 21:07:16,PICKER_IDLE,PKR-013,1
2026-10-07 21:07:18,RIDER_CHECKIN,RDR-050,1
2026-10-07 21:07:19,PICK_COMPLETE,PKR-031,1
2026-10-07 21:07:20,RIDER_CHECKIN,RDR-052,1
2026-10-07 21:07:24,RIDER_REJECT,RDR-023,1
2026-10-07 21:07:29,PICK_COMPLETE,PKR-020,1
2026-10-07 21:07:30,PICK_COMPLETE,PKR-006,1
2026-10-07 21:07:32,PICK_COMPLETE,PKR-028,1
2026-10-07 21:07:50,PICK_COMPLETE,PKR-007,1
2026-10-07 21:07:54,PICK_COMPLETE,PKR-008,1
2026-10-07 21:08:05,PICK_COMPLETE,PKR-025,1
2026-10-07 21:08:07,PICK_COMPLETE,PKR-008,1
2026-10-07 21:08:36,PICK_COMPLETE,PKR-026,1
2026-10-07 21:08:36,PICK_COMPLETE,PKR-020,1
2026-10-07 21:08:39,PICK_COMPLETE,PKR-022,1
2026-10-07 21:08:53,PICK_COMPLETE,PKR-010,1
2026-10-07 21:08:53,PICK_COMPLETE,PKR-014,1
2026-10-07 21:08:58,PICK_COMPLETE,PKR-013,1
2026-10-07 21:08:58,RIDER_CHECKIN,RDR-027,1
2026-10-07 21:09:09,RIDER_REJECT,RDR-010,1
2026-10-07 21:09:10,PICK_COMPLETE,PKR-004,1
2026-10-07 21:09:11,PICK_COMPLETE,PKR-018,1
2026-10-07 21:09:15,PICK_COMPLETE,PKR-016,1
2026-10-07 21:09:23,PICK_COMPLETE,PKR-013,1
2026-10-07 21:09:27,PICK_COMPLETE,PKR-019,1
2026-10-07 21:09:29,PICK_COMPLETE,PKR-032,1
2026-10-07 21:09:34,RIDER_CHECKIN,RDR-037,1
2026-10-07 21:09:37,RIDER_CHECKIN,RDR-047,1
2026-10-07 21:09:37,PICK_COMPLETE,PKR-022,1
2026-10-07 21:09:39,PICK_COMPLETE,PKR-018,1
2026-10-07 21:09:39,PICK_COMPLETE,PKR-004,1
2026-10-07 21:09:44,PICK_COMPLETE,PKR-025,1
2026-10-07 21:09:45,PICK_COMPLETE,PKR-019,1
2026-10-07 21:09:54,PICK_COMPLETE,PKR-017,1
2026-10-07 21:09:54,PICK_COMPLETE,PKR-034,1
2026-10-07 21:09:55,PICK_COMPLETE,PKR-030,1
2026-10-07 21:09:56,PICK_COMPLETE,PKR-010,1
2026-10-07 21:10:00,PICK_COMPLETE,PKR-023,1
2026-10-07 21:10:05,PICK_COMPLETE,PKR-025,1
2026-10-07 21:10:09,PICK_COMPLETE,PKR-003,1
2026-10-07 21:10:11,PICK_COMPLETE,PKR-024,1
2026-10-07 21:10:19,PICK_COMPLETE,PKR-027,1
2026-10-07 21:10:20,PICK_COMPLETE,PKR-033,1
2026-10-07 21:10:22,RIDER_CHECKIN,RDR-055,1
2026-10-07 21:10:23,PICK_COMPLETE,PKR-025,1
2026-10-07 21:10:26,PICK_COMPLETE,PKR-009,1
2026-10-07 21:10:27,PICK_COMPLETE,PKR-015,1
2026-10-07 21:10:31,PICK_COMPLETE,PKR-023,1
2026-10-07 21:10:40,PICK_COMPLETE,PKR-007,1
2026-10-07 21:10:46,PICK_COMPLETE,PKR-015,1
2026-10-07 21:10:49,PICK_COMPLETE,PKR-027,1
2026-10-07 21:10:57,PICK_COMPLETE,PKR-012,1
2026-10-07 21:10:57,RIDER_CHECKIN,RDR-005,1
2026-10-07 21:10:59,PICK_COMPLETE,PKR-030,1
2026-10-07 21:11:11,PICK_COMPLETE,PKR-021,1
2026-10-07 21:11:19,PICK_COMPLETE,PKR-004,1
2026-10-07 21:11:20,RIDER_CHECKIN,RDR-021,1
2026-10-07 21:11:21,PICK_COMPLETE,PKR-001,1
2026-10-07 21:11:21,PICK_COMPLETE,PKR-029,1
2026-10-07 21:11:22,PICK_COMPLETE,PKR-016,1
2026-10-07 21:11:23,PICK_COMPLETE,PKR-014,1
2026-10-07 21:11:25,PICK_COMPLETE,PKR-009,1
2026-10-07 21:11:39,PICK_COMPLETE,PKR-011,1
2026-10-07 21:11:45,PICK_COMPLETE,PKR-025,1
2026-10-07 21:11:45,PICK_COMPLETE,PKR-008,1
2026-10-07 21:11:48,RIDER_CHECKIN,RDR-036,1
2026-10-07 21:11:50,PICK_COMPLETE,PKR-020,1
2026-10-07 21:11:54,PICK_COMPLETE,PKR-010,1
2026-10-07 21:11:54,PICK_COMPLETE,PKR-005,1
2026-10-07 21:11:56,PICKER_IDLE,PKR-008,1
2026-10-07 21:11:57,PICK_COMPLETE,PKR-013,1
2026-10-07 21:12:03,RIDER_CHECKIN,RDR-052,1
2026-10-07 21:12:05,PICK_COMPLETE,PKR-005,1
2026-10-07 21:12:06,PICK_COMPLETE,PKR-030,1
2026-10-07 21:12:19,PICK_COMPLETE,PKR-024,1
2026-10-07 21:12:21,PICK_COMPLETE,PKR-034,1
2026-10-07 21:12:27,PICKER_IDLE,PKR-019,1
2026-10-07 21:12:37,PICK_COMPLETE,PKR-034,1
2026-10-07 21:12:41,PICK_COMPLETE,PKR-013,1
2026-10-07 21:12:49,RIDER_CHECKIN,RDR-013,1
2026-10-07 21:12:50,PICK_COMPLETE,PKR-032,1
2026-10-07 21:12:50,PICK_COMPLETE,PKR-004,1
2026-10-07 21:12:53,PICK_COMPLETE,PKR-010,1
2026-10-07 21:12:55,PICK_COMPLETE,PKR-032,1
2026-10-07 21:13:01,RIDER_CHECKIN,RDR-003,1
2026-10-07 21:13:09,PICK_COMPLETE,PKR-031,1
2026-10-07 21:13:10,PICK_COMPLETE,PKR-030,1
2026-10-07 21:13:10,PICK_COMPLETE,PKR-009,1
2026-10-07 21:13:15,RIDER_CHECKIN,RDR-054,1
2026-10-07 21:13:22,PICK_COMPLETE,PKR-006,1
2026-10-07 21:13:23,PICK_COMPLETE,PKR-016,1
2026-10-07 21:13:25,PICK_COMPLETE,PKR-005,1
2026-10-07 21:13:26,PICK_COMPLETE,PKR-019,1
2026-10-07 21:13:30,PICK_COMPLETE,PKR-003,1
2026-10-07 21:13:30,PICK_COMPLETE,PKR-024,1
2026-10-07 21:13:30,RIDER_CHECKIN,RDR-020,1
2026-10-07 21:13:38,RIDER_REJECT,RDR-011,1
2026-10-07 21:13:39,PICK_COMPLETE,PKR-034,1
2026-10-07 21:13:54,PICK_COMPLETE,PKR-013,1
2026-10-07 21:13:56,PICK_COMPLETE,PKR-025,1
2026-10-07 21:13:59,PICK_COMPLETE,PKR-027,1
2026-10-07 21:14:05,RIDER_CHECKIN,RDR-056,1
2026-10-07 21:14:05,PICK_COMPLETE,PKR-016,1
2026-10-07 21:14:11,PICK_COMPLETE,PKR-024,1
2026-10-07 21:14:16,PICK_COMPLETE,PKR-029,1
2026-10-07 21:14:20,PICK_COMPLETE,PKR-034,1
2026-10-07 21:14:22,PICK_COMPLETE,PKR-018,1
2026-10-07 21:14:25,RIDER_CHECKIN,RDR-045,1
2026-10-07 21:14:33,PICK_COMPLETE,PKR-004,1
2026-10-07 21:14:39,PICK_COMPLETE,PKR-027,1
2026-10-07 21:14:44,PICK_COMPLETE,PKR-012,1
2026-10-07 21:14:59,PICK_COMPLETE,PKR-005,1
2026-10-07 21:15:04,PICK_COMPLETE,PKR-002,1
2026-10-07 21:15:08,PICK_COMPLETE,PKR-029,1
2026-10-07 21:15:11,PICK_COMPLETE,PKR-033,1
2026-10-07 21:15:11,PICK_COMPLETE,PKR-018,1
2026-10-07 21:15:14,PICK_COMPLETE,PKR-029,1
2026-10-07 21:15:21,RIDER_CHECKIN,RDR-030,1
2026-10-07 21:15:24,PICK_COMPLETE,PKR-018,1
2026-10-07 21:15:43,PICK_COMPLETE,PKR-012,1
2026-10-07 21:15:51,PICK_COMPLETE,PKR-010,1
2026-10-07 21:15:51,PICK_COMPLETE,PKR-028,1
2026-10-07 21:15:51,PICK_COMPLETE,PKR-003,1
2026-10-07 21:16:06,PICK_COMPLETE,PKR-018,1
2026-10-07 21:16:10,PICK_COMPLETE,PKR-018,1
2026-10-07 21:16:10,PICK_COMPLETE,PKR-007,1
2026-10-07 21:16:20,PICK_COMPLETE,PKR-020,1
2026-10-07 21:16:25,PICK_COMPLETE,PKR-007,1
2026-10-07 21:16:26,PICK_COMPLETE,PKR-034,1
2026-10-07 21:16:40,RIDER_CHECKIN,RDR-026,1
2026-10-07 21:16:42,PICK_COMPLETE,PKR-032,1
2026-10-07 21:16:46,PICKER_IDLE,PKR-026,1
2026-10-07 21:16:55,PICK_COMPLETE,PKR-008,1
2026-10-07 21:16:55,RIDER_CHECKIN,RDR-049,1
2026-10-07 21:16:59,PICK_COMPLETE,PKR-027,1
2026-10-07 21:17:02,PICK_COMPLETE,PKR-004,1
2026-10-07 21:17:04,PICK_COMPLETE,PKR-012,1
2026-10-07 21:17:18,RIDER_CHECKIN,RDR-034,1
2026-10-07 21:17:20,PICK_COMPLETE,PKR-005,1
2026-10-07 21:17:25,PICK_COMPLETE,PKR-005,1
2026-10-07 21:17:25,RIDER_CHECKIN,RDR-007,1
2026-10-07 21:17:36,PICK_COMPLETE,PKR-014,1
2026-10-07 21:17:40,PICK_COMPLETE,PKR-009,1
2026-10-07 21:17:41,PICK_COMPLETE,PKR-012,1
2026-10-07 21:17:54,PICK_COMPLETE,PKR-021,1
2026-10-07 21:17:56,PICK_COMPLETE,PKR-022,1
2026-10-07 21:17:56,PICK_COMPLETE,PKR-034,1
2026-10-07 21:18:00,PICK_COMPLETE,PKR-009,1
2026-10-07 21:18:06,PICK_COMPLETE,PKR-029,1
2026-10-07 21:18:07,PICK_COMPLETE,PKR-029,1
2026-10-07 21:18:19,RIDER_CHECKIN,RDR-040,1
2026-10-07 21:18:32,PICK_COMPLETE,PKR-020,1
2026-10-07 21:18:38,PICK_COMPLETE,PKR-022,1
2026-10-07 21:18:38,PICK_COMPLETE,PKR-012,1
2026-10-07 21:18:46,PICK_COMPLETE,PKR-020,1
2026-10-07 21:18:48,PICK_COMPLETE,PKR-027,1
2026-10-07 21:18:52,PICK_COMPLETE,PKR-027,1
2026-10-07 21:18:57,PICK_COMPLETE,PKR-018,1
2026-10-07 21:19:00,RIDER_REJECT,RDR-017,1
2026-10-07 21:19:04,PICK_COMPLETE,PKR-007,1
2026-10-07 21:19:12,PICK_COMPLETE,PKR-015,1
2026-10-07 21:19:14,PICK_COMPLETE,PKR-021,1
2026-10-07 21:19:25,PICK_COMPLETE,PKR-029,1
2026-10-07 21:19:41,PICK_COMPLETE,PKR-031,1
2026-10-07 21:19:41,PICK_COMPLETE,PKR-023,1
2026-10-07 21:19:46,PICK_COMPLETE,PKR-022,1
2026-10-07 21:19:46,PICK_COMPLETE,PKR-029,1
2026-10-07 21:19:48,PICK_COMPLETE,PKR-019,1
2026-10-07 21:19:52,RIDER_CHECKIN,RDR-017,1
2026-10-07 21:19:56,PICK_COMPLETE,PKR-018,1
2026-10-07 21:19:59,PICK_COMPLETE,PKR-005,1
2026-10-07 21:20:04,PICK_COMPLETE,PKR-029,1
2026-10-07 21:20:13,PICK_COMPLETE,PKR-033,1
2026-10-07 21:20:16,PICK_COMPLETE,PKR-024,1
2026-10-07 21:20:22,PICK_COMPLETE,PKR-024,1
2026-10-07 21:20:25,RIDER_CHECKIN,RDR-018,1
2026-10-07 21:20:29,PICK_COMPLETE,PKR-015,1
2026-10-07 21:20:44,PICK_COMPLETE,PKR-033,1
2026-10-07 21:20:46,RIDER_CHECKIN,RDR-039,1
2026-10-07 21:20:51,PICK_COMPLETE,PKR-001,1
2026-10-07 21:20:52,PICK_COMPLETE,PKR-017,1
2026-10-07 21:20:54,PICK_COMPLETE,PKR-011,1
2026-10-07 21:20:55,PICK_COMPLETE,PKR-032,1
2026-10-07 21:21:01,PICK_COMPLETE,PKR-031,1
2026-10-07 21:21:04,PICK_COMPLETE,PKR-007,1
2026-10-07 21:21:06,RIDER_REJECT,RDR-055,1
2026-10-07 21:21:10,PICK_COMPLETE,PKR-007,1
2026-10-07 21:21:14,PICK_COMPLETE,PKR-003,1
2026-10-07 21:21:15,PICK_COMPLETE,PKR-023,1
2026-10-07 21:21:22,PICK_COMPLETE,PKR-014,1
2026-10-07 21:21:22,PICK_COMPLETE,PKR-030,1
2026-10-07 21:21:23,RIDER_CHECKIN,RDR-024,1
2026-10-07 21:21:26,PICK_COMPLETE,PKR-004,1
2026-10-07 21:21:29,PICK_COMPLETE,PKR-013,1
2026-10-07 21:21:34,PICK_COMPLETE,PKR-025,1
2026-10-07 21:21:51,PICK_COMPLETE,PKR-017,1
2026-10-07 21:21:55,PICK_COMPLETE,PKR-030,1
2026-10-07 21:22:05,PICK_COMPLETE,PKR-017,1
2026-10-07 21:22:10,PICK_COMPLETE,PKR-012,1
2026-10-07 21:22:24,PICK_COMPLETE,PKR-011,1
2026-10-07 21:22:27,PICK_COMPLETE,PKR-010,1
2026-10-07 21:22:28,PICK_COMPLETE,PKR-032,1
2026-10-07 21:22:31,PICK_COMPLETE,PKR-033,1
2026-10-07 21:22:43,RIDER_CHECKIN,RDR-057,1
2026-10-07 21:22:48,PICK_COMPLETE,PKR-008,1
2026-10-07 21:22:49,PICK_COMPLETE,PKR-010,1
2026-10-07 21:22:53,PICK_COMPLETE,PKR-001,1
2026-10-07 21:23:03,PICK_COMPLETE,PKR-008,1
2026-10-07 21:23:06,RIDER_REJECT,RDR-030,1
2026-10-07 21:23:19,PICK_COMPLETE,PKR-002,1
2026-10-07 21:23:20,PICK_COMPLETE,PKR-009,1
2026-10-07 21:23:25,PICK_COMPLETE,PKR-016,1
2026-10-07 21:23:28,PICK_COMPLETE,PKR-006,1
2026-10-07 21:23:29,PICK_COMPLETE,PKR-025,1
2026-10-07 21:23:29,PICK_COMPLETE,PKR-006,1
2026-10-07 21:23:29,PICK_COMPLETE,PKR-012,1
2026-10-07 21:23:31,PICK_COMPLETE,PKR-001,1
2026-10-07 21:23:34,PICK_COMPLETE,PKR-009,1
2026-10-07 21:23:37,PICK_COMPLETE,PKR-007,1
2026-10-07 21:23:39,RIDER_CHECKIN,RDR-028,1
2026-10-07 21:24:04,PICK_COMPLETE,PKR-003,1
2026-10-07 21:24:10,RIDER_CHECKIN,RDR-032,1
2026-10-07 21:24:10,PICK_COMPLETE,PKR-012,1
2026-10-07 21:24:16,PICK_COMPLETE,PKR-028,1
2026-10-07 21:24:18,PICK_COMPLETE,PKR-010,1
2026-10-07 21:24:20,PICK_COMPLETE,PKR-029,1
2026-10-07 21:24:22,PICK_COMPLETE,PKR-019,1
2026-10-07 21:24:24,PICK_COMPLETE,PKR-029,1
2026-10-07 21:24:33,PICK_COMPLETE,PKR-016,1
2026-10-07 21:24:34,PICK_COMPLETE,PKR-020,1
2026-10-07 21:24:38,PICK_COMPLETE,PKR-001,1
2026-10-07 21:24:39,RIDER_CHECKIN,RDR-024,1
2026-10-07 21:24:42,PICK_COMPLETE,PKR-016,1
2026-10-07 21:24:55,PICK_COMPLETE,PKR-012,1
2026-10-07 21:24:56,PICKER_IDLE,PKR-009,1
2026-10-07 21:24:59,PICK_COMPLETE,PKR-001,1
2026-10-07 21:25:02,RIDER_CHECKIN,RDR-052,1
2026-10-07 21:25:06,PICK_COMPLETE,PKR-025,1
2026-10-07 21:25:14,PICK_COMPLETE,PKR-016,1
2026-10-07 21:25:16,PICK_COMPLETE,PKR-005,1
2026-10-07 21:25:21,PICK_COMPLETE,PKR-012,1
2026-10-07 21:25:21,PICK_COMPLETE,PKR-002,1
2026-10-07 21:25:23,PICK_COMPLETE,PKR-003,1
2026-10-07 21:25:25,PICK_COMPLETE,PKR-022,1
2026-10-07 21:25:27,PICK_COMPLETE,PKR-003,1
2026-10-07 21:25:31,PICK_COMPLETE,PKR-001,1
2026-10-07 21:25:35,PICK_COMPLETE,PKR-008,1
2026-10-07 21:25:36,PICK_COMPLETE,PKR-013,1
2026-10-07 21:25:37,PICK_COMPLETE,PKR-022,1
2026-10-07 21:25:37,PICK_COMPLETE,PKR-016,1
2026-10-07 21:25:40,RIDER_CHECKIN,RDR-005,1
2026-10-07 21:25:43,RIDER_CHECKIN,RDR-030,1
2026-10-07 21:25:58,PICK_COMPLETE,PKR-002,1
2026-10-07 21:25:59,PICK_COMPLETE,PKR-033,1
2026-10-07 21:26:08,PICK_COMPLETE,PKR-021,1
2026-10-07 21:26:11,PICK_COMPLETE,PKR-007,1
2026-10-07 21:26:12,PICK_COMPLETE,PKR-003,1
2026-10-07 21:26:19,PICK_COMPLETE,PKR-034,1
2026-10-07 21:26:21,RIDER_CHECKIN,RDR-003,1
2026-10-07 21:26:23,PICK_COMPLETE,PKR-022,1
2026-10-07 21:26:30,PICK_COMPLETE,PKR-022,1
2026-10-07 21:26:32,PICK_COMPLETE,PKR-021,1
2026-10-07 21:26:32,PICK_COMPLETE,PKR-033,1
2026-10-07 21:26:40,RIDER_REJECT,RDR-043,1
2026-10-07 21:26:42,PICK_COMPLETE,PKR-021,1
2026-10-07 21:26:42,PICK_COMPLETE,PKR-001,1
2026-10-07 21:26:47,PICK_COMPLETE,PKR-016,1
2026-10-07 21:26:50,PICK_COMPLETE,PKR-029,1
2026-10-07 21:26:52,PICK_COMPLETE,PKR-009,1
2026-10-07 21:26:52,PICK_COMPLETE,PKR-013,1
2026-10-07 21:26:59,PICK_COMPLETE,PKR-002,1
2026-10-07 21:27:00,PICK_COMPLETE,PKR-010,1
2026-10-07 21:27:12,PICK_COMPLETE,PKR-010,1
2026-10-07 21:27:15,PICK_COMPLETE,PKR-001,1
2026-10-07 21:27:16,PICK_COMPLETE,PKR-031,1
2026-10-07 21:27:20,PICK_COMPLETE,PKR-024,1
2026-10-07 21:27:24,PICK_COMPLETE,PKR-002,1
2026-10-07 21:27:24,PICK_COMPLETE,PKR-014,1
2026-10-07 21:27:27,PICK_COMPLETE,PKR-015,1
2026-10-07 21:27:30,PICK_COMPLETE,PKR-012,1
2026-10-07 21:27:30,PICK_COMPLETE,PKR-022,1
2026-10-07 21:27:46,RIDER_CHECKIN,RDR-033,1
2026-10-07 21:27:59,PICK_COMPLETE,PKR-008,1
2026-10-07 21:28:15,PICK_COMPLETE,PKR-027,1
2026-10-07 21:28:17,PICK_COMPLETE,PKR-034,1
2026-10-07 21:28:25,PICK_COMPLETE,PKR-021,1
2026-10-07 21:28:30,PICK_COMPLETE,PKR-028,1
2026-10-07 21:28:32,RIDER_CHECKIN,RDR-023,1
2026-10-07 21:28:32,PICK_COMPLETE,PKR-014,1
2026-10-07 21:28:32,PICK_COMPLETE,PKR-017,1
2026-10-07 21:28:36,RIDER_CHECKIN,RDR-033,1
2026-10-07 21:28:43,PICK_COMPLETE,PKR-017,1
2026-10-07 21:28:50,PICK_COMPLETE,PKR-006,1
2026-10-07 21:28:51,RIDER_CHECKIN,RDR-015,1
2026-10-07 21:28:54,PICK_COMPLETE,PKR-010,1
2026-10-07 21:29:01,PICK_COMPLETE,PKR-002,1
2026-10-07 21:29:10,RIDER_CHECKIN,RDR-001,1
2026-10-07 21:29:10,PICK_COMPLETE,PKR-009,1
2026-10-07 21:29:19,PICK_COMPLETE,PKR-010,1
2026-10-07 21:29:22,PICK_COMPLETE,PKR-008,1
2026-10-07 21:29:27,PICK_COMPLETE,PKR-004,1
2026-10-07 21:29:27,PICK_COMPLETE,PKR-011,1
2026-10-07 21:29:36,PICK_COMPLETE,PKR-026,1
2026-10-07 21:29:41,PICK_COMPLETE,PKR-009,1
2026-10-07 21:29:42,RIDER_CHECKIN,RDR-024,1
2026-10-07 21:29:49,PICK_COMPLETE,PKR-034,1
2026-10-07 21:29:49,PICK_COMPLETE,PKR-029,1
2026-10-07 21:29:51,PICK_COMPLETE,PKR-023,1
2026-10-07 21:29:52,PICK_COMPLETE,PKR-034,1
2026-10-07 21:29:56,PICK_COMPLETE,PKR-005,1
2026-10-07 21:30:06,PICK_COMPLETE,PKR-010,1
2026-10-07 21:30:13,RIDER_CHECKIN,RDR-012,1
2026-10-07 21:30:14,PICK_COMPLETE,PKR-027,1
2026-10-07 21:30:20,RIDER_CHECKIN,RDR-022,1
2026-10-07 21:30:26,PICK_COMPLETE,PKR-009,1
2026-10-07 21:30:29,PICK_COMPLETE,PKR-033,1
2026-10-07 21:30:31,PICK_COMPLETE,PKR-029,1
2026-10-07 21:30:45,PICK_COMPLETE,PKR-016,1
2026-10-07 21:30:50,PICK_COMPLETE,PKR-008,1
2026-10-07 21:30:51,PICK_COMPLETE,PKR-006,1
2026-10-07 21:30:52,RIDER_CHECKIN,RDR-033,1
