order_id,ts,payment_captured,order_status,cancel_reason,batch_size,checkout_cancelled_at,poll_502_ts
ORD-20261007-00001,2026-10-07 18:00:43,True,COMPLETED,,2,,
ORD-20261007-00002,2026-10-07 18:00:14,True,COMPLETED,,2,,
ORD-20261007-00003,2026-10-07 18:00:01,True,COMPLETED,,1,,
ORD-20261007-00004,2026-10-07 18:00:11,True,COMPLETED,,1,,
ORD-20261007-00005,2026-10-07 18:00:23,True,COMPLETED,,1,,
ORD-20261007-00006,2026-10-07 18:00:19,True,COMPLETED,,2,,
ORD-20261007-00007,2026-10-07 18:00:01,True,COMPLETED,,1,,
ORD-20261007-00008,2026-10-07 18:00:45,True,CANCELLED,DISPATCH_TIMEOUT,2,2026-10-07 18:02:14,
ORD-20261007-00009,2026-10-07 18:00:47,True,COMPLETED,,2,,
ORD-20261007-00010,2026-10-07 18:00:01,True,COMPLETED,,2,,
ORD-20261007-00011,2026-10-07 18:00:44,True,COMPLETED,,2,,
ORD-20261007-00012,2026-10-07 18:00:10,True,COMPLETED,,1,,
ORD-20261007-00013,2026-10-07 18:00:42,True,COMPLETED,,2,,
ORD-20261007-00014,2026-10-07 18:00:04,True,COMPLETED,,2,,
ORD-20261007-00015,2026-10-07 18:00:55,True,COMPLETED,,2,,
ORD-20261007-00016,2026-10-07 18:00:02,True,COMPLETED,,1,,
ORD-20261007-00017,2026-10-07 18:00:08,True,COMPLETED,,1,,
ORD-20261007-00018,2026-10-07 18:00:44,True,COMPLETED,,2,,
ORD-20261007-00019,2026-10-07 18:00:31,True,COMPLETED,,2,,
ORD-20261007-00020,2026-10-07 18:00:45,True,COMPLETED,,1,,
ORD-20261007-00021,2026-10-07 18:00:51,True,COMPLETED,,1,,
ORD-20261007-00022,2026-10-07 18:00:27,True,COMPLETED,,1,,
ORD-20261007-00023,2026-10-07 18:00:51,True,COMPLETED,,1,,
ORD-20261007-00024,2026-10-07 18:00:11,True,COMPLETED,,1,,
ORD-20261007-00025,2026-10-07 18:00:55,True,COMPLETED,,1,,
ORD-20261007-00026,2026-10-07 18:00:44,True,COMPLETED,,2,,
ORD-20261007-00027,2026-10-07 18:00:28,True,COMPLETED,,1,,
ORD-20261007-00028,2026-10-07 18:00:02,True,COMPLETED,,1,,
ORD-20261007-00029,2026-10-07 18:00:36,True,COMPLETED,,2,,
ORD-20261007-00030,2026-10-07 18:00:28,True,COMPLETED,,2,,
ORD-20261007-00031,2026-10-07 18:00:40,True,COMPLETED,,2,,
ORD-20261007-00032,2026-10-07 18:00:29,True,COMPLETED,,2,,
ORD-20261007-00033,2026-10-07 18:00:09,True,COMPLETED,,1,,
ORD-20261007-00034,2026-10-07 18:00:33,True,COMPLETED,,1,,
ORD-20261007-00035,2026-10-07 18:00:18,True,COMPLETED,,2,,
ORD-20261007-00036,2026-10-07 18:00:09,True,COMPLETED,,2,,
ORD-20261007-00037,2026-10-07 18:00:21,True,COMPLETED,,2,,
ORD-20261007-00038,2026-10-07 18:00:15,True,COMPLETED,,1,,
ORD-20261007-00039,2026-10-07 18:00:10,True,COMPLETED,,2,,
ORD-20261007-00040,2026-10-07 18:00:30,True,COMPLETED,,2,,
ORD-20261007-00041,2026-10-07 18:00:04,True,COMPLETED,,2,,
ORD-20261007-00042,2026-10-07 18:00:23,True,COMPLETED,,2,,
ORD-20261007-00043,2026-10-07 18:01:15,True,COMPLETED,,1,,
ORD-20261007-00044,2026-10-07 18:01:07,True,COMPLETED,,2,,
ORD-20261007-00045,2026-10-07 18:01:29,True,COMPLETED,,1,,
ORD-20261007-00046,2026-10-07 18:01:42,True,CANCELLED,DISPATCH_TIMEOUT,1,2026-10-07 18:02:36,
ORD-20261007-00047,2026-10-07 18:01:52,True,COMPLETED,,2,,
ORD-20261007-00048,2026-10-07 18:01:55,True,COMPLETED,,2,,
ORD-20261007-00049,2026-10-07 18:01:06,True,COMPLETED,,2,,
ORD-20261007-00050,2026-10-07 18:01:56,True,COMPLETED,,1,,
ORD-20261007-00051,2026-10-07 18:01:21,True,COMPLETED,,2,,
ORD-20261007-00052,2026-10-07 18:01:24,True,COMPLETED,,2,,
ORD-20261007-00053,2026-10-07 18:01:53,True,COMPLETED,,1,,
ORD-20261007-00054,2026-10-07 18:01:42,True,COMPLETED,,2,,
ORD-20261007-00055,2026-10-07 18:01:02,True,COMPLETED,,1,,
ORD-20261007-00056,2026-10-07 18:01:20,True,COMPLETED,,1,,
ORD-20261007-00057,2026-10-07 18:01:05,True,CANCELLED,RIDER_REJECTION,2,2026-10-07 18:03:49,
ORD-20261007-00058,2026-10-07 18:01:29,True,COMPLETED,,1,,
ORD-20261007-00059,2026-10-07 18:01:56,True,COMPLETED,,1,,
ORD-20261007-00060,2026-10-07 18:01:28,True,COMPLETED,,1,,
ORD-20261007-00061,2026-10-07 18:01:28,True,COMPLETED,,1,,
ORD-20261007-00062,2026-10-07 18:01:39,True,COMPLETED,,1,,
ORD-20261007-00063,2026-10-07 18:01:41,True,COMPLETED,,1,,
ORD-20261007-00064,2026-10-07 18:01:19,True,COMPLETED,,1,,
ORD-20261007-00065,2026-10-07 18:01:41,True,COMPLETED,,2,,
ORD-20261007-00066,2026-10-07 18:01:01,True,COMPLETED,,1,,
ORD-20261007-00067,2026-10-07 18:01:15,True,COMPLETED,,2,,
ORD-20261007-00068,2026-10-07 18:01:07,True,COMPLETED,,2,,
ORD-20261007-00069,2026-10-07 18:01:21,True,COMPLETED,,1,,
ORD-20261007-00070,2026-10-07 18:01:59,True,CANCELLED,DISPATCH_TIMEOUT,1,2026-10-07 18:04:16,
ORD-20261007-00071,2026-10-07 18:01:05,True,COMPLETED,,1,,
ORD-20261007-00072,2026-10-07 18:01:07,True,COMPLETED,,1,,
ORD-20261007-00073,2026-10-07 18:01:30,True,COMPLETED,,2,,
ORD-20261007-00074,2026-10-07 18:01:52,True,COMPLETED,,2,,
ORD-20261007-00075,2026-10-07 18:01:36,True,COMPLETED,,2,,
ORD-20261007-00076,2026-10-07 18:01:50,True,COMPLETED,,1,,
ORD-20261007-00077,2026-10-07 18:01:02,True,COMPLETED,,2,,
ORD-20261007-00078,2026-10-07 18:01:12,True,COMPLETED,,2,,
ORD-20261007-00079,2026-10-07 18:01:38,True,COMPLETED,,1,,
ORD-20261007-00080,2026-10-07 18:01:11,True,COMPLETED,,2,,
ORD-20261007-00081,2026-10-07 18:01:42,True,COMPLETED,,2,,
ORD-20261007-00082,2026-10-07 18:01:05,True,COMPLETED,,2,,
ORD-20261007-00083,2026-10-07 18:01:45,True,COMPLETED,,1,,
ORD-20261007-00084,2026-10-07 18:01:17,True,CANCELLED,DISPATCH_TIMEOUT,2,2026-10-07 18:02:20,
ORD-20261007-00085,2026-10-07 18:01:12,True,COMPLETED,,1,,
ORD-20261007-00086,2026-10-07 18:01:41,True,COMPLETED,,1,,
ORD-20261007-00087,2026-10-07 18:01:37,True,COMPLETED,,1,,
ORD-20261007-00088,2026-10-07 18:01:57,True,CANCELLED,RIDER_REJECTION,1,2026-10-07 18:04:19,
ORD-20261007-00089,2026-10-07 18:01:28,True,COMPLETED,,2,,
ORD-20261007-00090,2026-10-07 18:02:26,True,COMPLETED,,2,,
ORD-20261007-00091,2026-10-07 18:02:31,True,COMPLETED,,1,,
ORD-20261007-00092,2026-10-07 18:02:35,True,COMPLETED,,2,,
ORD-20261007-00093,2026-10-07 18:02:59,True,COMPLETED,,1,,
ORD-20261007-00094,2026-10-07 18:02:23,True,COMPLETED,,2,,
ORD-20261007-00095,2026-10-07 18:02:21,True,COMPLETED,,1,,
ORD-20261007-00096,2026-10-07 18:02:10,True,COMPLETED,,2,,
ORD-20261007-00097,2026-10-07 18:02:29,True,COMPLETED,,2,,
ORD-20261007-00098,2026-10-07 18:02:01,True,COMPLETED,,1,,
ORD-20261007-00099,2026-10-07 18:02:24,True,COMPLETED,,1,,
ORD-20261007-00100,2026-10-07 18:02:15,False,CANCELLED,PAYMENT_FAILED,1,2026-10-07 18:03:41,
ORD-20261007-00101,2026-10-07 18:02:07,True,COMPLETED,,2,,
ORD-20261007-00102,2026-10-07 18:02:49,True,COMPLETED,,2,,
ORD-20261007-00103,2026-10-07 18:02:18,True,COMPLETED,,2,,
ORD-20261007-00104,2026-10-07 18:02:44,True,COMPLETED,,1,,
ORD-20261007-00105,2026-10-07 18:02:12,True,COMPLETED,,2,,
ORD-20261007-00106,2026-10-07 18:02:33,True,COMPLETED,,2,,
ORD-20261007-00107,2026-10-07 18:02:19,True,COMPLETED,,1,,
ORD-20261007-00108,2026-10-07 18:02:31,True,COMPLETED,,2,,
ORD-20261007-00109,2026-10-07 18:02:00,True,COMPLETED,,2,,
ORD-20261007-00110,2026-10-07 18:02:59,True,COMPLETED,,2,,
ORD-20261007-00111,2026-10-07 18:02:04,True,COMPLETED,,1,,
ORD-20261007-00112,2026-10-07 18:02:53,True,COMPLETED,,1,,
ORD-20261007-00113,2026-10-07 18:02:44,True,COMPLETED,,1,,
ORD-20261007-00114,2026-10-07 18:02:46,True,COMPLETED,,1,,
ORD-20261007-00115,2026-10-07 18:02:53,True,COMPLETED,,1,,
ORD-20261007-00116,2026-10-07 18:02:53,True,COMPLETED,,2,,
ORD-20261007-00117,2026-10-07 18:02:34,True,COMPLETED,,2,,
ORD-20261007-00118,2026-10-07 18:02:17,True,COMPLETED,,1,,
ORD-20261007-00119,2026-10-07 18:02:06,True,COMPLETED,,2,,
ORD-20261007-00120,2026-10-07 18:02:45,True,COMPLETED,,1,,
ORD-20261007-00121,2026-10-07 18:02:03,True,COMPLETED,,1,,
ORD-20261007-00122,2026-10-07 18:02:15,True,COMPLETED,,1,,
ORD-20261007-00123,2026-10-07 18:02:41,True,COMPLETED,,1,,
ORD-20261007-00124,2026-10-07 18:02:51,True,COMPLETED,,1,,
ORD-20261007-00125,2026-10-07 18:02:48,True,COMPLETED,,2,,
ORD-20261007-00126,2026-10-07 18:02:34,True,COMPLETED,,1,,
ORD-20261007-00127,2026-10-07 18:02:58,True,COMPLETED,,2,,
ORD-20261007-00128,2026-10-07 18:02:26,True,COMPLETED,,1,,
ORD-20261007-00129,2026-10-07 18:02:06,True,COMPLETED,,1,,
ORD-20261007-00130,2026-10-07 18:02:10,True,COMPLETED,,2,,
ORD-20261007-00131,2026-10-07 18:02:20,True,COMPLETED,,2,,
ORD-20261007-00132,2026-10-07 18:02:50,True,COMPLETED,,2,,
ORD-20261007-00133,2026-10-07 18:02:50,True,COMPLETED,,1,,
ORD-20261007-00134,2026-10-07 18:02:18,False,CANCELLED,PAYMENT_FAILED,1,2026-10-07 18:04:21,
ORD-20261007-00135,2026-10-07 18:02:11,True,COMPLETED,,1,,
ORD-20261007-00136,2026-10-07 18:03:33,True,COMPLETED,,1,,
ORD-20261007-00137,2026-10-07 18:03:47,True,COMPLETED,,1,,
ORD-20261007-00138,2026-10-07 18:03:53,True,COMPLETED,,1,,
ORD-20261007-00139,2026-10-07 18:03:14,True,COMPLETED,,2,,
ORD-20261007-00140,2026-10-07 18:03:17,True,COMPLETED,,2,,
ORD-20261007-00141,2026-10-07 18:03:55,True,COMPLETED,,2,,
ORD-20261007-00142,2026-10-07 18:03:58,True,COMPLETED,,1,,
ORD-20261007-00143,2026-10-07 18:03:32,True,COMPLETED,,1,,
ORD-20261007-00144,2026-10-07 18:03:06,True,COMPLETED,,2,,
ORD-20261007-00145,2026-10-07 18:03:31,True,COMPLETED,,2,,
ORD-20261007-00146,2026-10-07 18:03:55,True,COMPLETED,,1,,
ORD-20261007-00147,2026-10-07 18:03:11,True,COMPLETED,,2,,
ORD-20261007-00148,2026-10-07 18:03:05,True,COMPLETED,,2,,
ORD-20261007-00149,2026-10-07 18:03:43,True,COMPLETED,,1,,
ORD-20261007-00150,2026-10-07 18:03:41,True,COMPLETED,,1,,
ORD-20261007-00151,2026-10-07 18:03:45,True,COMPLETED,,2,,
ORD-20261007-00152,2026-10-07 18:03:43,True,COMPLETED,,1,,
ORD-20261007-00153,2026-10-07 18:03:19,True,COMPLETED,,1,,
ORD-20261007-00154,2026-10-07 18:03:57,True,COMPLETED,,1,,
ORD-20261007-00155,2026-10-07 18:03:39,True,COMPLETED,,2,,
ORD-20261007-00156,2026-10-07 18:03:45,False,CANCELLED,PAYMENT_FAILED,1,2026-10-07 18:05:34,
ORD-20261007-00157,2026-10-07 18:03:41,True,COMPLETED,,2,,
ORD-20261007-00158,2026-10-07 18:03:50,True,COMPLETED,,2,,
ORD-20261007-00159,2026-10-07 18:03:28,True,COMPLETED,,1,,
ORD-20261007-00160,2026-10-07 18:03:45,True,COMPLETED,,2,,
ORD-20261007-00161,2026-10-07 18:03:37,True,COMPLETED,,2,,
ORD-20261007-00162,2026-10-07 18:03:17,True,COMPLETED,,2,,
ORD-20261007-00163,2026-10-07 18:03:56,True,COMPLETED,,2,,
ORD-20261007-00164,2026-10-07 18:03:46,True,COMPLETED,,1,,
ORD-20261007-00165,2026-10-07 18:03:50,True,COMPLETED,,2,,
ORD-20261007-00166,2026-10-07 18:03:33,True,COMPLETED,,2,,
ORD-20261007-00167,2026-10-07 18:03:23,True,COMPLETED,,2,,
ORD-20261007-00168,2026-10-07 18:03:00,True,COMPLETED,,2,,
ORD-20261007-00169,2026-10-07 18:03:22,True,COMPLETED,,2,,
ORD-20261007-00170,2026-10-07 18:03:17,True,COMPLETED,,1,,
ORD-20261007-00171,2026-10-07 18:03:50,True,COMPLETED,,2,,
ORD-20261007-00172,2026-10-07 18:03:22,True,COMPLETED,,2,,
ORD-20261007-00173,2026-10-07 18:03:19,True,COMPLETED,,1,,
ORD-20261007-00174,2026-10-07 18:03:22,True,COMPLETED,,1,,
ORD-20261007-00175,2026-10-07 18:03:55,True,COMPLETED,,2,,
ORD-20261007-00176,2026-10-07 18:03:59,True,COMPLETED,,1,,
ORD-20261007-00177,2026-10-07 18:03:13,True,COMPLETED,,1,,
ORD-20261007-00178,2026-10-07 18:03:51,True,COMPLETED,,1,,
ORD-20261007-00179,2026-10-07 18:03:48,True,COMPLETED,,2,,
ORD-20261007-00180,2026-10-07 18:03:55,True,CANCELLED,DISPATCH_TIMEOUT,1,2026-10-07 18:06:00,
ORD-20261007-00181,2026-10-07 18:04:03,True,COMPLETED,,2,,
ORD-20261007-00182,2026-10-07 18:04:53,True,COMPLETED,,2,,
ORD-20261007-00183,2026-10-07 18:04:33,True,COMPLETED,,2,,
ORD-20261007-00184,2026-10-07 18:04:49,True,COMPLETED,,1,,
ORD-20261007-00185,2026-10-07 18:04:02,True,COMPLETED,,2,,
ORD-20261007-00186,2026-10-07 18:04:57,True,COMPLETED,,2,,
ORD-20261007-00187,2026-10-07 18:04:16,True,COMPLETED,,2,,
ORD-20261007-00188,2026-10-07 18:04:56,True,COMPLETED,,1,,
ORD-20261007-00189,2026-10-07 18:04:31,True,COMPLETED,,2,,
ORD-20261007-00190,2026-10-07 18:04:27,True,COMPLETED,,2,,
ORD-20261007-00191,2026-10-07 18:04:07,True,COMPLETED,,2,,
ORD-20261007-00192,2026-10-07 18:04:13,True,COMPLETED,,1,,
ORD-20261007-00193,2026-10-07 18:04:08,True,COMPLETED,,2,,
ORD-20261007-00194,2026-10-07 18:04:32,True,COMPLETED,,1,,
ORD-20261007-00195,2026-10-07 18:04:09,True,COMPLETED,,2,,
ORD-20261007-00196,2026-10-07 18:04:22,True,COMPLETED,,1,,
ORD-20261007-00197,2026-10-07 18:04:54,True,COMPLETED,,2,,
ORD-20261007-00198,2026-10-07 18:04:54,True,COMPLETED,,2,,
ORD-20261007-00199,2026-10-07 18:04:49,True,COMPLETED,,2,,
ORD-20261007-00200,2026-10-07 18:04:37,True,COMPLETED,,2,,
ORD-20261007-00201,2026-10-07 18:04:41,True,COMPLETED,,1,,
ORD-20261007-00202,2026-10-07 18:04:57,True,COMPLETED,,1,,
ORD-20261007-00203,2026-10-07 18:04:46,True,COMPLETED,,1,,
ORD-20261007-00204,2026-10-07 18:04:00,True,COMPLETED,,1,,
ORD-20261007-00205,2026-10-07 18:04:30,True,COMPLETED,,2,,
ORD-20261007-00206,2026-10-07 18:04:20,True,COMPLETED,,1,,
ORD-20261007-00207,2026-10-07 18:04:31,True,COMPLETED,,1,,
ORD-20261007-00208,2026-10-07 18:04:58,True,COMPLETED,,2,,
ORD-20261007-00209,2026-10-07 18:04:19,True,COMPLETED,,2,,
ORD-20261007-00210,2026-10-07 18:04:32,True,COMPLETED,,1,,
ORD-20261007-00211,2026-10-07 18:04:38,True,CANCELLED,DISPATCH_TIMEOUT,1,2026-10-07 18:06:03,
ORD-20261007-00212,2026-10-07 18:04:59,True,COMPLETED,,1,,
ORD-20261007-00213,2026-10-07 18:04:15,True,COMPLETED,,1,,
ORD-20261007-00214,2026-10-07 18:04:48,True,COMPLETED,,2,,
ORD-20261007-00215,2026-10-07 18:04:06,True,COMPLETED,,2,,
ORD-20261007-00216,2026-10-07 18:04:40,True,COMPLETED,,2,,
ORD-20261007-00217,2026-10-07 18:04:28,True,COMPLETED,,1,,
ORD-20261007-00218,2026-10-07 18:04:27,False,CANCELLED,PAYMENT_FAILED,2,2026-10-07 18:06:38,
ORD-20261007-00219,2026-10-07 18:04:33,True,COMPLETED,,1,,
ORD-20261007-00220,2026-10-07 18:04:49,True,COMPLETED,,1,,
ORD-20261007-00221,2026-10-07 18:04:37,True,COMPLETED,,2,,
ORD-20261007-00222,2026-10-07 18:04:51,True,COMPLETED,,1,,
ORD-20261007-00223,2026-10-07 18:04:55,True,COMPLETED,,1,,
ORD-20261007-00224,2026-10-07 18:04:50,True,COMPLETED,,2,,
ORD-20261007-00225,2026-10-07 18:04:11,True,COMPLETED,,2,,
ORD-20261007-00226,2026-10-07 18:05:26,True,COMPLETED,,1,,
ORD-20261007-00227,2026-10-07 18:05:09,True,COMPLETED,,1,,
ORD-20261007-00228,2026-10-07 18:05:24,True,COMPLETED,,2,,
ORD-20261007-00229,2026-10-07 18:05:53,True,COMPLETED,,2,,
ORD-20261007-00230,2026-10-07 18:05:07,True,COMPLETED,,2,,
ORD-20261007-00231,2026-10-07 18:05:54,True,COMPLETED,,1,,
ORD-20261007-00232,2026-10-07 18:05:24,True,COMPLETED,,2,,
ORD-20261007-00233,2026-10-07 18:05:57,True,COMPLETED,,2,,
ORD-20261007-00234,2026-10-07 18:05:40,True,COMPLETED,,2,,
ORD-20261007-00235,2026-10-07 18:05:45,True,COMPLETED,,1,,
ORD-20261007-00236,2026-10-07 18:05:08,True,COMPLETED,,2,,
ORD-20261007-00237,2026-10-07 18:05:13,True,COMPLETED,,1,,
ORD-20261007-00238,2026-10-07 18:05:21,True,COMPLETED,,2,,
ORD-20261007-00239,2026-10-07 18:05:49,True,COMPLETED,,1,,
ORD-20261007-00240,2026-10-07 18:05:46,True,COMPLETED,,1,,
ORD-20261007-00241,2026-10-07 18:05:29,True,COMPLETED,,1,,
ORD-20261007-00242,2026-10-07 18:05:51,True,COMPLETED,,2,,
ORD-20261007-00243,2026-10-07 18:05:54,True,COMPLETED,,2,,
ORD-20261007-00244,2026-10-07 18:05:57,True,COMPLETED,,2,,
ORD-20261007-00245,2026-10-07 18:05:55,True,COMPLETED,,1,,
ORD-20261007-00246,2026-10-07 18:05:25,True,COMPLETED,,1,,
ORD-20261007-00247,2026-10-07 18:05:20,True,COMPLETED,,2,,
ORD-20261007-00248,2026-10-07 18:05:14,True,COMPLETED,,2,,
ORD-20261007-00249,2026-10-07 18:05:29,True,COMPLETED,,2,,
ORD-20261007-00250,2026-10-07 18:05:37,True,COMPLETED,,1,,
ORD-20261007-00251,2026-10-07 18:05:25,True,COMPLETED,,2,,
ORD-20261007-00252,2026-10-07 18:05:12,True,COMPLETED,,1,,
ORD-20261007-00253,2026-10-07 18:05:11,True,COMPLETED,,2,,
ORD-20261007-00254,2026-10-07 18:05:45,True,COMPLETED,,1,,
ORD-20261007-00255,2026-10-07 18:05:51,True,COMPLETED,,2,,
ORD-20261007-00256,2026-10-07 18:05:52,True,COMPLETED,,2,,
ORD-20261007-00257,2026-10-07 18:05:47,True,COMPLETED,,1,,
ORD-20261007-00258,2026-10-07 18:05:50,True,CANCELLED,RIDER_REJECTION,1,2026-10-07 18:06:54,
ORD-20261007-00259,2026-10-07 18:05:23,True,COMPLETED,,2,,
ORD-20261007-00260,2026-10-07 18:05:54,True,COMPLETED,,2,,
ORD-20261007-00261,2026-10-07 18:05:24,True,COMPLETED,,2,,
ORD-20261007-00262,2026-10-07 18:05:45,True,COMPLETED,,1,,
ORD-20261007-00263,2026-10-07 18:05:41,True,COMPLETED,,1,,
ORD-20261007-00264,2026-10-07 18:05:33,True,COMPLETED,,1,,
ORD-20261007-00265,2026-10-07 18:05:33,True,COMPLETED,,2,,
ORD-20261007-00266,2026-10-07 18:05:36,True,COMPLETED,,1,,
ORD-20261007-00267,2026-10-07 18:05:23,True,COMPLETED,,1,,
ORD-20261007-00268,2026-10-07 18:05:34,True,COMPLETED,,1,,
ORD-20261007-00269,2026-10-07 18:05:29,True,COMPLETED,,1,,
ORD-20261007-00270,2026-10-07 18:05:13,True,COMPLETED,,2,,
ORD-20261007-00271,2026-10-07 18:05:47,True,COMPLETED,,2,,
ORD-20261007-00272,2026-10-07 18:05:03,True,COMPLETED,,1,,
ORD-20261007-00273,2026-10-07 18:05:34,True,COMPLETED,,2,,
ORD-20261007-00274,2026-10-07 18:06:05,True,COMPLETED,,2,,
ORD-20261007-00275,2026-10-07 18:06:47,True,COMPLETED,,2,,
ORD-20261007-00276,2026-10-07 18:06:44,True,COMPLETED,,2,,
ORD-20261007-00277,2026-10-07 18:06:29,True,CANCELLED,DISPATCH_TIMEOUT,1,2026-10-07 18:08:20,
ORD-20261007-00278,2026-10-07 18:06:52,False,CANCELLED,PAYMENT_FAILED,2,2026-10-07 18:08:41,
ORD-20261007-00279,2026-10-07 18:06:48,True,COMPLETED,,2,,
ORD-20261007-00280,2026-10-07 18:06:56,True,COMPLETED,,1,,
ORD-20261007-00281,2026-10-07 18:06:51,True,COMPLETED,,2,,
ORD-20261007-00282,2026-10-07 18:06:01,True,COMPLETED,,1,,
ORD-20261007-00283,2026-10-07 18:06:33,True,COMPLETED,,2,,
ORD-20261007-00284,2026-10-07 18:06:30,True,COMPLETED,,2,,
ORD-20261007-00285,2026-10-07 18:06:21,True,COMPLETED,,1,,
ORD-20261007-00286,2026-10-07 18:06:48,True,COMPLETED,,2,,
ORD-20261007-00287,2026-10-07 18:06:18,True,COMPLETED,,1,,
ORD-20261007-00288,2026-10-07 18:06:01,True,COMPLETED,,2,,
ORD-20261007-00289,2026-10-07 18:06:19,False,CANCELLED,PAYMENT_FAILED,1,2026-10-07 18:08:09,
ORD-20261007-00290,2026-10-07 18:06:33,True,COMPLETED,,2,,
ORD-20261007-00291,2026-10-07 18:06:48,True,COMPLETED,,2,,
ORD-20261007-00292,2026-10-07 18:06:24,True,COMPLETED,,1,,
ORD-20261007-00293,2026-10-07 18:06:44,True,COMPLETED,,1,,
ORD-20261007-00294,2026-10-07 18:06:08,True,COMPLETED,,2,,
ORD-20261007-00295,2026-10-07 18:06:53,True,COMPLETED,,2,,
ORD-20261007-00296,2026-10-07 18:06:17,True,COMPLETED,,1,,
ORD-20261007-00297,2026-10-07 18:06:20,True,COMPLETED,,2,,
ORD-20261007-00298,2026-10-07 18:06:27,True,COMPLETED,,1,,
ORD-20261007-00299,2026-10-07 18:06:31,True,COMPLETED,,1,,
ORD-20261007-00300,2026-10-07 18:06:34,True,COMPLETED,,1,,
ORD-20261007-00301,2026-10-07 18:06:50,True,COMPLETED,,1,,
ORD-20261007-00302,2026-10-07 18:06:45,True,COMPLETED,,1,,
ORD-20261007-00303,2026-10-07 18:06:46,True,COMPLETED,,2,,
ORD-20261007-00304,2026-10-07 18:06:11,True,COMPLETED,,2,,
ORD-20261007-00305,2026-10-07 18:06:01,True,COMPLETED,,1,,
ORD-20261007-00306,2026-10-07 18:06:43,True,COMPLETED,,1,,
ORD-20261007-00307,2026-10-07 18:06:04,True,COMPLETED,,1,,
ORD-20261007-00308,2026-10-07 18:06:47,True,COMPLETED,,2,,
ORD-20261007-00309,2026-10-07 18:06:41,True,COMPLETED,,2,,
ORD-20261007-00310,2026-10-07 18:06:31,True,COMPLETED,,2,,
ORD-20261007-00311,2026-10-07 18:06:55,True,COMPLETED,,2,,
ORD-20261007-00312,2026-10-07 18:06:18,True,COMPLETED,,2,,
ORD-20261007-00313,2026-10-07 18:06:56,True,COMPLETED,,1,,
ORD-20261007-00314,2026-10-07 18:06:40,True,COMPLETED,,2,,
ORD-20261007-00315,2026-10-07 18:06:59,True,COMPLETED,,1,,
ORD-20261007-00316,2026-10-07 18:07:47,True,COMPLETED,,1,,
ORD-20261007-00317,2026-10-07 18:07:02,True,COMPLETED,,2,,
ORD-20261007-00318,2026-10-07 18:07:21,True,COMPLETED,,2,,
ORD-20261007-00319,2026-10-07 18:07:30,True,COMPLETED,,2,,
ORD-20261007-00320,2026-10-07 18:07:08,True,COMPLETED,,2,,
ORD-20261007-00321,2026-10-07 18:07:06,True,COMPLETED,,1,,
ORD-20261007-00322,2026-10-07 18:07:21,True,COMPLETED,,2,,
ORD-20261007-00323,2026-10-07 18:07:41,True,COMPLETED,,2,,
ORD-20261007-00324,2026-10-07 18:07:32,True,COMPLETED,,1,,
ORD-20261007-00325,2026-10-07 18:07:23,True,COMPLETED,,2,,
ORD-20261007-00326,2026-10-07 18:07:04,True,COMPLETED,,1,,
ORD-20261007-00327,2026-10-07 18:07:59,True,COMPLETED,,1,,
ORD-20261007-00328,2026-10-07 18:07:34,True,COMPLETED,,2,,
ORD-20261007-00329,2026-10-07 18:07:21,True,COMPLETED,,2,,
ORD-20261007-00330,2026-10-07 18:07:46,False,CANCELLED,PAYMENT_FAILED,1,2026-10-07 18:08:27,
ORD-20261007-00331,2026-10-07 18:07:27,True,COMPLETED,,2,,
ORD-20261007-00332,2026-10-07 18:07:16,True,COMPLETED,,1,,
ORD-20261007-00333,2026-10-07 18:07:34,True,COMPLETED,,2,,
ORD-20261007-00334,2026-10-07 18:07:54,True,COMPLETED,,1,,
ORD-20261007-00335,2026-10-07 18:07:12,True,COMPLETED,,2,,
ORD-20261007-00336,2026-10-07 18:07:25,True,COMPLETED,,1,,
ORD-20261007-00337,2026-10-07 18:07:28,True,COMPLETED,,2,,
ORD-20261007-00338,2026-10-07 18:07:45,True,COMPLETED,,2,,
ORD-20261007-00339,2026-10-07 18:07:06,True,COMPLETED,,2,,
ORD-20261007-00340,2026-10-07 18:07:40,True,COMPLETED,,2,,
ORD-20261007-00341,2026-10-07 18:07:52,True,CANCELLED,RIDER_REJECTION,1,2026-10-07 18:10:45,
ORD-20261007-00342,2026-10-07 18:07:27,True,COMPLETED,,2,,
ORD-20261007-00343,2026-10-07 18:07:48,True,COMPLETED,,1,,
ORD-20261007-00344,2026-10-07 18:07:13,True,COMPLETED,,2,,
ORD-20261007-00345,2026-10-07 18:07:27,True,COMPLETED,,2,,
ORD-20261007-00346,2026-10-07 18:07:41,True,COMPLETED,,2,,
ORD-20261007-00347,2026-10-07 18:07:38,True,COMPLETED,,2,,
ORD-20261007-00348,2026-10-07 18:07:22,True,COMPLETED,,1,,
ORD-20261007-00349,2026-10-07 18:07:47,True,COMPLETED,,2,,
ORD-20261007-00350,2026-10-07 18:07:26,True,COMPLETED,,2,,
ORD-20261007-00351,2026-10-07 18:07:12,True,COMPLETED,,2,,
ORD-20261007-00352,2026-10-07 18:07:13,True,COMPLETED,,1,,
ORD-20261007-00353,2026-10-07 18:07:46,True,COMPLETED,,2,,
ORD-20261007-00354,2026-10-07 18:07:22,True,COMPLETED,,1,,
ORD-20261007-00355,2026-10-07 18:07:48,True,COMPLETED,,2,,
ORD-20261007-00356,2026-10-07 18:07:45,True,COMPLETED,,1,,
ORD-20261007-00357,2026-10-07 18:07:39,True,COMPLETED,,1,,
ORD-20261007-00358,2026-10-07 18:07:44,True,COMPLETED,,2,,
ORD-20261007-00359,2026-10-07 18:07:24,True,COMPLETED,,1,,
ORD-20261007-00360,2026-10-07 18:07:19,True,COMPLETED,,1,,
ORD-20261007-00361,2026-10-07 18:07:24,True,COMPLETED,,2,,
ORD-20261007-00362,2026-10-07 18:08:24,True,COMPLETED,,1,,
ORD-20261007-00363,2026-10-07 18:08:55,True,COMPLETED,,2,,
ORD-20261007-00364,2026-10-07 18:08:37,True,COMPLETED,,1,,
ORD-20261007-00365,2026-10-07 18:08:01,True,COMPLETED,,2,,
ORD-20261007-00366,2026-10-07 18:08:07,True,COMPLETED,,1,,
ORD-20261007-00367,2026-10-07 18:08:16,True,COMPLETED,,1,,
ORD-20261007-00368,2026-10-07 18:08:31,True,COMPLETED,,1,,
ORD-20261007-00369,2026-10-07 18:08:09,True,COMPLETED,,1,,
ORD-20261007-00370,2026-10-07 18:08:32,True,COMPLETED,,1,,
ORD-20261007-00371,2026-10-07 18:08:32,True,COMPLETED,,1,,
ORD-20261007-00372,2026-10-07 18:08:01,True,COMPLETED,,1,,
ORD-20261007-00373,2026-10-07 18:08:06,True,COMPLETED,,1,,
ORD-20261007-00374,2026-10-07 18:08:08,True,CANCELLED,DISPATCH_TIMEOUT,2,2026-10-07 18:10:07,
ORD-20261007-00375,2026-10-07 18:08:32,True,COMPLETED,,2,,
ORD-20261007-00376,2026-10-07 18:08:23,True,COMPLETED,,2,,
ORD-20261007-00377,2026-10-07 18:08:52,True,COMPLETED,,2,,
ORD-20261007-00378,2026-10-07 18:08:07,True,COMPLETED,,1,,
ORD-20261007-00379,2026-10-07 18:08:18,True,CANCELLED,DISPATCH_TIMEOUT,2,2026-10-07 18:09:18,
ORD-20261007-00380,2026-10-07 18:08:38,True,CANCELLED,RIDER_REJECTION,1,2026-10-07 18:10:41,
ORD-20261007-00381,2026-10-07 18:08:23,True,COMPLETED,,2,,
ORD-20261007-00382,2026-10-07 18:08:52,True,COMPLETED,,1,,
ORD-20261007-00383,2026-10-07 18:08:09,True,COMPLETED,,2,,
ORD-20261007-00384,2026-10-07 18:08:19,True,COMPLETED,,1,,
ORD-20261007-00385,2026-10-07 18:08:15,True,COMPLETED,,2,,
ORD-20261007-00386,2026-10-07 18:08:16,False,CANCELLED,PAYMENT_FAILED,2,2026-10-07 18:10:35,
ORD-20261007-00387,2026-10-07 18:08:09,True,COMPLETED,,2,,
ORD-20261007-00388,2026-10-07 18:08:03,True,COMPLETED,,1,,
ORD-20261007-00389,2026-10-07 18:08:41,True,COMPLETED,,1,,
ORD-20261007-00390,2026-10-07 18:08:21,True,COMPLETED,,2,,
ORD-20261007-00391,2026-10-07 18:08:35,True,COMPLETED,,2,,
ORD-20261007-00392,2026-10-07 18:08:33,True,COMPLETED,,2,,
ORD-20261007-00393,2026-10-07 18:08:40,True,COMPLETED,,2,,
ORD-20261007-00394,2026-10-07 18:08:19,True,COMPLETED,,2,,
ORD-20261007-00395,2026-10-07 18:08:14,True,COMPLETED,,1,,
ORD-20261007-00396,2026-10-07 18:08:59,True,COMPLETED,,1,,
ORD-20261007-00397,2026-10-07 18:08:48,True,COMPLETED,,2,,
ORD-20261007-00398,2026-10-07 18:08:17,True,COMPLETED,,1,,
ORD-20261007-00399,2026-10-07 18:08:19,True,COMPLETED,,1,,
ORD-20261007-00400,2026-10-07 18:08:57,True,COMPLETED,,2,,
ORD-20261007-00401,2026-10-07 18:08:09,True,COMPLETED,,1,,
ORD-20261007-00402,2026-10-07 18:08:08,True,COMPLETED,,2,,
ORD-20261007-00403,2026-10-07 18:08:31,True,COMPLETED,,2,,
ORD-20261007-00404,2026-10-07 18:08:09,True,COMPLETED,,1,,
ORD-20261007-00405,2026-10-07 18:09:14,True,COMPLETED,,1,,
ORD-20261007-00406,2026-10-07 18:09:47,True,CANCELLED,DISPATCH_TIMEOUT,1,2026-10-07 18:12:34,
ORD-20261007-00407,2026-10-07 18:09:06,True,COMPLETED,,1,,
ORD-20261007-00408,2026-10-07 18:09:20,True,COMPLETED,,1,,
ORD-20261007-00409,2026-10-07 18:09:09,True,COMPLETED,,2,,
ORD-20261007-00410,2026-10-07 18:09:15,True,COMPLETED,,1,,
ORD-20261007-00411,2026-10-07 18:09:15,True,COMPLETED,,1,,
ORD-20261007-00412,2026-10-07 18:09:56,True,COMPLETED,,2,,
ORD-20261007-00413,2026-10-07 18:09:11,True,COMPLETED,,2,,
ORD-20261007-00414,2026-10-07 18:09:13,True,COMPLETED,,2,,
ORD-20261007-00415,2026-10-07 18:09:10,True,COMPLETED,,2,,
ORD-20261007-00416,2026-10-07 18:09:44,True,COMPLETED,,1,,
ORD-20261007-00417,2026-10-07 18:09:11,True,COMPLETED,,1,,
ORD-20261007-00418,2026-10-07 18:09:29,True,COMPLETED,,1,,
ORD-20261007-00419,2026-10-07 18:09:55,True,COMPLETED,,1,,
ORD-20261007-00420,2026-10-07 18:09:36,True,COMPLETED,,2,,
ORD-20261007-00421,2026-10-07 18:09:08,True,COMPLETED,,1,,
ORD-20261007-00422,2026-10-07 18:09:52,True,COMPLETED,,2,,
ORD-20261007-00423,2026-10-07 18:09:49,True,COMPLETED,,2,,
ORD-20261007-00424,2026-10-07 18:09:51,True,COMPLETED,,2,,
ORD-20261007-00425,2026-10-07 18:09:37,True,COMPLETED,,2,,
ORD-20261007-00426,2026-10-07 18:09:28,True,COMPLETED,,1,,
ORD-20261007-00427,2026-10-07 18:09:04,True,COMPLETED,,1,,
ORD-20261007-00428,2026-10-07 18:09:39,True,COMPLETED,,2,,
ORD-20261007-00429,2026-10-07 18:09:19,True,COMPLETED,,1,,
ORD-20261007-00430,2026-10-07 18:09:15,True,COMPLETED,,1,,
ORD-20261007-00431,2026-10-07 18:09:29,True,COMPLETED,,2,,
ORD-20261007-00432,2026-10-07 18:09:31,True,COMPLETED,,1,,
ORD-20261007-00433,2026-10-07 18:09:46,True,COMPLETED,,2,,
ORD-20261007-00434,2026-10-07 18:09:34,True,COMPLETED,,1,,
ORD-20261007-00435,2026-10-07 18:09:23,True,COMPLETED,,1,,
ORD-20261007-00436,2026-10-07 18:09:35,True,COMPLETED,,1,,
ORD-20261007-00437,2026-10-07 18:09:10,True,COMPLETED,,1,,
ORD-20261007-00438,2026-10-07 18:09:23,True,COMPLETED,,1,,
ORD-20261007-00439,2026-10-07 18:09:00,True,COMPLETED,,2,,
ORD-20261007-00440,2026-10-07 18:09:28,True,COMPLETED,,2,,
ORD-20261007-00441,2026-10-07 18:09:22,True,COMPLETED,,1,,
ORD-20261007-00442,2026-10-07 18:09:08,True,COMPLETED,,2,,
ORD-20261007-00443,2026-10-07 18:09:43,True,COMPLETED,,2,,
ORD-20261007-00444,2026-10-07 18:09:18,True,COMPLETED,,1,,
ORD-20261007-00445,2026-10-07 18:09:53,True,COMPLETED,,1,,
ORD-20261007-00446,2026-10-07 18:09:40,True,COMPLETED,,2,,
ORD-20261007-00447,2026-10-07 18:10:23,True,CANCELLED,DISPATCH_TIMEOUT,1,2026-10-07 18:12:47,
ORD-20261007-00448,2026-10-07 18:10:38,True,COMPLETED,,2,,
ORD-20261007-00449,2026-10-07 18:10:14,True,COMPLETED,,1,,
ORD-20261007-00450,2026-10-07 18:10:05,True,COMPLETED,,1,,
ORD-20261007-00451,2026-10-07 18:10:46,True,COMPLETED,,2,,
ORD-20261007-00452,2026-10-07 18:10:29,True,COMPLETED,,1,,
ORD-20261007-00453,2026-10-07 18:10:09,True,COMPLETED,,2,,
ORD-20261007-00454,2026-10-07 18:10:16,True,COMPLETED,,2,,
ORD-20261007-00455,2026-10-07 18:10:26,True,COMPLETED,,1,,
ORD-20261007-00456,2026-10-07 18:10:52,True,COMPLETED,,1,,
ORD-20261007-00457,2026-10-07 18:10:26,True,COMPLETED,,2,,
ORD-20261007-00458,2026-10-07 18:10:10,True,COMPLETED,,1,,
ORD-20261007-00459,2026-10-07 18:10:26,True,COMPLETED,,2,,
ORD-20261007-00460,2026-10-07 18:10:57,True,COMPLETED,,2,,
ORD-20261007-00461,2026-10-07 18:10:43,True,COMPLETED,,1,,
ORD-20261007-00462,2026-10-07 18:10:54,True,COMPLETED,,1,,
ORD-20261007-00463,2026-10-07 18:10:36,True,COMPLETED,,2,,
ORD-20261007-00464,2026-10-07 18:10:16,True,COMPLETED,,1,,
ORD-20261007-00465,2026-10-07 18:10:06,True,COMPLETED,,1,,
ORD-20261007-00466,2026-10-07 18:10:46,True,COMPLETED,,2,,
ORD-20261007-00467,2026-10-07 18:10:18,True,COMPLETED,,1,,
ORD-20261007-00468,2026-10-07 18:10:27,True,COMPLETED,,2,,
ORD-20261007-00469,2026-10-07 18:10:55,True,COMPLETED,,1,,
ORD-20261007-00470,2026-10-07 18:10:54,True,COMPLETED,,1,,
ORD-20261007-00471,2026-10-07 18:10:57,True,COMPLETED,,2,,
ORD-20261007-00472,2026-10-07 18:10:02,True,COMPLETED,,1,,
ORD-20261007-00473,2026-10-07 18:10:23,True,COMPLETED,,1,,
ORD-20261007-00474,2026-10-07 18:10:10,True,CANCELLED,RIDER_REJECTION,1,2026-10-07 18:11:20,
ORD-20261007-00475,2026-10-07 18:10:42,True,COMPLETED,,2,,
ORD-20261007-00476,2026-10-07 18:10:03,True,COMPLETED,,2,,
ORD-20261007-00477,2026-10-07 18:10:42,True,COMPLETED,,2,,
ORD-20261007-00478,2026-10-07 18:10:01,True,COMPLETED,,2,,
ORD-20261007-00479,2026-10-07 18:10:40,True,COMPLETED,,1,,
ORD-20261007-00480,2026-10-07 18:10:35,True,COMPLETED,,2,,
ORD-20261007-00481,2026-10-07 18:10:28,True,COMPLETED,,2,,
ORD-20261007-00482,2026-10-07 18:10:45,True,COMPLETED,,2,,
ORD-20261007-00483,2026-10-07 18:10:59,True,COMPLETED,,1,,
ORD-20261007-00484,2026-10-07 18:10:55,True,COMPLETED,,1,,
ORD-20261007-00485,2026-10-07 18:10:47,True,COMPLETED,,1,,
ORD-20261007-00486,2026-10-07 18:10:41,True,COMPLETED,,1,,
ORD-20261007-00487,2026-10-07 18:10:15,True,COMPLETED,,1,,
ORD-20261007-00488,2026-10-07 18:10:43,True,COMPLETED,,2,,
ORD-20261007-00489,2026-10-07 18:10:14,True,COMPLETED,,2,,
ORD-20261007-00490,2026-10-07 18:10:41,True,COMPLETED,,1,,
ORD-20261007-00491,2026-10-07 18:10:30,True,COMPLETED,,2,,
ORD-20261007-00492,2026-10-07 18:11:33,True,COMPLETED,,1,,
ORD-20261007-00493,2026-10-07 18:11:02,True,COMPLETED,,1,,
ORD-20261007-00494,2026-10-07 18:11:35,False,CANCELLED,PAYMENT_FAILED,1,2026-10-07 18:12:39,
ORD-20261007-00495,2026-10-07 18:11:49,True,COMPLETED,,1,,
ORD-20261007-00496,2026-10-07 18:11:44,True,COMPLETED,,1,,
ORD-20261007-00497,2026-10-07 18:11:51,True,COMPLETED,,1,,
ORD-20261007-00498,2026-10-07 18:11:00,True,COMPLETED,,1,,
ORD-20261007-00499,2026-10-07 18:11:21,True,COMPLETED,,1,,
ORD-20261007-00500,2026-10-07 18:11:11,True,COMPLETED,,1,,
ORD-20261007-00501,2026-10-07 18:11:04,True,COMPLETED,,2,,
ORD-20261007-00502,2026-10-07 18:11:54,True,COMPLETED,,2,,
ORD-20261007-00503,2026-10-07 18:11:58,True,CANCELLED,RIDER_REJECTION,1,2026-10-07 18:14:50,
ORD-20261007-00504,2026-10-07 18:11:04,True,COMPLETED,,2,,
ORD-20261007-00505,2026-10-07 18:11:13,True,COMPLETED,,1,,
ORD-20261007-00506,2026-10-07 18:11:32,True,COMPLETED,,1,,
ORD-20261007-00507,2026-10-07 18:11:17,True,COMPLETED,,2,,
ORD-20261007-00508,2026-10-07 18:11:10,True,CANCELLED,DISPATCH_TIMEOUT,1,2026-10-07 18:13:29,
ORD-20261007-00509,2026-10-07 18:11:02,True,COMPLETED,,2,,
ORD-20261007-00510,2026-10-07 18:11:21,True,COMPLETED,,1,,
ORD-20261007-00511,2026-10-07 18:11:30,True,COMPLETED,,2,,
ORD-20261007-00512,2026-10-07 18:11:15,True,COMPLETED,,2,,
ORD-20261007-00513,2026-10-07 18:11:10,True,COMPLETED,,2,,
ORD-20261007-00514,2026-10-07 18:11:04,True,COMPLETED,,1,,
ORD-20261007-00515,2026-10-07 18:11:51,True,COMPLETED,,2,,
ORD-20261007-00516,2026-10-07 18:11:17,True,COMPLETED,,2,,
ORD-20261007-00517,2026-10-07 18:11:01,True,COMPLETED,,1,,
ORD-20261007-00518,2026-10-07 18:11:41,True,COMPLETED,,2,,
ORD-20261007-00519,2026-10-07 18:11:23,True,COMPLETED,,2,,
ORD-20261007-00520,2026-10-07 18:11:05,True,COMPLETED,,2,,
ORD-20261007-00521,2026-10-07 18:11:55,True,COMPLETED,,1,,
ORD-20261007-00522,2026-10-07 18:11:55,True,COMPLETED,,2,,
ORD-20261007-00523,2026-10-07 18:11:38,True,COMPLETED,,2,,
ORD-20261007-00524,2026-10-07 18:11:25,True,COMPLETED,,1,,
ORD-20261007-00525,2026-10-07 18:11:03,True,COMPLETED,,2,,
ORD-20261007-00526,2026-10-07 18:11:05,True,COMPLETED,,1,,
ORD-20261007-00527,2026-10-07 18:11:42,True,COMPLETED,,2,,
ORD-20261007-00528,2026-10-07 18:11:35,True,COMPLETED,,2,,
ORD-20261007-00529,2026-10-07 18:11:44,True,COMPLETED,,2,,
ORD-20261007-00530,2026-10-07 18:11:00,True,COMPLETED,,1,,
ORD-20261007-00531,2026-10-07 18:11:19,True,COMPLETED,,2,,
ORD-20261007-00532,2026-10-07 18:11:48,True,COMPLETED,,1,,
ORD-20261007-00533,2026-10-07 18:11:41,True,COMPLETED,,2,,
ORD-20261007-00534,2026-10-07 18:11:48,True,COMPLETED,,1,,
ORD-20261007-00535,2026-10-07 18:11:11,True,COMPLETED,,1,,
ORD-20261007-00536,2026-10-07 18:11:29,True,COMPLETED,,1,,
ORD-20261007-00537,2026-10-07 18:11:06,True,COMPLETED,,1,,
ORD-20261007-00538,2026-10-07 18:11:05,True,COMPLETED,,1,,
ORD-20261007-00539,2026-10-07 18:11:07,True,CANCELLED,DISPATCH_TIMEOUT,1,2026-10-07 18:12:20,
ORD-20261007-00540,2026-10-07 18:12:43,True,COMPLETED,,1,,
ORD-20261007-00541,2026-10-07 18:12:56,True,COMPLETED,,2,,
ORD-20261007-00542,2026-10-07 18:12:47,True,COMPLETED,,1,,
ORD-20261007-00543,2026-10-07 18:12:52,True,COMPLETED,,2,,
ORD-20261007-00544,2026-10-07 18:12:16,True,COMPLETED,,2,,
ORD-20261007-00545,2026-10-07 18:12:18,True,CANCELLED,DISPATCH_TIMEOUT,1,2026-10-07 18:14:04,
ORD-20261007-00546,2026-10-07 18:12:16,True,COMPLETED,,2,,
ORD-20261007-00547,2026-10-07 18:12:02,True,COMPLETED,,1,,
ORD-20261007-00548,2026-10-07 18:12:06,True,COMPLETED,,1,,
ORD-20261007-00549,2026-10-07 18:12:33,True,COMPLETED,,1,,
ORD-20261007-00550,2026-10-07 18:12:04,True,COMPLETED,,1,,
ORD-20261007-00551,2026-10-07 18:12:04,True,COMPLETED,,2,,
ORD-20261007-00552,2026-10-07 18:12:20,True,COMPLETED,,1,,
ORD-20261007-00553,2026-10-07 18:12:11,True,COMPLETED,,1,,
ORD-20261007-00554,2026-10-07 18:12:57,True,COMPLETED,,2,,
ORD-20261007-00555,2026-10-07 18:12:57,True,COMPLETED,,1,,
ORD-20261007-00556,2026-10-07 18:12:38,True,COMPLETED,,2,,
ORD-20261007-00557,2026-10-07 18:12:42,True,COMPLETED,,1,,
ORD-20261007-00558,2026-10-07 18:12:29,True,COMPLETED,,1,,
ORD-20261007-00559,2026-10-07 18:12:19,True,COMPLETED,,2,,
ORD-20261007-00560,2026-10-07 18:12:39,True,COMPLETED,,1,,
ORD-20261007-00561,2026-10-07 18:12:16,True,COMPLETED,,1,,
ORD-20261007-00562,2026-10-07 18:12:11,True,COMPLETED,,1,,
ORD-20261007-00563,2026-10-07 18:12:37,True,COMPLETED,,1,,
ORD-20261007-00564,2026-10-07 18:12:05,True,COMPLETED,,1,,
ORD-20261007-00565,2026-10-07 18:12:21,True,COMPLETED,,2,,
ORD-20261007-00566,2026-10-07 18:12:34,True,COMPLETED,,1,,
ORD-20261007-00567,2026-10-07 18:12:29,True,CANCELLED,DISPATCH_TIMEOUT,2,2026-10-07 18:14:00,
ORD-20261007-00568,2026-10-07 18:12:51,True,COMPLETED,,1,,
ORD-20261007-00569,2026-10-07 18:12:08,True,COMPLETED,,2,,
ORD-20261007-00570,2026-10-07 18:12:26,True,CANCELLED,RIDER_REJECTION,1,2026-10-07 18:13:41,
ORD-20261007-00571,2026-10-07 18:12:02,True,COMPLETED,,1,,
ORD-20261007-00572,2026-10-07 18:12:01,True,COMPLETED,,1,,
ORD-20261007-00573,2026-10-07 18:12:04,True,COMPLETED,,2,,
ORD-20261007-00574,2026-10-07 18:12:56,True,COMPLETED,,2,,
ORD-20261007-00575,2026-10-07 18:12:36,True,COMPLETED,,1,,
ORD-20261007-00576,2026-10-07 18:12:03,True,COMPLETED,,2,,
ORD-20261007-00577,2026-10-07 18:12:06,True,COMPLETED,,2,,
ORD-20261007-00578,2026-10-07 18:12:18,True,COMPLETED,,2,,
ORD-20261007-00579,2026-10-07 18:12:26,True,COMPLETED,,1,,
ORD-20261007-00580,2026-10-07 18:12:48,True,COMPLETED,,1,,
ORD-20261007-00581,2026-10-07 18:12:50,True,COMPLETED,,1,,
ORD-20261007-00582,2026-10-07 18:12:50,True,COMPLETED,,2,,
ORD-20261007-00583,2026-10-07 18:12:13,False,CANCELLED,PAYMENT_FAILED,1,2026-10-07 18:14:00,
ORD-20261007-00584,2026-10-07 18:12:04,True,COMPLETED,,1,,
ORD-20261007-00585,2026-10-07 18:12:11,True,COMPLETED,,1,,
ORD-20261007-00586,2026-10-07 18:12:33,True,COMPLETED,,2,,
ORD-20261007-00587,2026-10-07 18:13:54,True,COMPLETED,,2,,
ORD-20261007-00588,2026-10-07 18:13:44,True,COMPLETED,,2,,
ORD-20261007-00589,2026-10-07 18:13:11,True,COMPLETED,,1,,
ORD-20261007-00590,2026-10-07 18:13:27,True,COMPLETED,,2,,
ORD-20261007-00591,2026-10-07 18:13:08,True,COMPLETED,,2,,
ORD-20261007-00592,2026-10-07 18:13:19,True,COMPLETED,,1,,
ORD-20261007-00593,2026-10-07 18:13:31,True,COMPLETED,,1,,
ORD-20261007-00594,2026-10-07 18:13:01,True,COMPLETED,,1,,
ORD-20261007-00595,2026-10-07 18:13:17,True,COMPLETED,,1,,
ORD-20261007-00596,2026-10-07 18:13:56,True,COMPLETED,,1,,
ORD-20261007-00597,2026-10-07 18:13:10,True,COMPLETED,,2,,
ORD-20261007-00598,2026-10-07 18:13:10,True,COMPLETED,,1,,
ORD-20261007-00599,2026-10-07 18:13:51,True,COMPLETED,,2,,
ORD-20261007-00600,2026-10-07 18:13:41,True,COMPLETED,,1,,
ORD-20261007-00601,2026-10-07 18:13:19,True,COMPLETED,,2,,
ORD-20261007-00602,2026-10-07 18:13:22,True,COMPLETED,,1,,
ORD-20261007-00603,2026-10-07 18:13:31,True,COMPLETED,,1,,
ORD-20261007-00604,2026-10-07 18:13:00,True,COMPLETED,,1,,
ORD-20261007-00605,2026-10-07 18:13:43,True,COMPLETED,,1,,
ORD-20261007-00606,2026-10-07 18:13:39,True,COMPLETED,,2,,
ORD-20261007-00607,2026-10-07 18:13:17,True,COMPLETED,,2,,
ORD-20261007-00608,2026-10-07 18:13:08,True,COMPLETED,,2,,
ORD-20261007-00609,2026-10-07 18:13:39,True,COMPLETED,,2,,
ORD-20261007-00610,2026-10-07 18:13:33,True,COMPLETED,,2,,
ORD-20261007-00611,2026-10-07 18:13:56,True,COMPLETED,,2,,
ORD-20261007-00612,2026-10-07 18:13:08,True,COMPLETED,,1,,
ORD-20261007-00613,2026-10-07 18:13:23,False,CANCELLED,PAYMENT_FAILED,1,2026-10-07 18:15:40,
ORD-20261007-00614,2026-10-07 18:13:44,True,COMPLETED,,2,,
ORD-20261007-00615,2026-10-07 18:13:04,True,COMPLETED,,1,,
ORD-20261007-00616,2026-10-07 18:13:41,True,COMPLETED,,2,,
ORD-20261007-00617,2026-10-07 18:13:04,True,COMPLETED,,1,,
ORD-20261007-00618,2026-10-07 18:13:31,True,COMPLETED,,1,,
ORD-20261007-00619,2026-10-07 18:13:52,True,COMPLETED,,1,,
ORD-20261007-00620,2026-10-07 18:13:30,True,COMPLETED,,2,,
ORD-20261007-00621,2026-10-07 18:13:30,True,COMPLETED,,2,,
ORD-20261007-00622,2026-10-07 18:13:39,True,COMPLETED,,2,,
ORD-20261007-00623,2026-10-07 18:13:30,True,COMPLETED,,1,,
ORD-20261007-00624,2026-10-07 18:13:17,True,COMPLETED,,1,,
ORD-20261007-00625,2026-10-07 18:13:37,True,COMPLETED,,2,,
ORD-20261007-00626,2026-10-07 18:13:03,True,COMPLETED,,1,,
ORD-20261007-00627,2026-10-07 18:13:51,True,COMPLETED,,1,,
ORD-20261007-00628,2026-10-07 18:13:39,True,COMPLETED,,1,,
ORD-20261007-00629,2026-10-07 18:13:09,True,COMPLETED,,2,,
ORD-20261007-00630,2026-10-07 18:13:05,True,COMPLETED,,2,,
ORD-20261007-00631,2026-10-07 18:13:55,True,COMPLETED,,2,,
ORD-20261007-00632,2026-10-07 18:13:33,True,COMPLETED,,2,,
ORD-20261007-00633,2026-10-07 18:13:59,True,COMPLETED,,2,,
ORD-20261007-00634,2026-10-07 18:14:04,True,COMPLETED,,2,,
ORD-20261007-00635,2026-10-07 18:14:19,True,COMPLETED,,1,,
ORD-20261007-00636,2026-10-07 18:14:00,True,COMPLETED,,1,,
ORD-20261007-00637,2026-10-07 18:14:15,True,COMPLETED,,1,,
ORD-20261007-00638,2026-10-07 18:14:02,True,COMPLETED,,1,,
ORD-20261007-00639,2026-10-07 18:14:52,True,COMPLETED,,1,,
ORD-20261007-00640,2026-10-07 18:14:40,True,COMPLETED,,1,,
ORD-20261007-00641,2026-10-07 18:14:19,True,COMPLETED,,1,,
ORD-20261007-00642,2026-10-07 18:14:41,True,COMPLETED,,2,,
ORD-20261007-00643,2026-10-07 18:14:00,True,COMPLETED,,1,,
ORD-20261007-00644,2026-10-07 18:14:59,True,COMPLETED,,1,,
ORD-20261007-00645,2026-10-07 18:14:56,True,COMPLETED,,1,,
ORD-20261007-00646,2026-10-07 18:14:01,True,COMPLETED,,1,,
ORD-20261007-00647,2026-10-07 18:14:27,True,COMPLETED,,1,,
ORD-20261007-00648,2026-10-07 18:14:00,True,COMPLETED,,2,,
ORD-20261007-00649,2026-10-07 18:14:45,True,COMPLETED,,1,,
ORD-20261007-00650,2026-10-07 18:14:37,True,COMPLETED,,1,,
ORD-20261007-00651,2026-10-07 18:14:18,True,CANCELLED,DISPATCH_TIMEOUT,1,2026-10-07 18:16:52,
ORD-20261007-00652,2026-10-07 18:14:47,True,COMPLETED,,2,,
ORD-20261007-00653,2026-10-07 18:14:22,True,COMPLETED,,2,,
ORD-20261007-00654,2026-10-07 18:14:48,True,COMPLETED,,2,,
ORD-20261007-00655,2026-10-07 18:14:10,True,COMPLETED,,2,,
ORD-20261007-00656,2026-10-07 18:14:17,True,COMPLETED,,1,,
ORD-20261007-00657,2026-10-07 18:14:04,True,COMPLETED,,2,,
ORD-20261007-00658,2026-10-07 18:14:32,True,COMPLETED,,2,,
ORD-20261007-00659,2026-10-07 18:14:13,True,COMPLETED,,2,,
ORD-20261007-00660,2026-10-07 18:14:47,True,COMPLETED,,1,,
ORD-20261007-00661,2026-10-07 18:14:17,True,COMPLETED,,2,,
ORD-20261007-00662,2026-10-07 18:14:57,True,COMPLETED,,2,,
ORD-20261007-00663,2026-10-07 18:14:22,True,COMPLETED,,1,,
ORD-20261007-00664,2026-10-07 18:14:13,True,COMPLETED,,2,,
ORD-20261007-00665,2026-10-07 18:14:20,True,COMPLETED,,1,,
ORD-20261007-00666,2026-10-07 18:14:54,True,COMPLETED,,1,,
ORD-20261007-00667,2026-10-07 18:14:23,True,COMPLETED,,1,,
ORD-20261007-00668,2026-10-07 18:14:58,True,COMPLETED,,2,,
ORD-20261007-00669,2026-10-07 18:14:44,True,COMPLETED,,1,,
ORD-20261007-00670,2026-10-07 18:14:36,True,COMPLETED,,2,,
ORD-20261007-00671,2026-10-07 18:14:31,True,COMPLETED,,2,,
ORD-20261007-00672,2026-10-07 18:14:07,True,CANCELLED,RIDER_REJECTION,2,2026-10-07 18:17:05,
ORD-20261007-00673,2026-10-07 18:14:45,True,COMPLETED,,2,,
ORD-20261007-00674,2026-10-07 18:14:10,True,COMPLETED,,2,,
ORD-20261007-00675,2026-10-07 18:14:45,True,COMPLETED,,2,,
ORD-20261007-00676,2026-10-07 18:14:52,True,COMPLETED,,2,,
ORD-20261007-00677,2026-10-07 18:14:22,True,COMPLETED,,2,,
ORD-20261007-00678,2026-10-07 18:14:25,True,COMPLETED,,2,,
ORD-20261007-00679,2026-10-07 18:14:09,True,COMPLETED,,2,,
ORD-20261007-00680,2026-10-07 18:14:29,True,COMPLETED,,2,,
ORD-20261007-00681,2026-10-07 18:15:00,True,COMPLETED,,1,,
ORD-20261007-00682,2026-10-07 18:15:09,True,COMPLETED,,1,,
ORD-20261007-00683,2026-10-07 18:15:47,True,COMPLETED,,2,,
ORD-20261007-00684,2026-10-07 18:15:35,True,COMPLETED,,1,,
ORD-20261007-00685,2026-10-07 18:15:18,True,COMPLETED,,2,,
ORD-20261007-00686,2026-10-07 18:15:32,True,COMPLETED,,1,,
ORD-20261007-00687,2026-10-07 18:15:13,True,COMPLETED,,2,,
ORD-20261007-00688,2026-10-07 18:15:28,True,COMPLETED,,2,,
ORD-20261007-00689,2026-10-07 18:15:59,True,COMPLETED,,1,,
ORD-20261007-00690,2026-10-07 18:15:51,True,COMPLETED,,2,,
ORD-20261007-00691,2026-10-07 18:15:33,True,COMPLETED,,1,,
ORD-20261007-00692,2026-10-07 18:15:31,True,COMPLETED,,1,,
ORD-20261007-00693,2026-10-07 18:15:47,True,COMPLETED,,2,,
ORD-20261007-00694,2026-10-07 18:15:55,True,COMPLETED,,1,,
ORD-20261007-00695,2026-10-07 18:15:30,True,COMPLETED,,2,,
ORD-20261007-00696,2026-10-07 18:15:30,True,COMPLETED,,2,,
ORD-20261007-00697,2026-10-07 18:15:11,True,CANCELLED,RIDER_REJECTION,2,2026-10-07 18:16:35,
ORD-20261007-00698,2026-10-07 18:15:00,True,COMPLETED,,1,,
ORD-20261007-00699,2026-10-07 18:15:13,True,COMPLETED,,1,,
ORD-20261007-00700,2026-10-07 18:15:59,True,COMPLETED,,1,,
ORD-20261007-00701,2026-10-07 18:15:53,True,COMPLETED,,1,,
ORD-20261007-00702,2026-10-07 18:15:35,True,COMPLETED,,1,,
ORD-20261007-00703,2026-10-07 18:15:25,True,COMPLETED,,1,,
ORD-20261007-00704,2026-10-07 18:15:09,True,COMPLETED,,1,,
ORD-20261007-00705,2026-10-07 18:15:37,True,COMPLETED,,2,,
ORD-20261007-00706,2026-10-07 18:15:35,True,COMPLETED,,2,,
ORD-20261007-00707,2026-10-07 18:15:53,True,COMPLETED,,2,,
ORD-20261007-00708,2026-10-07 18:15:06,True,COMPLETED,,1,,
ORD-20261007-00709,2026-10-07 18:15:23,True,COMPLETED,,1,,
ORD-20261007-00710,2026-10-07 18:15:03,True,COMPLETED,,1,,
ORD-20261007-00711,2026-10-07 18:15:28,True,COMPLETED,,1,,
ORD-20261007-00712,2026-10-07 18:15:28,True,COMPLETED,,2,,
ORD-20261007-00713,2026-10-07 18:15:44,True,CANCELLED,DISPATCH_TIMEOUT,2,2026-10-07 18:18:27,
ORD-20261007-00714,2026-10-07 18:15:17,True,COMPLETED,,1,,
ORD-20261007-00715,2026-10-07 18:15:30,True,COMPLETED,,1,,
ORD-20261007-00716,2026-10-07 18:15:56,True,COMPLETED,,2,,
ORD-20261007-00717,2026-10-07 18:15:08,True,COMPLETED,,2,,
ORD-20261007-00718,2026-10-07 18:15:11,True,COMPLETED,,1,,
ORD-20261007-00719,2026-10-07 18:15:39,True,COMPLETED,,2,,
ORD-20261007-00720,2026-10-07 18:15:36,True,COMPLETED,,2,,
ORD-20261007-00721,2026-10-07 18:15:36,True,COMPLETED,,1,,
ORD-20261007-00722,2026-10-07 18:15:21,True,COMPLETED,,2,,
ORD-20261007-00723,2026-10-07 18:15:19,False,CANCELLED,PAYMENT_FAILED,2,2026-10-07 18:17:09,
ORD-20261007-00724,2026-10-07 18:15:43,True,COMPLETED,,1,,
ORD-20261007-00725,2026-10-07 18:15:24,True,COMPLETED,,2,,
ORD-20261007-00726,2026-10-07 18:15:46,True,COMPLETED,,2,,
ORD-20261007-00727,2026-10-07 18:15:54,True,COMPLETED,,2,,
ORD-20261007-00728,2026-10-07 18:16:12,True,CANCELLED,DISPATCH_TIMEOUT,2,2026-10-07 18:17:06,
ORD-20261007-00729,2026-10-07 18:16:24,True,COMPLETED,,1,,
ORD-20261007-00730,2026-10-07 18:16:03,True,COMPLETED,,1,,
ORD-20261007-00731,2026-10-07 18:16:12,True,COMPLETED,,2,,
ORD-20261007-00732,2026-10-07 18:16:32,True,COMPLETED,,2,,
ORD-20261007-00733,2026-10-07 18:16:01,True,COMPLETED,,2,,
ORD-20261007-00734,2026-10-07 18:16:10,True,COMPLETED,,2,,
ORD-20261007-00735,2026-10-07 18:16:45,True,COMPLETED,,1,,
ORD-20261007-00736,2026-10-07 18:16:23,True,COMPLETED,,1,,
ORD-20261007-00737,2026-10-07 18:16:51,True,COMPLETED,,2,,
ORD-20261007-00738,2026-10-07 18:16:12,True,COMPLETED,,2,,
ORD-20261007-00739,2026-10-07 18:16:12,True,COMPLETED,,2,,
ORD-20261007-00740,2026-10-07 18:16:04,True,COMPLETED,,2,,
ORD-20261007-00741,2026-10-07 18:16:25,True,COMPLETED,,2,,
ORD-20261007-00742,2026-10-07 18:16:03,True,COMPLETED,,2,,
ORD-20261007-00743,2026-10-07 18:16:54,True,COMPLETED,,1,,
ORD-20261007-00744,2026-10-07 18:16:40,True,COMPLETED,,1,,
ORD-20261007-00745,2026-10-07 18:16:25,True,COMPLETED,,1,,
ORD-20261007-00746,2026-10-07 18:16:07,True,COMPLETED,,1,,
ORD-20261007-00747,2026-10-07 18:16:34,True,COMPLETED,,2,,
ORD-20261007-00748,2026-10-07 18:16:36,True,COMPLETED,,1,,
ORD-20261007-00749,2026-10-07 18:16:20,True,COMPLETED,,2,,
ORD-20261007-00750,2026-10-07 18:16:52,True,COMPLETED,,2,,
ORD-20261007-00751,2026-10-07 18:16:34,True,COMPLETED,,2,,
ORD-20261007-00752,2026-10-07 18:16:03,True,COMPLETED,,1,,
ORD-20261007-00753,2026-10-07 18:16:10,True,COMPLETED,,2,,
ORD-20261007-00754,2026-10-07 18:16:29,True,COMPLETED,,2,,
ORD-20261007-00755,2026-10-07 18:16:05,True,COMPLETED,,1,,
ORD-20261007-00756,2026-10-07 18:16:57,True,COMPLETED,,1,,
ORD-20261007-00757,2026-10-07 18:16:22,True,COMPLETED,,1,,
ORD-20261007-00758,2026-10-07 18:16:36,True,COMPLETED,,2,,
ORD-20261007-00759,2026-10-07 18:16:32,True,COMPLETED,,2,,
ORD-20261007-00760,2026-10-07 18:16:25,True,COMPLETED,,2,,
ORD-20261007-00761,2026-10-07 18:16:02,True,COMPLETED,,1,,
ORD-20261007-00762,2026-10-07 18:16:25,True,COMPLETED,,1,,
ORD-20261007-00763,2026-10-07 18:16:14,True,COMPLETED,,2,,
ORD-20261007-00764,2026-10-07 18:16:41,True,COMPLETED,,1,,
ORD-20261007-00765,2026-10-07 18:16:09,True,COMPLETED,,1,,
ORD-20261007-00766,2026-10-07 18:16:40,True,COMPLETED,,2,,
ORD-20261007-00767,2026-10-07 18:16:44,True,COMPLETED,,1,,
ORD-20261007-00768,2026-10-07 18:16:45,True,CANCELLED,RIDER_REJECTION,2,2026-10-07 18:18:45,
ORD-20261007-00769,2026-10-07 18:16:53,True,COMPLETED,,2,,
ORD-20261007-00770,2026-10-07 18:16:24,True,COMPLETED,,2,,
ORD-20261007-00771,2026-10-07 18:16:35,True,COMPLETED,,1,,
ORD-20261007-00772,2026-10-07 18:16:33,True,COMPLETED,,2,,
ORD-20261007-00773,2026-10-07 18:17:08,True,COMPLETED,,1,,
ORD-20261007-00774,2026-10-07 18:17:46,False,CANCELLED,PAYMENT_FAILED,2,2026-10-07 18:20:17,
ORD-20261007-00775,2026-10-07 18:17:42,True,COMPLETED,,2,,
ORD-20261007-00776,2026-10-07 18:17:56,True,COMPLETED,,1,,
ORD-20261007-00777,2026-10-07 18:17:34,True,COMPLETED,,2,,
ORD-20261007-00778,2026-10-07 18:17:10,True,CANCELLED,RIDER_REJECTION,1,2026-10-07 18:18:20,
ORD-20261007-00779,2026-10-07 18:17:57,True,COMPLETED,,2,,
ORD-20261007-00780,2026-10-07 18:17:38,True,COMPLETED,,1,,
ORD-20261007-00781,2026-10-07 18:17:01,True,COMPLETED,,2,,
ORD-20261007-00782,2026-10-07 18:17:00,True,COMPLETED,,1,,
ORD-20261007-00783,2026-10-07 18:17:12,True,COMPLETED,,1,,
ORD-20261007-00784,2026-10-07 18:17:45,True,COMPLETED,,1,,
ORD-20261007-00785,2026-10-07 18:17:51,True,COMPLETED,,1,,
ORD-20261007-00786,2026-10-07 18:17:45,True,COMPLETED,,1,,
ORD-20261007-00787,2026-10-07 18:17:37,True,COMPLETED,,1,,
ORD-20261007-00788,2026-10-07 18:17:28,True,COMPLETED,,1,,
ORD-20261007-00789,2026-10-07 18:17:00,True,COMPLETED,,2,,
ORD-20261007-00790,2026-10-07 18:17:09,True,COMPLETED,,2,,
ORD-20261007-00791,2026-10-07 18:17:24,True,COMPLETED,,1,,
ORD-20261007-00792,2026-10-07 18:17:48,True,COMPLETED,,1,,
ORD-20261007-00793,2026-10-07 18:17:50,True,COMPLETED,,2,,
ORD-20261007-00794,2026-10-07 18:17:13,True,COMPLETED,,2,,
ORD-20261007-00795,2026-10-07 18:17:39,True,CANCELLED,DISPATCH_TIMEOUT,2,2026-10-07 18:20:30,
ORD-20261007-00796,2026-10-07 18:17:49,True,COMPLETED,,1,,
ORD-20261007-00797,2026-10-07 18:17:29,True,COMPLETED,,2,,
ORD-20261007-00798,2026-10-07 18:17:04,True,COMPLETED,,1,,
ORD-20261007-00799,2026-10-07 18:17:57,True,COMPLETED,,1,,
ORD-20261007-00800,2026-10-07 18:17:50,True,COMPLETED,,1,,
ORD-20261007-00801,2026-10-07 18:17:13,True,COMPLETED,,2,,
ORD-20261007-00802,2026-10-07 18:17:55,True,CANCELLED,DISPATCH_TIMEOUT,1,2026-10-07 18:19:48,
ORD-20261007-00803,2026-10-07 18:17:37,True,COMPLETED,,2,,
ORD-20261007-00804,2026-10-07 18:17:41,True,COMPLETED,,1,,
ORD-20261007-00805,2026-10-07 18:17:49,True,COMPLETED,,1,,
ORD-20261007-00806,2026-10-07 18:17:07,True,COMPLETED,,2,,
ORD-20261007-00807,2026-10-07 18:17:29,True,COMPLETED,,2,,
ORD-20261007-00808,2026-10-07 18:17:00,True,COMPLETED,,1,,
ORD-20261007-00809,2026-10-07 18:17:16,True,COMPLETED,,1,,
ORD-20261007-00810,2026-10-07 18:17:30,True,COMPLETED,,1,,
ORD-20261007-00811,2026-10-07 18:17:03,True,COMPLETED,,1,,
ORD-20261007-00812,2026-10-07 18:17:47,True,COMPLETED,,2,,
ORD-20261007-00813,2026-10-07 18:17:15,True,COMPLETED,,2,,
ORD-20261007-00814,2026-10-07 18:17:50,True,COMPLETED,,1,,
ORD-20261007-00815,2026-10-07 18:18:13,True,COMPLETED,,1,,
ORD-20261007-00816,2026-10-07 18:18:18,True,COMPLETED,,1,,
ORD-20261007-00817,2026-10-07 18:18:04,True,COMPLETED,,1,,
ORD-20261007-00818,2026-10-07 18:18:48,True,COMPLETED,,2,,
ORD-20261007-00819,2026-10-07 18:18:25,True,COMPLETED,,2,,
ORD-20261007-00820,2026-10-07 18:18:33,True,COMPLETED,,1,,
ORD-20261007-00821,2026-10-07 18:18:22,True,COMPLETED,,2,,
ORD-20261007-00822,2026-10-07 18:18:07,True,COMPLETED,,1,,
ORD-20261007-00823,2026-10-07 18:18:38,True,COMPLETED,,2,,
ORD-20261007-00824,2026-10-07 18:18:25,True,COMPLETED,,2,,
ORD-20261007-00825,2026-10-07 18:18:33,True,COMPLETED,,1,,
ORD-20261007-00826,2026-10-07 18:18:04,True,COMPLETED,,1,,
ORD-20261007-00827,2026-10-07 18:18:59,True,COMPLETED,,1,,
ORD-20261007-00828,2026-10-07 18:18:26,True,COMPLETED,,1,,
ORD-20261007-00829,2026-10-07 18:18:51,True,COMPLETED,,2,,
ORD-20261007-00830,2026-10-07 18:18:04,True,CANCELLED,DISPATCH_TIMEOUT,1,2026-10-07 18:20:09,
ORD-20261007-00831,2026-10-07 18:18:43,True,COMPLETED,,2,,
ORD-20261007-00832,2026-10-07 18:18:14,True,COMPLETED,,2,,
ORD-20261007-00833,2026-10-07 18:18:25,True,COMPLETED,,2,,
ORD-20261007-00834,2026-10-07 18:18:22,True,COMPLETED,,1,,
ORD-20261007-00835,2026-10-07 18:18:36,True,COMPLETED,,1,,
ORD-20261007-00836,2026-10-07 18:18:48,True,COMPLETED,,2,,
ORD-20261007-00837,2026-10-07 18:18:42,True,COMPLETED,,1,,
ORD-20261007-00838,2026-10-07 18:18:28,True,COMPLETED,,2,,
ORD-20261007-00839,2026-10-07 18:18:40,True,COMPLETED,,1,,
ORD-20261007-00840,2026-10-07 18:18:56,True,COMPLETED,,1,,
ORD-20261007-00841,2026-10-07 18:18:33,True,COMPLETED,,1,,
ORD-20261007-00842,2026-10-07 18:18:37,True,COMPLETED,,1,,
ORD-20261007-00843,2026-10-07 18:18:22,True,COMPLETED,,1,,
ORD-20261007-00844,2026-10-07 18:18:06,True,COMPLETED,,2,,
ORD-20261007-00845,2026-10-07 18:18:59,True,COMPLETED,,1,,
ORD-20261007-00846,2026-10-07 18:18:00,True,CANCELLED,DISPATCH_TIMEOUT,1,2026-10-07 18:19:00,
ORD-20261007-00847,2026-10-07 18:18:21,True,COMPLETED,,2,,
ORD-20261007-00848,2026-10-07 18:18:28,True,COMPLETED,,2,,
ORD-20261007-00849,2026-10-07 18:18:17,True,COMPLETED,,2,,
ORD-20261007-00850,2026-10-07 18:18:34,True,COMPLETED,,2,,
ORD-20261007-00851,2026-10-07 18:18:49,True,COMPLETED,,2,,
ORD-20261007-00852,2026-10-07 18:18:30,True,COMPLETED,,1,,
ORD-20261007-00853,2026-10-07 18:18:28,True,COMPLETED,,2,,
ORD-20261007-00854,2026-10-07 18:18:50,True,COMPLETED,,2,,
ORD-20261007-00855,2026-10-07 18:18:44,True,COMPLETED,,1,,
ORD-20261007-00856,2026-10-07 18:18:52,True,COMPLETED,,1,,
ORD-20261007-00857,2026-10-07 18:18:25,True,COMPLETED,,1,,
ORD-20261007-00858,2026-10-07 18:18:45,True,COMPLETED,,2,,
ORD-20261007-00859,2026-10-07 18:18:06,True,COMPLETED,,1,,
ORD-20261007-00860,2026-10-07 18:18:05,True,COMPLETED,,2,,
ORD-20261007-00861,2026-10-07 18:18:31,True,COMPLETED,,2,,
ORD-20261007-00862,2026-10-07 18:19:09,True,COMPLETED,,2,,
ORD-20261007-00863,2026-10-07 18:19:48,True,COMPLETED,,2,,
ORD-20261007-00864,2026-10-07 18:19:33,True,COMPLETED,,1,,
ORD-20261007-00865,2026-10-07 18:19:24,True,COMPLETED,,2,,
ORD-20261007-00866,2026-10-07 18:19:23,True,COMPLETED,,2,,
ORD-20261007-00867,2026-10-07 18:19:29,True,COMPLETED,,1,,
ORD-20261007-00868,2026-10-07 18:19:10,True,COMPLETED,,1,,
ORD-20261007-00869,2026-10-07 18:19:03,True,COMPLETED,,1,,
ORD-20261007-00870,2026-10-07 18:19:14,True,COMPLETED,,2,,
ORD-20261007-00871,2026-10-07 18:19:05,True,COMPLETED,,1,,
ORD-20261007-00872,2026-10-07 18:19:39,True,COMPLETED,,2,,
ORD-20261007-00873,2026-10-07 18:19:14,True,COMPLETED,,2,,
ORD-20261007-00874,2026-10-07 18:19:36,True,COMPLETED,,1,,
ORD-20261007-00875,2026-10-07 18:19:26,True,COMPLETED,,1,,
ORD-20261007-00876,2026-10-07 18:19:24,True,COMPLETED,,1,,
ORD-20261007-00877,2026-10-07 18:19:21,True,COMPLETED,,1,,
ORD-20261007-00878,2026-10-07 18:19:49,True,COMPLETED,,1,,
ORD-20261007-00879,2026-10-07 18:19:49,True,COMPLETED,,1,,
ORD-20261007-00880,2026-10-07 18:19:19,True,COMPLETED,,1,,
ORD-20261007-00881,2026-10-07 18:19:52,True,COMPLETED,,2,,
ORD-20261007-00882,2026-10-07 18:19:06,True,CANCELLED,RIDER_REJECTION,2,2026-10-07 18:20:45,
ORD-20261007-00883,2026-10-07 18:19:42,True,COMPLETED,,1,,
ORD-20261007-00884,2026-10-07 18:19:35,False,CANCELLED,PAYMENT_FAILED,2,2026-10-07 18:20:33,
ORD-20261007-00885,2026-10-07 18:19:03,True,COMPLETED,,1,,
ORD-20261007-00886,2026-10-07 18:19:31,True,COMPLETED,,1,,
ORD-20261007-00887,2026-10-07 18:19:59,True,COMPLETED,,1,,
ORD-20261007-00888,2026-10-07 18:19:20,True,COMPLETED,,1,,
ORD-20261007-00889,2026-10-07 18:19:39,True,COMPLETED,,1,,
ORD-20261007-00890,2026-10-07 18:19:04,False,CANCELLED,PAYMENT_FAILED,2,2026-10-07 18:20:04,
ORD-20261007-00891,2026-10-07 18:19:31,True,COMPLETED,,2,,
ORD-20261007-00892,2026-10-07 18:19:04,True,COMPLETED,,2,,
ORD-20261007-00893,2026-10-07 18:19:03,True,COMPLETED,,2,,
ORD-20261007-00894,2026-10-07 18:19:29,True,COMPLETED,,1,,
ORD-20261007-00895,2026-10-07 18:19:05,True,COMPLETED,,1,,
ORD-20261007-00896,2026-10-07 18:19:34,True,COMPLETED,,1,,
ORD-20261007-00897,2026-10-07 18:19:22,True,COMPLETED,,1,,
ORD-20261007-00898,2026-10-07 18:19:13,True,COMPLETED,,1,,
ORD-20261007-00899,2026-10-07 18:19:59,True,CANCELLED,DISPATCH_TIMEOUT,2,2026-10-07 18:22:42,
ORD-20261007-00900,2026-10-07 18:19:43,True,COMPLETED,,1,,
ORD-20261007-00901,2026-10-07 18:19:00,True,COMPLETED,,1,,
ORD-20261007-00902,2026-10-07 18:19:40,True,COMPLETED,,1,,
ORD-20261007-00903,2026-10-07 18:19:43,True,COMPLETED,,1,,
ORD-20261007-00904,2026-10-07 18:19:38,True,COMPLETED,,2,,
ORD-20261007-00905,2026-10-07 18:19:56,True,COMPLETED,,2,,
ORD-20261007-00906,2026-10-07 18:19:18,True,COMPLETED,,2,,
ORD-20261007-00907,2026-10-07 18:20:03,True,COMPLETED,,1,,
ORD-20261007-00908,2026-10-07 18:20:24,True,COMPLETED,,1,,
ORD-20261007-00909,2026-10-07 18:20:17,True,COMPLETED,,1,,
ORD-20261007-00910,2026-10-07 18:20:11,True,COMPLETED,,2,,
ORD-20261007-00911,2026-10-07 18:20:25,True,COMPLETED,,2,,
ORD-20261007-00912,2026-10-07 18:20:38,True,COMPLETED,,1,,
ORD-20261007-00913,2026-10-07 18:20:57,True,COMPLETED,,1,,
ORD-20261007-00914,2026-10-07 18:20:53,True,COMPLETED,,1,,
ORD-20261007-00915,2026-10-07 18:20:24,True,COMPLETED,,1,,
ORD-20261007-00916,2026-10-07 18:20:43,True,COMPLETED,,2,,
ORD-20261007-00917,2026-10-07 18:20:26,True,COMPLETED,,2,,
ORD-20261007-00918,2026-10-07 18:20:36,True,COMPLETED,,1,,
ORD-20261007-00919,2026-10-07 18:20:23,True,COMPLETED,,2,,
ORD-20261007-00920,2026-10-07 18:20:46,True,COMPLETED,,2,,
ORD-20261007-00921,2026-10-07 18:20:48,True,COMPLETED,,1,,
ORD-20261007-00922,2026-10-07 18:20:39,True,COMPLETED,,1,,
ORD-20261007-00923,2026-10-07 18:20:31,True,COMPLETED,,1,,
ORD-20261007-00924,2026-10-07 18:20:53,True,COMPLETED,,1,,
ORD-20261007-00925,2026-10-07 18:20:41,True,COMPLETED,,1,,
ORD-20261007-00926,2026-10-07 18:20:45,True,COMPLETED,,1,,
ORD-20261007-00927,2026-10-07 18:20:39,True,COMPLETED,,1,,
ORD-20261007-00928,2026-10-07 18:20:20,True,COMPLETED,,1,,
ORD-20261007-00929,2026-10-07 18:20:26,True,COMPLETED,,2,,
ORD-20261007-00930,2026-10-07 18:20:10,True,COMPLETED,,2,,
ORD-20261007-00931,2026-10-07 18:20:39,True,COMPLETED,,2,,
ORD-20261007-00932,2026-10-07 18:20:11,True,CANCELLED,DISPATCH_TIMEOUT,1,2026-10-07 18:21:32,
ORD-20261007-00933,2026-10-07 18:20:48,False,CANCELLED,PAYMENT_FAILED,2,2026-10-07 18:23:11,
ORD-20261007-00934,2026-10-07 18:20:26,True,COMPLETED,,2,,
ORD-20261007-00935,2026-10-07 18:20:08,True,COMPLETED,,2,,
ORD-20261007-00936,2026-10-07 18:20:44,True,COMPLETED,,2,,
ORD-20261007-00937,2026-10-07 18:20:52,True,COMPLETED,,1,,
ORD-20261007-00938,2026-10-07 18:20:24,True,COMPLETED,,2,,
ORD-20261007-00939,2026-10-07 18:20:59,True,COMPLETED,,1,,
ORD-20261007-00940,2026-10-07 18:20:48,True,COMPLETED,,1,,
ORD-20261007-00941,2026-10-07 18:20:26,True,COMPLETED,,2,,
ORD-20261007-00942,2026-10-07 18:20:55,True,COMPLETED,,1,,
ORD-20261007-00943,2026-10-07 18:20:20,True,COMPLETED,,1,,
ORD-20261007-00944,2026-10-07 18:20:06,True,COMPLETED,,1,,
ORD-20261007-00945,2026-10-07 18:20:52,True,COMPLETED,,2,,
ORD-20261007-00946,2026-10-07 18:20:01,True,COMPLETED,,2,,
ORD-20261007-00947,2026-10-07 18:20:40,True,COMPLETED,,1,,
ORD-20261007-00948,2026-10-07 18:20:44,True,COMPLETED,,2,,
ORD-20261007-00949,2026-10-07 18:20:26,True,COMPLETED,,1,,
ORD-20261007-00950,2026-10-07 18:20:12,True,COMPLETED,,1,,
ORD-20261007-00951,2026-10-07 18:20:08,True,COMPLETED,,2,,
ORD-20261007-00952,2026-10-07 18:21:30,True,COMPLETED,,2,,
ORD-20261007-00953,2026-10-07 18:21:35,True,COMPLETED,,2,,
ORD-20261007-00954,2026-10-07 18:21:28,True,COMPLETED,,1,,
ORD-20261007-00955,2026-10-07 18:21:40,True,COMPLETED,,1,,
ORD-20261007-00956,2026-10-07 18:21:03,True,COMPLETED,,2,,
ORD-20261007-00957,2026-10-07 18:21:29,True,COMPLETED,,2,,
ORD-20261007-00958,2026-10-07 18:21:37,True,COMPLETED,,2,,
ORD-20261007-00959,2026-10-07 18:21:36,True,COMPLETED,,2,,
ORD-20261007-00960,2026-10-07 18:21:19,True,COMPLETED,,1,,
ORD-20261007-00961,2026-10-07 18:21:21,True,COMPLETED,,2,,
ORD-20261007-00962,2026-10-07 18:21:31,True,CANCELLED,RIDER_REJECTION,2,2026-10-07 18:23:18,
ORD-20261007-00963,2026-10-07 18:21:53,True,COMPLETED,,1,,
ORD-20261007-00964,2026-10-07 18:21:59,True,COMPLETED,,1,,
ORD-20261007-00965,2026-10-07 18:21:31,True,COMPLETED,,2,,
ORD-20261007-00966,2026-10-07 18:21:47,True,COMPLETED,,2,,
ORD-20261007-00967,2026-10-07 18:21:43,True,COMPLETED,,1,,
ORD-20261007-00968,2026-10-07 18:21:25,True,COMPLETED,,1,,
ORD-20261007-00969,2026-10-07 18:21:30,True,COMPLETED,,1,,
ORD-20261007-00970,2026-10-07 18:21:30,True,COMPLETED,,2,,
ORD-20261007-00971,2026-10-07 18:21:42,True,COMPLETED,,2,,
ORD-20261007-00972,2026-10-07 18:21:23,True,COMPLETED,,2,,
ORD-20261007-00973,2026-10-07 18:21:02,True,COMPLETED,,2,,
ORD-20261007-00974,2026-10-07 18:21:28,True,COMPLETED,,1,,
ORD-20261007-00975,2026-10-07 18:21:01,True,COMPLETED,,2,,
ORD-20261007-00976,2026-10-07 18:21:26,True,COMPLETED,,2,,
ORD-20261007-00977,2026-10-07 18:21:14,True,COMPLETED,,1,,
ORD-20261007-00978,2026-10-07 18:21:26,True,COMPLETED,,2,,
ORD-20261007-00979,2026-10-07 18:21:34,True,COMPLETED,,1,,
ORD-20261007-00980,2026-10-07 18:21:54,True,COMPLETED,,2,,
ORD-20261007-00981,2026-10-07 18:21:27,True,COMPLETED,,2,,
ORD-20261007-00982,2026-10-07 18:21:31,True,COMPLETED,,2,,
ORD-20261007-00983,2026-10-07 18:21:51,True,COMPLETED,,1,,
ORD-20261007-00984,2026-10-07 18:21:38,True,COMPLETED,,2,,
ORD-20261007-00985,2026-10-07 18:21:01,True,COMPLETED,,1,,
ORD-20261007-00986,2026-10-07 18:21:32,True,COMPLETED,,2,,
ORD-20261007-00987,2026-10-07 18:21:57,True,COMPLETED,,1,,
ORD-20261007-00988,2026-10-07 18:21:59,True,COMPLETED,,2,,
ORD-20261007-00989,2026-10-07 18:21:47,True,COMPLETED,,1,,
ORD-20261007-00990,2026-10-07 18:21:36,True,CANCELLED,RIDER_REJECTION,2,2026-10-07 18:24:26,
ORD-20261007-00991,2026-10-07 18:21:11,True,COMPLETED,,2,,
ORD-20261007-00992,2026-10-07 18:21:52,True,COMPLETED,,2,,
ORD-20261007-00993,2026-10-07 18:21:29,True,COMPLETED,,2,,
ORD-20261007-00994,2026-10-07 18:21:39,True,COMPLETED,,1,,
ORD-20261007-00995,2026-10-07 18:21:10,True,COMPLETED,,1,,
ORD-20261007-00996,2026-10-07 18:22:14,True,COMPLETED,,1,,
ORD-20261007-00997,2026-10-07 18:22:59,True,COMPLETED,,2,,
ORD-20261007-00998,2026-10-07 18:22:54,True,COMPLETED,,1,,
ORD-20261007-00999,2026-10-07 18:22:55,True,COMPLETED,,1,,
ORD-20261007-01000,2026-10-07 18:22:40,True,COMPLETED,,1,,
ORD-20261007-01001,2026-10-07 18:22:40,True,COMPLETED,,1,,
ORD-20261007-01002,2026-10-07 18:22:50,True,COMPLETED,,1,,
ORD-20261007-01003,2026-10-07 18:22:01,True,COMPLETED,,2,,
ORD-20261007-01004,2026-10-07 18:22:13,True,COMPLETED,,1,,
ORD-20261007-01005,2026-10-07 18:22:32,True,COMPLETED,,1,,
ORD-20261007-01006,2026-10-07 18:22:45,True,COMPLETED,,2,,
ORD-20261007-01007,2026-10-07 18:22:03,True,COMPLETED,,1,,
ORD-20261007-01008,2026-10-07 18:22:33,True,COMPLETED,,2,,
ORD-20261007-01009,2026-10-07 18:22:04,True,COMPLETED,,2,,
ORD-20261007-01010,2026-10-07 18:22:11,True,COMPLETED,,2,,
ORD-20261007-01011,2026-10-07 18:22:28,True,COMPLETED,,1,,
ORD-20261007-01012,2026-10-07 18:22:44,True,COMPLETED,,1,,
ORD-20261007-01013,2026-10-07 18:22:49,True,COMPLETED,,1,,
ORD-20261007-01014,2026-10-07 18:22:42,True,COMPLETED,,2,,
ORD-20261007-01015,2026-10-07 18:22:57,True,COMPLETED,,2,,
ORD-20261007-01016,2026-10-07 18:22:44,True,COMPLETED,,2,,
ORD-20261007-01017,2026-10-07 18:22:28,True,COMPLETED,,2,,
ORD-20261007-01018,2026-10-07 18:22:42,True,COMPLETED,,1,,
ORD-20261007-01019,2026-10-07 18:22:29,True,COMPLETED,,1,,
ORD-20261007-01020,2026-10-07 18:22:27,True,COMPLETED,,2,,
ORD-20261007-01021,2026-10-07 18:22:38,True,COMPLETED,,2,,
ORD-20261007-01022,2026-10-07 18:22:08,True,COMPLETED,,1,,
ORD-20261007-01023,2026-10-07 18:22:31,True,COMPLETED,,2,,
ORD-20261007-01024,2026-10-07 18:22:27,True,COMPLETED,,2,,
ORD-20261007-01025,2026-10-07 18:22:58,True,COMPLETED,,1,,
ORD-20261007-01026,2026-10-07 18:22:16,True,COMPLETED,,1,,
ORD-20261007-01027,2026-10-07 18:22:09,True,COMPLETED,,1,,
ORD-20261007-01028,2026-10-07 18:22:00,True,COMPLETED,,2,,
ORD-20261007-01029,2026-10-07 18:22:50,True,COMPLETED,,1,,
ORD-20261007-01030,2026-10-07 18:22:30,True,COMPLETED,,2,,
ORD-20261007-01031,2026-10-07 18:22:34,True,COMPLETED,,2,,
ORD-20261007-01032,2026-10-07 18:22:26,True,COMPLETED,,1,,
ORD-20261007-01033,2026-10-07 18:22:55,True,COMPLETED,,2,,
ORD-20261007-01034,2026-10-07 18:22:19,True,COMPLETED,,1,,
ORD-20261007-01035,2026-10-07 18:22:33,True,COMPLETED,,2,,
ORD-20261007-01036,2026-10-07 18:22:30,True,COMPLETED,,2,,
ORD-20261007-01037,2026-10-07 18:22:07,True,COMPLETED,,2,,
ORD-20261007-01038,2026-10-07 18:22:05,True,COMPLETED,,1,,
ORD-20261007-01039,2026-10-07 18:23:30,True,COMPLETED,,1,,
ORD-20261007-01040,2026-10-07 18:23:53,True,COMPLETED,,1,,
ORD-20261007-01041,2026-10-07 18:23:58,True,COMPLETED,,1,,
ORD-20261007-01042,2026-10-07 18:23:07,True,COMPLETED,,2,,
ORD-20261007-01043,2026-10-07 18:23:02,True,COMPLETED,,2,,
ORD-20261007-01044,2026-10-07 18:23:54,True,COMPLETED,,2,,
ORD-20261007-01045,2026-10-07 18:23:34,True,COMPLETED,,2,,
ORD-20261007-01046,2026-10-07 18:23:11,True,COMPLETED,,1,,
ORD-20261007-01047,2026-10-07 18:23:11,True,COMPLETED,,1,,
ORD-20261007-01048,2026-10-07 18:23:31,True,COMPLETED,,2,,
ORD-20261007-01049,2026-10-07 18:23:12,True,COMPLETED,,1,,
ORD-20261007-01050,2026-10-07 18:23:59,True,COMPLETED,,2,,
ORD-20261007-01051,2026-10-07 18:23:49,True,COMPLETED,,1,,
ORD-20261007-01052,2026-10-07 18:23:11,True,COMPLETED,,2,,
ORD-20261007-01053,2026-10-07 18:23:43,True,COMPLETED,,1,,
ORD-20261007-01054,2026-10-07 18:23:23,True,COMPLETED,,2,,
ORD-20261007-01055,2026-10-07 18:23:46,True,COMPLETED,,2,,
ORD-20261007-01056,2026-10-07 18:23:01,True,COMPLETED,,2,,
ORD-20261007-01057,2026-10-07 18:23:13,True,COMPLETED,,1,,
ORD-20261007-01058,2026-10-07 18:23:16,True,COMPLETED,,1,,
ORD-20261007-01059,2026-10-07 18:23:26,True,COMPLETED,,2,,
ORD-20261007-01060,2026-10-07 18:23:01,True,COMPLETED,,2,,
ORD-20261007-01061,2026-10-07 18:23:35,True,COMPLETED,,2,,
ORD-20261007-01062,2026-10-07 18:23:02,True,COMPLETED,,2,,
ORD-20261007-01063,2026-10-07 18:23:49,True,COMPLETED,,1,,
ORD-20261007-01064,2026-10-07 18:23:19,True,COMPLETED,,1,,
ORD-20261007-01065,2026-10-07 18:23:22,True,COMPLETED,,2,,
ORD-20261007-01066,2026-10-07 18:23:56,True,COMPLETED,,1,,
ORD-20261007-01067,2026-10-07 18:23:19,True,COMPLETED,,1,,
ORD-20261007-01068,2026-10-07 18:23:01,True,COMPLETED,,2,,
ORD-20261007-01069,2026-10-07 18:23:15,True,COMPLETED,,1,,
ORD-20261007-01070,2026-10-07 18:23:47,True,COMPLETED,,2,,
ORD-20261007-01071,2026-10-07 18:23:53,True,COMPLETED,,1,,
ORD-20261007-01072,2026-10-07 18:23:40,True,COMPLETED,,2,,
ORD-20261007-01073,2026-10-07 18:23:32,True,COMPLETED,,2,,
ORD-20261007-01074,2026-10-07 18:23:59,True,COMPLETED,,2,,
ORD-20261007-01075,2026-10-07 18:23:43,True,COMPLETED,,2,,
ORD-20261007-01076,2026-10-07 18:23:33,True,COMPLETED,,1,,
ORD-20261007-01077,2026-10-07 18:23:41,True,COMPLETED,,2,,
ORD-20261007-01078,2026-10-07 18:23:29,True,COMPLETED,,2,,
ORD-20261007-01079,2026-10-07 18:23:51,True,COMPLETED,,2,,
ORD-20261007-01080,2026-10-07 18:23:41,True,COMPLETED,,1,,
ORD-20261007-01081,2026-10-07 18:23:42,True,COMPLETED,,1,,
ORD-20261007-01082,2026-10-07 18:23:55,True,CANCELLED,RIDER_REJECTION,2,2026-10-07 18:26:07,
ORD-20261007-01083,2026-10-07 18:23:07,True,COMPLETED,,2,,
ORD-20261007-01084,2026-10-07 18:23:35,True,COMPLETED,,2,,
ORD-20261007-01085,2026-10-07 18:23:25,True,COMPLETED,,2,,
ORD-20261007-01086,2026-10-07 18:23:07,True,COMPLETED,,1,,
ORD-20261007-01087,2026-10-07 18:24:09,True,COMPLETED,,1,,
ORD-20261007-01088,2026-10-07 18:24:10,True,COMPLETED,,2,,
ORD-20261007-01089,2026-10-07 18:24:11,True,COMPLETED,,1,,
ORD-20261007-01090,2026-10-07 18:24:01,True,COMPLETED,,2,,
ORD-20261007-01091,2026-10-07 18:24:19,True,COMPLETED,,1,,
ORD-20261007-01092,2026-10-07 18:24:28,True,COMPLETED,,2,,
ORD-20261007-01093,2026-10-07 18:24:54,True,COMPLETED,,2,,
ORD-20261007-01094,2026-10-07 18:24:09,True,COMPLETED,,1,,
ORD-20261007-01095,2026-10-07 18:24:34,True,COMPLETED,,1,,
ORD-20261007-01096,2026-10-07 18:24:45,True,COMPLETED,,1,,
ORD-20261007-01097,2026-10-07 18:24:39,True,COMPLETED,,2,,
ORD-20261007-01098,2026-10-07 18:24:26,True,COMPLETED,,1,,
ORD-20261007-01099,2026-10-07 18:24:45,True,COMPLETED,,2,,
ORD-20261007-01100,2026-10-07 18:24:46,True,COMPLETED,,2,,
ORD-20261007-01101,2026-10-07 18:24:44,True,COMPLETED,,2,,
ORD-20261007-01102,2026-10-07 18:24:16,True,COMPLETED,,2,,
ORD-20261007-01103,2026-10-07 18:24:35,True,COMPLETED,,1,,
ORD-20261007-01104,2026-10-07 18:24:22,True,COMPLETED,,2,,
ORD-20261007-01105,2026-10-07 18:24:09,True,COMPLETED,,2,,
ORD-20261007-01106,2026-10-07 18:24:03,True,COMPLETED,,1,,
ORD-20261007-01107,2026-10-07 18:24:09,True,COMPLETED,,2,,
ORD-20261007-01108,2026-10-07 18:24:46,True,COMPLETED,,2,,
ORD-20261007-01109,2026-10-07 18:24:00,True,COMPLETED,,2,,
ORD-20261007-01110,2026-10-07 18:24:30,True,COMPLETED,,2,,
ORD-20261007-01111,2026-10-07 18:24:10,True,COMPLETED,,1,,
ORD-20261007-01112,2026-10-07 18:24:13,True,COMPLETED,,1,,
ORD-20261007-01113,2026-10-07 18:24:22,True,COMPLETED,,2,,
ORD-20261007-01114,2026-10-07 18:24:08,True,COMPLETED,,1,,
ORD-20261007-01115,2026-10-07 18:24:01,True,COMPLETED,,2,,
ORD-20261007-01116,2026-10-07 18:24:54,True,COMPLETED,,1,,
ORD-20261007-01117,2026-10-07 18:24:22,True,COMPLETED,,1,,
ORD-20261007-01118,2026-10-07 18:24:34,True,COMPLETED,,1,,
ORD-20261007-01119,2026-10-07 18:24:14,True,COMPLETED,,1,,
ORD-20261007-01120,2026-10-07 18:24:18,True,COMPLETED,,1,,
ORD-20261007-01121,2026-10-07 18:24:18,True,COMPLETED,,2,,
ORD-20261007-01122,2026-10-07 18:24:54,True,COMPLETED,,2,,
ORD-20261007-01123,2026-10-07 18:24:27,True,COMPLETED,,1,,
ORD-20261007-01124,2026-10-07 18:24:29,True,COMPLETED,,2,,
ORD-20261007-01125,2026-10-07 18:24:01,True,COMPLETED,,2,,
ORD-20261007-01126,2026-10-07 18:24:58,True,COMPLETED,,2,,
ORD-20261007-01127,2026-10-07 18:24:39,True,COMPLETED,,1,,
ORD-20261007-01128,2026-10-07 18:24:20,True,COMPLETED,,2,,
ORD-20261007-01129,2026-10-07 18:24:35,True,COMPLETED,,2,,
ORD-20261007-01130,2026-10-07 18:24:49,True,COMPLETED,,2,,
ORD-20261007-01131,2026-10-07 18:24:24,True,COMPLETED,,1,,
ORD-20261007-01132,2026-10-07 18:24:58,True,COMPLETED,,2,,
ORD-20261007-01133,2026-10-07 18:24:09,True,COMPLETED,,1,,
ORD-20261007-01134,2026-10-07 18:25:39,True,CANCELLED,RIDER_REJECTION,1,2026-10-07 18:28:24,
ORD-20261007-01135,2026-10-07 18:25:55,True,COMPLETED,,1,,
ORD-20261007-01136,2026-10-07 18:25:04,True,COMPLETED,,1,,
ORD-20261007-01137,2026-10-07 18:25:06,True,COMPLETED,,2,,
ORD-20261007-01138,2026-10-07 18:25:53,True,COMPLETED,,1,,
ORD-20261007-01139,2026-10-07 18:25:25,True,COMPLETED,,2,,
ORD-20261007-01140,2026-10-07 18:25:53,True,COMPLETED,,2,,
ORD-20261007-01141,2026-10-07 18:25:42,True,COMPLETED,,1,,
ORD-20261007-01142,2026-10-07 18:25:36,True,COMPLETED,,1,,
ORD-20261007-01143,2026-10-07 18:25:10,True,COMPLETED,,1,,
ORD-20261007-01144,2026-10-07 18:25:45,True,COMPLETED,,2,,
ORD-20261007-01145,2026-10-07 18:25:52,False,CANCELLED,PAYMENT_FAILED,1,2026-10-07 18:28:31,
ORD-20261007-01146,2026-10-07 18:25:16,True,COMPLETED,,2,,
ORD-20261007-01147,2026-10-07 18:25:28,True,COMPLETED,,1,,
ORD-20261007-01148,2026-10-07 18:25:51,True,COMPLETED,,1,,
ORD-20261007-01149,2026-10-07 18:25:01,True,COMPLETED,,2,,
ORD-20261007-01150,2026-10-07 18:25:37,True,COMPLETED,,1,,
ORD-20261007-01151,2026-10-07 18:25:07,True,COMPLETED,,2,,
ORD-20261007-01152,2026-10-07 18:25:24,True,COMPLETED,,1,,
ORD-20261007-01153,2026-10-07 18:25:45,True,COMPLETED,,2,,
ORD-20261007-01154,2026-10-07 18:25:35,True,COMPLETED,,2,,
ORD-20261007-01155,2026-10-07 18:25:52,True,COMPLETED,,2,,
ORD-20261007-01156,2026-10-07 18:25:06,True,COMPLETED,,2,,
ORD-20261007-01157,2026-10-07 18:25:25,True,COMPLETED,,2,,
ORD-20261007-01158,2026-10-07 18:25:45,True,COMPLETED,,2,,
ORD-20261007-01159,2026-10-07 18:25:05,True,COMPLETED,,2,,
ORD-20261007-01160,2026-10-07 18:25:46,True,COMPLETED,,1,,
ORD-20261007-01161,2026-10-07 18:25:44,True,COMPLETED,,1,,
ORD-20261007-01162,2026-10-07 18:25:43,True,COMPLETED,,2,,
ORD-20261007-01163,2026-10-07 18:25:14,True,COMPLETED,,2,,
ORD-20261007-01164,2026-10-07 18:25:46,True,COMPLETED,,2,,
ORD-20261007-01165,2026-10-07 18:25:39,True,COMPLETED,,2,,
ORD-20261007-01166,2026-10-07 18:25:30,True,COMPLETED,,1,,
ORD-20261007-01167,2026-10-07 18:25:39,True,COMPLETED,,2,,
ORD-20261007-01168,2026-10-07 18:25:08,True,COMPLETED,,2,,
ORD-20261007-01169,2026-10-07 18:25:02,True,COMPLETED,,1,,
ORD-20261007-01170,2026-10-07 18:25:59,True,COMPLETED,,1,,
ORD-20261007-01171,2026-10-07 18:25:21,True,COMPLETED,,2,,
ORD-20261007-01172,2026-10-07 18:25:58,True,COMPLETED,,1,,
ORD-20261007-01173,2026-10-07 18:25:43,True,COMPLETED,,1,,
ORD-20261007-01174,2026-10-07 18:25:04,True,COMPLETED,,1,,
ORD-20261007-01175,2026-10-07 18:25:00,True,COMPLETED,,1,,
ORD-20261007-01176,2026-10-07 18:25:15,True,COMPLETED,,2,,
ORD-20261007-01177,2026-10-07 18:25:46,True,COMPLETED,,1,,
ORD-20261007-01178,2026-10-07 18:25:01,True,COMPLETED,,2,,
ORD-20261007-01179,2026-10-07 18:25:59,True,COMPLETED,,1,,
ORD-20261007-01180,2026-10-07 18:26:16,True,COMPLETED,,1,,
ORD-20261007-01181,2026-10-07 18:26:09,True,COMPLETED,,2,,
ORD-20261007-01182,2026-10-07 18:26:45,True,COMPLETED,,2,,
ORD-20261007-01183,2026-10-07 18:26:33,True,COMPLETED,,2,,
ORD-20261007-01184,2026-10-07 18:26:18,True,COMPLETED,,2,,
ORD-20261007-01185,2026-10-07 18:26:09,True,COMPLETED,,1,,
ORD-20261007-01186,2026-10-07 18:26:50,True,COMPLETED,,1,,
ORD-20261007-01187,2026-10-07 18:26:49,True,COMPLETED,,2,,
ORD-20261007-01188,2026-10-07 18:26:29,True,COMPLETED,,2,,
ORD-20261007-01189,2026-10-07 18:26:40,True,COMPLETED,,2,,
ORD-20261007-01190,2026-10-07 18:26:50,True,CANCELLED,RIDER_REJECTION,2,2026-10-07 18:29:04,
ORD-20261007-01191,2026-10-07 18:26:04,True,COMPLETED,,2,,
ORD-20261007-01192,2026-10-07 18:26:04,True,COMPLETED,,2,,
ORD-20261007-01193,2026-10-07 18:26:51,True,COMPLETED,,1,,
ORD-20261007-01194,2026-10-07 18:26:58,True,COMPLETED,,2,,
ORD-20261007-01195,2026-10-07 18:26:24,True,CANCELLED,DISPATCH_TIMEOUT,1,2026-10-07 18:27:33,
ORD-20261007-01196,2026-10-07 18:26:10,True,COMPLETED,,1,,
ORD-20261007-01197,2026-10-07 18:26:23,True,COMPLETED,,1,,
ORD-20261007-01198,2026-10-07 18:26:55,True,CANCELLED,DISPATCH_TIMEOUT,2,2026-10-07 18:28:26,
ORD-20261007-01199,2026-10-07 18:26:44,True,COMPLETED,,1,,
ORD-20261007-01200,2026-10-07 18:26:53,True,COMPLETED,,1,,
ORD-20261007-01201,2026-10-07 18:26:06,True,COMPLETED,,2,,
ORD-20261007-01202,2026-10-07 18:26:25,True,COMPLETED,,1,,
ORD-20261007-01203,2026-10-07 18:26:43,True,COMPLETED,,1,,
ORD-20261007-01204,2026-10-07 18:26:33,True,COMPLETED,,1,,
ORD-20261007-01205,2026-10-07 18:26:28,True,COMPLETED,,2,,
ORD-20261007-01206,2026-10-07 18:26:38,True,COMPLETED,,2,,
ORD-20261007-01207,2026-10-07 18:26:38,True,COMPLETED,,2,,
ORD-20261007-01208,2026-10-07 18:26:55,True,COMPLETED,,2,,
ORD-20261007-01209,2026-10-07 18:26:38,True,COMPLETED,,2,,
ORD-20261007-01210,2026-10-07 18:26:52,True,COMPLETED,,1,,
ORD-20261007-01211,2026-10-07 18:26:10,True,COMPLETED,,1,,
ORD-20261007-01212,2026-10-07 18:26:09,True,COMPLETED,,1,,
ORD-20261007-01213,2026-10-07 18:26:32,True,COMPLETED,,1,,
ORD-20261007-01214,2026-10-07 18:26:57,True,COMPLETED,,1,,
ORD-20261007-01215,2026-10-07 18:26:03,True,COMPLETED,,2,,
ORD-20261007-01216,2026-10-07 18:26:58,True,COMPLETED,,1,,
ORD-20261007-01217,2026-10-07 18:26:07,True,COMPLETED,,1,,
ORD-20261007-01218,2026-10-07 18:26:26,True,COMPLETED,,1,,
ORD-20261007-01219,2026-10-07 18:26:34,True,COMPLETED,,2,,
ORD-20261007-01220,2026-10-07 18:26:11,True,COMPLETED,,1,,
ORD-20261007-01221,2026-10-07 18:26:50,True,COMPLETED,,1,,
ORD-20261007-01222,2026-10-07 18:26:33,True,COMPLETED,,2,,
ORD-20261007-01223,2026-10-07 18:26:40,True,COMPLETED,,1,,
ORD-20261007-01224,2026-10-07 18:27:47,True,COMPLETED,,2,,
ORD-20261007-01225,2026-10-07 18:27:06,True,COMPLETED,,1,,
ORD-20261007-01226,2026-10-07 18:27:27,True,COMPLETED,,1,,
ORD-20261007-01227,2026-10-07 18:27:49,True,COMPLETED,,2,,
ORD-20261007-01228,2026-10-07 18:27:09,True,COMPLETED,,1,,
ORD-20261007-01229,2026-10-07 18:27:06,True,COMPLETED,,1,,
ORD-20261007-01230,2026-10-07 18:27:56,True,COMPLETED,,1,,
ORD-20261007-01231,2026-10-07 18:27:41,True,COMPLETED,,1,,
ORD-20261007-01232,2026-10-07 18:27:26,True,COMPLETED,,1,,
ORD-20261007-01233,2026-10-07 18:27:51,True,COMPLETED,,1,,
ORD-20261007-01234,2026-10-07 18:27:40,True,COMPLETED,,1,,
ORD-20261007-01235,2026-10-07 18:27:24,True,COMPLETED,,1,,
ORD-20261007-01236,2026-10-07 18:27:47,False,CANCELLED,PAYMENT_FAILED,1,2026-10-07 18:30:29,
ORD-20261007-01237,2026-10-07 18:27:45,True,COMPLETED,,2,,
ORD-20261007-01238,2026-10-07 18:27:59,True,COMPLETED,,1,,
ORD-20261007-01239,2026-10-07 18:27:17,True,COMPLETED,,1,,
ORD-20261007-01240,2026-10-07 18:27:51,True,COMPLETED,,1,,
ORD-20261007-01241,2026-10-07 18:27:28,True,COMPLETED,,1,,
ORD-20261007-01242,2026-10-07 18:27:43,True,COMPLETED,,1,,
ORD-20261007-01243,2026-10-07 18:27:23,True,COMPLETED,,1,,
ORD-20261007-01244,2026-10-07 18:27:24,True,COMPLETED,,1,,
ORD-20261007-01245,2026-10-07 18:27:31,True,COMPLETED,,1,,
ORD-20261007-01246,2026-10-07 18:27:58,True,COMPLETED,,2,,
ORD-20261007-01247,2026-10-07 18:27:20,True,COMPLETED,,1,,
ORD-20261007-01248,2026-10-07 18:27:08,True,COMPLETED,,2,,
ORD-20261007-01249,2026-10-07 18:27:05,True,COMPLETED,,1,,
ORD-20261007-01250,2026-10-07 18:27:10,True,COMPLETED,,1,,
ORD-20261007-01251,2026-10-07 18:27:47,True,COMPLETED,,1,,
ORD-20261007-01252,2026-10-07 18:27:36,True,COMPLETED,,1,,
ORD-20261007-01253,2026-10-07 18:27:34,True,COMPLETED,,2,,
ORD-20261007-01254,2026-10-07 18:27:20,True,COMPLETED,,1,,
ORD-20261007-01255,2026-10-07 18:27:30,True,COMPLETED,,1,,
ORD-20261007-01256,2026-10-07 18:27:26,True,COMPLETED,,2,,
ORD-20261007-01257,2026-10-07 18:27:16,True,COMPLETED,,2,,
ORD-20261007-01258,2026-10-07 18:27:04,True,COMPLETED,,2,,
ORD-20261007-01259,2026-10-07 18:27:48,True,COMPLETED,,1,,
ORD-20261007-01260,2026-10-07 18:27:36,True,COMPLETED,,1,,
ORD-20261007-01261,2026-10-07 18:27:18,True,COMPLETED,,1,,
ORD-20261007-01262,2026-10-07 18:27:20,True,COMPLETED,,2,,
ORD-20261007-01263,2026-10-07 18:27:54,True,COMPLETED,,2,,
ORD-20261007-01264,2026-10-07 18:27:40,True,COMPLETED,,1,,
ORD-20261007-01265,2026-10-07 18:27:07,True,COMPLETED,,2,,
ORD-20261007-01266,2026-10-07 18:27:12,True,COMPLETED,,1,,
ORD-20261007-01267,2026-10-07 18:27:46,True,COMPLETED,,2,,
ORD-20261007-01268,2026-10-07 18:27:04,True,COMPLETED,,2,,
ORD-20261007-01269,2026-10-07 18:27:26,True,COMPLETED,,1,,
ORD-20261007-01270,2026-10-07 18:27:52,True,COMPLETED,,2,,
ORD-20261007-01271,2026-10-07 18:28:11,True,COMPLETED,,1,,
ORD-20261007-01272,2026-10-07 18:28:21,True,COMPLETED,,2,,
ORD-20261007-01273,2026-10-07 18:28:55,True,COMPLETED,,1,,
ORD-20261007-01274,2026-10-07 18:28:24,True,CANCELLED,RIDER_REJECTION,1,2026-10-07 18:30:00,
ORD-20261007-01275,2026-10-07 18:28:19,True,COMPLETED,,2,,
ORD-20261007-01276,2026-10-07 18:28:28,True,COMPLETED,,2,,
ORD-20261007-01277,2026-10-07 18:28:09,True,COMPLETED,,1,,
ORD-20261007-01278,2026-10-07 18:28:32,True,COMPLETED,,2,,
ORD-20261007-01279,2026-10-07 18:28:44,True,COMPLETED,,1,,
ORD-20261007-01280,2026-10-07 18:28:02,True,COMPLETED,,2,,
ORD-20261007-01281,2026-10-07 18:28:38,True,COMPLETED,,1,,
ORD-20261007-01282,2026-10-07 18:28:56,True,COMPLETED,,1,,
ORD-20261007-01283,2026-10-07 18:28:29,True,COMPLETED,,1,,
ORD-20261007-01284,2026-10-07 18:28:45,True,COMPLETED,,1,,
ORD-20261007-01285,2026-10-07 18:28:33,True,CANCELLED,RIDER_REJECTION,1,2026-10-07 18:29:56,
ORD-20261007-01286,2026-10-07 18:28:35,True,CANCELLED,DISPATCH_TIMEOUT,2,2026-10-07 18:31:28,
ORD-20261007-01287,2026-10-07 18:28:42,True,COMPLETED,,2,,
ORD-20261007-01288,2026-10-07 18:28:08,True,COMPLETED,,2,,
ORD-20261007-01289,2026-10-07 18:28:48,True,COMPLETED,,1,,
ORD-20261007-01290,2026-10-07 18:28:55,True,COMPLETED,,2,,
ORD-20261007-01291,2026-10-07 18:28:13,True,COMPLETED,,1,,
ORD-20261007-01292,2026-10-07 18:28:26,True,COMPLETED,,1,,
ORD-20261007-01293,2026-10-07 18:28:33,True,COMPLETED,,2,,
ORD-20261007-01294,2026-10-07 18:28:09,True,COMPLETED,,1,,
ORD-20261007-01295,2026-10-07 18:28:18,True,COMPLETED,,1,,
ORD-20261007-01296,2026-10-07 18:28:58,True,COMPLETED,,2,,
ORD-20261007-01297,2026-10-07 18:28:43,True,COMPLETED,,2,,
ORD-20261007-01298,2026-10-07 18:28:24,True,COMPLETED,,2,,
ORD-20261007-01299,2026-10-07 18:28:12,True,COMPLETED,,2,,
ORD-20261007-01300,2026-10-07 18:28:23,True,COMPLETED,,2,,
ORD-20261007-01301,2026-10-07 18:28:01,True,COMPLETED,,1,,
ORD-20261007-01302,2026-10-07 18:28:43,True,COMPLETED,,2,,
ORD-20261007-01303,2026-10-07 18:28:54,True,COMPLETED,,2,,
ORD-20261007-01304,2026-10-07 18:28:26,True,COMPLETED,,1,,
ORD-20261007-01305,2026-10-07 18:28:22,True,COMPLETED,,2,,
ORD-20261007-01306,2026-10-07 18:28:17,True,COMPLETED,,1,,
ORD-20261007-01307,2026-10-07 18:28:58,True,COMPLETED,,1,,
ORD-20261007-01308,2026-10-07 18:28:47,True,COMPLETED,,2,,
ORD-20261007-01309,2026-10-07 18:28:05,True,COMPLETED,,1,,
ORD-20261007-01310,2026-10-07 18:28:36,True,COMPLETED,,2,,
ORD-20261007-01311,2026-10-07 18:28:40,True,COMPLETED,,2,,
ORD-20261007-01312,2026-10-07 18:28:24,True,COMPLETED,,1,,
ORD-20261007-01313,2026-10-07 18:28:49,True,COMPLETED,,1,,
ORD-20261007-01314,2026-10-07 18:28:26,True,COMPLETED,,1,,
ORD-20261007-01315,2026-10-07 18:28:41,True,COMPLETED,,1,,
ORD-20261007-01316,2026-10-07 18:29:00,True,COMPLETED,,1,,
ORD-20261007-01317,2026-10-07 18:29:07,True,COMPLETED,,2,,
ORD-20261007-01318,2026-10-07 18:29:44,True,COMPLETED,,2,,
ORD-20261007-01319,2026-10-07 18:29:22,True,COMPLETED,,2,,
ORD-20261007-01320,2026-10-07 18:29:19,True,COMPLETED,,1,,
ORD-20261007-01321,2026-10-07 18:29:07,True,COMPLETED,,2,,
ORD-20261007-01322,2026-10-07 18:29:41,True,COMPLETED,,2,,
ORD-20261007-01323,2026-10-07 18:29:33,True,COMPLETED,,1,,
ORD-20261007-01324,2026-10-07 18:29:07,True,COMPLETED,,2,,
ORD-20261007-01325,2026-10-07 18:29:56,True,COMPLETED,,2,,
ORD-20261007-01326,2026-10-07 18:29:54,True,COMPLETED,,1,,
ORD-20261007-01327,2026-10-07 18:29:23,True,COMPLETED,,1,,
ORD-20261007-01328,2026-10-07 18:29:55,True,COMPLETED,,2,,
ORD-20261007-01329,2026-10-07 18:29:31,True,COMPLETED,,1,,
ORD-20261007-01330,2026-10-07 18:29:14,True,COMPLETED,,2,,
ORD-20261007-01331,2026-10-07 18:29:17,True,COMPLETED,,2,,
ORD-20261007-01332,2026-10-07 18:29:34,True,COMPLETED,,2,,
ORD-20261007-01333,2026-10-07 18:29:53,True,COMPLETED,,1,,
ORD-20261007-01334,2026-10-07 18:29:55,True,COMPLETED,,2,,
ORD-20261007-01335,2026-10-07 18:29:21,True,COMPLETED,,1,,
ORD-20261007-01336,2026-10-07 18:29:07,True,COMPLETED,,2,,
ORD-20261007-01337,2026-10-07 18:29:06,True,COMPLETED,,2,,
ORD-20261007-01338,2026-10-07 18:29:38,True,COMPLETED,,2,,
ORD-20261007-01339,2026-10-07 18:29:59,True,COMPLETED,,1,,
ORD-20261007-01340,2026-10-07 18:29:31,True,COMPLETED,,1,,
ORD-20261007-01341,2026-10-07 18:29:12,True,COMPLETED,,1,,
ORD-20261007-01342,2026-10-07 18:29:59,True,COMPLETED,,2,,
ORD-20261007-01343,2026-10-07 18:29:42,True,COMPLETED,,2,,
ORD-20261007-01344,2026-10-07 18:29:37,True,COMPLETED,,1,,
ORD-20261007-01345,2026-10-07 18:29:53,True,COMPLETED,,2,,
ORD-20261007-01346,2026-10-07 18:29:59,True,COMPLETED,,2,,
ORD-20261007-01347,2026-10-07 18:29:30,True,COMPLETED,,1,,
ORD-20261007-01348,2026-10-07 18:29:27,True,COMPLETED,,1,,
ORD-20261007-01349,2026-10-07 18:29:13,True,COMPLETED,,1,,
ORD-20261007-01350,2026-10-07 18:29:54,True,COMPLETED,,2,,
ORD-20261007-01351,2026-10-07 18:29:03,True,COMPLETED,,2,,
ORD-20261007-01352,2026-10-07 18:29:07,True,COMPLETED,,2,,
ORD-20261007-01353,2026-10-07 18:29:06,True,COMPLETED,,1,,
ORD-20261007-01354,2026-10-07 18:29:39,True,COMPLETED,,1,,
ORD-20261007-01355,2026-10-07 18:29:34,True,COMPLETED,,2,,
ORD-20261007-01356,2026-10-07 18:29:11,True,COMPLETED,,1,,
ORD-20261007-01357,2026-10-07 18:29:39,True,COMPLETED,,1,,
ORD-20261007-01358,2026-10-07 18:29:21,True,COMPLETED,,1,,
ORD-20261007-01359,2026-10-07 18:29:51,True,COMPLETED,,2,,
ORD-20261007-01360,2026-10-07 18:29:16,True,COMPLETED,,1,,
ORD-20261007-01361,2026-10-07 18:30:38,True,COMPLETED,,1,,
ORD-20261007-01362,2026-10-07 18:30:52,True,COMPLETED,,2,,
ORD-20261007-01363,2026-10-07 18:30:31,True,COMPLETED,,1,,
ORD-20261007-01364,2026-10-07 18:30:22,True,COMPLETED,,1,,
ORD-20261007-01365,2026-10-07 18:30:37,True,COMPLETED,,2,,
ORD-20261007-01366,2026-10-07 18:30:33,True,COMPLETED,,2,,
ORD-20261007-01367,2026-10-07 18:30:28,True,COMPLETED,,2,,
ORD-20261007-01368,2026-10-07 18:30:39,True,COMPLETED,,2,,
ORD-20261007-01369,2026-10-07 18:30:17,True,COMPLETED,,2,,
ORD-20261007-01370,2026-10-07 18:30:52,True,COMPLETED,,2,,
ORD-20261007-01371,2026-10-07 18:30:56,True,COMPLETED,,1,,
ORD-20261007-01372,2026-10-07 18:30:31,True,COMPLETED,,1,,
ORD-20261007-01373,2026-10-07 18:30:40,True,COMPLETED,,2,,
ORD-20261007-01374,2026-10-07 18:30:42,True,COMPLETED,,1,,
ORD-20261007-01375,2026-10-07 18:30:34,True,COMPLETED,,1,,
ORD-20261007-01376,2026-10-07 18:30:20,True,COMPLETED,,1,,
ORD-20261007-01377,2026-10-07 18:30:01,True,COMPLETED,,1,,
ORD-20261007-01378,2026-10-07 18:30:37,True,COMPLETED,,2,,
ORD-20261007-01379,2026-10-07 18:30:48,True,COMPLETED,,1,,
ORD-20261007-01380,2026-10-07 18:30:41,True,COMPLETED,,2,,
ORD-20261007-01381,2026-10-07 18:30:24,True,COMPLETED,,1,,
ORD-20261007-01382,2026-10-07 18:30:30,True,COMPLETED,,1,,
ORD-20261007-01383,2026-10-07 18:30:18,True,COMPLETED,,2,,
ORD-20261007-01384,2026-10-07 18:30:46,True,COMPLETED,,1,,
ORD-20261007-01385,2026-10-07 18:30:47,True,COMPLETED,,1,,
ORD-20261007-01386,2026-10-07 18:30:11,True,COMPLETED,,1,,
ORD-20261007-01387,2026-10-07 18:30:33,True,COMPLETED,,1,,
ORD-20261007-01388,2026-10-07 18:30:15,True,COMPLETED,,1,,
ORD-20261007-01389,2026-10-07 18:30:20,True,COMPLETED,,2,,
ORD-20261007-01390,2026-10-07 18:30:29,True,COMPLETED,,1,,
ORD-20261007-01391,2026-10-07 18:30:19,True,COMPLETED,,1,,
ORD-20261007-01392,2026-10-07 18:30:57,True,COMPLETED,,1,,
ORD-20261007-01393,2026-10-07 18:30:33,True,COMPLETED,,2,,
ORD-20261007-01394,2026-10-07 18:30:31,True,COMPLETED,,2,,
ORD-20261007-01395,2026-10-07 18:30:38,True,COMPLETED,,1,,
ORD-20261007-01396,2026-10-07 18:30:39,True,COMPLETED,,1,,
ORD-20261007-01397,2026-10-07 18:30:41,True,COMPLETED,,2,,
ORD-20261007-01398,2026-10-07 18:30:48,True,COMPLETED,,1,,
ORD-20261007-01399,2026-10-07 18:30:36,True,COMPLETED,,2,,
ORD-20261007-01400,2026-10-07 18:30:58,True,COMPLETED,,2,,
ORD-20261007-01401,2026-10-07 18:30:03,True,COMPLETED,,1,,
ORD-20261007-01402,2026-10-07 18:30:47,True,COMPLETED,,1,,
ORD-20261007-01403,2026-10-07 18:30:57,True,COMPLETED,,1,,
ORD-20261007-01404,2026-10-07 18:30:22,True,COMPLETED,,2,,
ORD-20261007-01405,2026-10-07 18:30:28,True,COMPLETED,,2,,
ORD-20261007-01406,2026-10-07 18:31:19,True,COMPLETED,,2,,
ORD-20261007-01407,2026-10-07 18:31:25,True,COMPLETED,,1,,
ORD-20261007-01408,2026-10-07 18:31:30,True,COMPLETED,,1,,
ORD-20261007-01409,2026-10-07 18:31:51,True,COMPLETED,,2,,
ORD-20261007-01410,2026-10-07 18:31:46,True,COMPLETED,,2,,
ORD-20261007-01411,2026-10-07 18:31:14,True,COMPLETED,,1,,
ORD-20261007-01412,2026-10-07 18:31:46,True,COMPLETED,,1,,
ORD-20261007-01413,2026-10-07 18:31:57,True,COMPLETED,,2,,
ORD-20261007-01414,2026-10-07 18:31:13,True,COMPLETED,,1,,
ORD-20261007-01415,2026-10-07 18:31:33,True,COMPLETED,,1,,
ORD-20261007-01416,2026-10-07 18:31:09,True,COMPLETED,,2,,
ORD-20261007-01417,2026-10-07 18:31:48,True,COMPLETED,,2,,
ORD-20261007-01418,2026-10-07 18:31:38,True,COMPLETED,,2,,
ORD-20261007-01419,2026-10-07 18:31:53,True,COMPLETED,,1,,
ORD-20261007-01420,2026-10-07 18:31:46,True,COMPLETED,,1,,
ORD-20261007-01421,2026-10-07 18:31:32,True,COMPLETED,,1,,
ORD-20261007-01422,2026-10-07 18:31:42,True,COMPLETED,,2,,
ORD-20261007-01423,2026-10-07 18:31:30,True,COMPLETED,,1,,
ORD-20261007-01424,2026-10-07 18:31:43,True,COMPLETED,,1,,
ORD-20261007-01425,2026-10-07 18:31:26,True,COMPLETED,,1,,
ORD-20261007-01426,2026-10-07 18:31:17,True,COMPLETED,,2,,
ORD-20261007-01427,2026-10-07 18:31:02,True,COMPLETED,,1,,
ORD-20261007-01428,2026-10-07 18:31:14,True,COMPLETED,,2,,
ORD-20261007-01429,2026-10-07 18:31:24,True,COMPLETED,,1,,
ORD-20261007-01430,2026-10-07 18:31:56,False,CANCELLED,PAYMENT_FAILED,1,2026-10-07 18:33:46,
ORD-20261007-01431,2026-10-07 18:31:29,True,COMPLETED,,1,,
ORD-20261007-01432,2026-10-07 18:31:20,True,COMPLETED,,2,,
ORD-20261007-01433,2026-10-07 18:31:10,True,COMPLETED,,1,,
ORD-20261007-01434,2026-10-07 18:31:25,True,COMPLETED,,2,,
ORD-20261007-01435,2026-10-07 18:31:55,True,COMPLETED,,2,,
ORD-20261007-01436,2026-10-07 18:31:47,True,COMPLETED,,2,,
ORD-20261007-01437,2026-10-07 18:31:56,True,COMPLETED,,2,,
ORD-20261007-01438,2026-10-07 18:31:24,True,COMPLETED,,2,,
ORD-20261007-01439,2026-10-07 18:31:20,True,COMPLETED,,1,,
ORD-20261007-01440,2026-10-07 18:31:59,True,COMPLETED,,1,,
ORD-20261007-01441,2026-10-07 18:31:41,True,COMPLETED,,2,,
ORD-20261007-01442,2026-10-07 18:31:49,True,COMPLETED,,1,,
ORD-20261007-01443,2026-10-07 18:31:33,True,COMPLETED,,2,,
ORD-20261007-01444,2026-10-07 18:31:01,True,COMPLETED,,2,,
ORD-20261007-01445,2026-10-07 18:31:49,True,COMPLETED,,2,,
ORD-20261007-01446,2026-10-07 18:31:09,True,COMPLETED,,2,,
ORD-20261007-01447,2026-10-07 18:31:30,True,COMPLETED,,1,,
ORD-20261007-01448,2026-10-07 18:31:10,True,COMPLETED,,2,,
ORD-20261007-01449,2026-10-07 18:32:45,True,COMPLETED,,1,,
ORD-20261007-01450,2026-10-07 18:32:07,True,COMPLETED,,1,,
ORD-20261007-01451,2026-10-07 18:32:36,True,COMPLETED,,2,,
ORD-20261007-01452,2026-10-07 18:32:03,True,COMPLETED,,2,,
ORD-20261007-01453,2026-10-07 18:32:37,True,COMPLETED,,1,,
ORD-20261007-01454,2026-10-07 18:32:25,True,COMPLETED,,2,,
ORD-20261007-01455,2026-10-07 18:32:33,True,COMPLETED,,2,,
ORD-20261007-01456,2026-10-07 18:32:26,True,COMPLETED,,2,,
ORD-20261007-01457,2026-10-07 18:32:55,False,CANCELLED,PAYMENT_FAILED,1,2026-10-07 18:34:00,
ORD-20261007-01458,2026-10-07 18:32:39,True,COMPLETED,,1,,
ORD-20261007-01459,2026-10-07 18:32:21,True,COMPLETED,,2,,
ORD-20261007-01460,2026-10-07 18:32:31,True,COMPLETED,,1,,
ORD-20261007-01461,2026-10-07 18:32:51,True,COMPLETED,,1,,
ORD-20261007-01462,2026-10-07 18:32:42,True,COMPLETED,,2,,
ORD-20261007-01463,2026-10-07 18:32:33,True,COMPLETED,,1,,
ORD-20261007-01464,2026-10-07 18:32:15,True,COMPLETED,,1,,
ORD-20261007-01465,2026-10-07 18:32:04,True,COMPLETED,,2,,
ORD-20261007-01466,2026-10-07 18:32:35,True,COMPLETED,,2,,
ORD-20261007-01467,2026-10-07 18:32:03,True,COMPLETED,,2,,
ORD-20261007-01468,2026-10-07 18:32:58,True,COMPLETED,,1,,
ORD-20261007-01469,2026-10-07 18:32:06,True,COMPLETED,,1,,
ORD-20261007-01470,2026-10-07 18:32:25,True,COMPLETED,,1,,
ORD-20261007-01471,2026-10-07 18:32:18,True,COMPLETED,,1,,
ORD-20261007-01472,2026-10-07 18:32:58,True,COMPLETED,,2,,
ORD-20261007-01473,2026-10-07 18:32:30,True,COMPLETED,,1,,
ORD-20261007-01474,2026-10-07 18:32:36,True,COMPLETED,,2,,
ORD-20261007-01475,2026-10-07 18:32:30,True,COMPLETED,,1,,
ORD-20261007-01476,2026-10-07 18:32:14,True,COMPLETED,,1,,
ORD-20261007-01477,2026-10-07 18:32:38,True,COMPLETED,,2,,
ORD-20261007-01478,2026-10-07 18:32:42,True,COMPLETED,,2,,
ORD-20261007-01479,2026-10-07 18:32:44,True,COMPLETED,,1,,
ORD-20261007-01480,2026-10-07 18:32:14,True,COMPLETED,,1,,
ORD-20261007-01481,2026-10-07 18:32:01,True,COMPLETED,,2,,
ORD-20261007-01482,2026-10-07 18:32:26,True,COMPLETED,,2,,
ORD-20261007-01483,2026-10-07 18:32:35,True,COMPLETED,,1,,
ORD-20261007-01484,2026-10-07 18:32:20,True,COMPLETED,,1,,
ORD-20261007-01485,2026-10-07 18:32:19,True,COMPLETED,,1,,
ORD-20261007-01486,2026-10-07 18:32:27,True,COMPLETED,,2,,
ORD-20261007-01487,2026-10-07 18:32:44,True,COMPLETED,,2,,
ORD-20261007-01488,2026-10-07 18:32:44,True,COMPLETED,,1,,
ORD-20261007-01489,2026-10-07 18:32:07,True,CANCELLED,DISPATCH_TIMEOUT,1,2026-10-07 18:34:50,
ORD-20261007-01490,2026-10-07 18:32:20,True,COMPLETED,,1,,
ORD-20261007-01491,2026-10-07 18:33:32,True,COMPLETED,,2,,
ORD-20261007-01492,2026-10-07 18:33:10,True,COMPLETED,,1,,
ORD-20261007-01493,2026-10-07 18:33:27,True,COMPLETED,,2,,
ORD-20261007-01494,2026-10-07 18:33:01,True,COMPLETED,,1,,
ORD-20261007-01495,2026-10-07 18:33:55,True,COMPLETED,,2,,
ORD-20261007-01496,2026-10-07 18:33:04,True,COMPLETED,,2,,
ORD-20261007-01497,2026-10-07 18:33:14,True,CANCELLED,DISPATCH_TIMEOUT,2,2026-10-07 18:35:40,
ORD-20261007-01498,2026-10-07 18:33:34,True,COMPLETED,,1,,
ORD-20261007-01499,2026-10-07 18:33:36,True,COMPLETED,,1,,
ORD-20261007-01500,2026-10-07 18:33:04,True,COMPLETED,,1,,
ORD-20261007-01501,2026-10-07 18:33:20,True,COMPLETED,,2,,
ORD-20261007-01502,2026-10-07 18:33:26,True,COMPLETED,,1,,
ORD-20261007-01503,2026-10-07 18:33:47,True,COMPLETED,,1,,
ORD-20261007-01504,2026-10-07 18:33:03,True,COMPLETED,,1,,
ORD-20261007-01505,2026-10-07 18:33:05,True,COMPLETED,,1,,
ORD-20261007-01506,2026-10-07 18:33:01,True,COMPLETED,,2,,
ORD-20261007-01507,2026-10-07 18:33:19,True,COMPLETED,,1,,
ORD-20261007-01508,2026-10-07 18:33:35,True,COMPLETED,,2,,
ORD-20261007-01509,2026-10-07 18:33:23,True,COMPLETED,,1,,
ORD-20261007-01510,2026-10-07 18:33:38,True,COMPLETED,,2,,
ORD-20261007-01511,2026-10-07 18:33:58,True,COMPLETED,,1,,
ORD-20261007-01512,2026-10-07 18:33:54,True,COMPLETED,,1,,
ORD-20261007-01513,2026-10-07 18:33:51,True,COMPLETED,,2,,
ORD-20261007-01514,2026-10-07 18:33:25,True,COMPLETED,,1,,
ORD-20261007-01515,2026-10-07 18:33:41,True,COMPLETED,,2,,
ORD-20261007-01516,2026-10-07 18:33:39,True,COMPLETED,,1,,
ORD-20261007-01517,2026-10-07 18:33:02,True,COMPLETED,,2,,
ORD-20261007-01518,2026-10-07 18:33:35,True,COMPLETED,,2,,
ORD-20261007-01519,2026-10-07 18:33:21,True,COMPLETED,,1,,
ORD-20261007-01520,2026-10-07 18:33:31,True,COMPLETED,,1,,
ORD-20261007-01521,2026-10-07 18:33:19,True,COMPLETED,,2,,
ORD-20261007-01522,2026-10-07 18:33:52,True,COMPLETED,,2,,
ORD-20261007-01523,2026-10-07 18:33:15,True,COMPLETED,,1,,
ORD-20261007-01524,2026-10-07 18:33:53,True,COMPLETED,,2,,
ORD-20261007-01525,2026-10-07 18:33:08,True,CANCELLED,RIDER_REJECTION,2,2026-10-07 18:34:56,
ORD-20261007-01526,2026-10-07 18:33:49,True,COMPLETED,,1,,
ORD-20261007-01527,2026-10-07 18:33:22,True,COMPLETED,,2,,
ORD-20261007-01528,2026-10-07 18:33:34,True,COMPLETED,,2,,
ORD-20261007-01529,2026-10-07 18:33:10,True,COMPLETED,,2,,
ORD-20261007-01530,2026-10-07 18:33:57,True,COMPLETED,,2,,
ORD-20261007-01531,2026-10-07 18:33:59,True,COMPLETED,,2,,
ORD-20261007-01532,2026-10-07 18:33:11,True,COMPLETED,,1,,
ORD-20261007-01533,2026-10-07 18:33:47,True,COMPLETED,,2,,
ORD-20261007-01534,2026-10-07 18:33:18,True,COMPLETED,,2,,
ORD-20261007-01535,2026-10-07 18:33:19,True,COMPLETED,,2,,
ORD-20261007-01536,2026-10-07 18:34:51,True,COMPLETED,,2,,
ORD-20261007-01537,2026-10-07 18:34:45,True,COMPLETED,,1,,
ORD-20261007-01538,2026-10-07 18:34:59,True,COMPLETED,,1,,
ORD-20261007-01539,2026-10-07 18:34:15,True,COMPLETED,,2,,
ORD-20261007-01540,2026-10-07 18:34:33,True,COMPLETED,,2,,
ORD-20261007-01541,2026-10-07 18:34:43,True,COMPLETED,,1,,
ORD-20261007-01542,2026-10-07 18:34:00,True,COMPLETED,,1,,
ORD-20261007-01543,2026-10-07 18:34:59,True,COMPLETED,,2,,
ORD-20261007-01544,2026-10-07 18:34:11,True,COMPLETED,,1,,
ORD-20261007-01545,2026-10-07 18:34:25,True,COMPLETED,,2,,
ORD-20261007-01546,2026-10-07 18:34:20,True,COMPLETED,,2,,
ORD-20261007-01547,2026-10-07 18:34:20,True,COMPLETED,,2,,
ORD-20261007-01548,2026-10-07 18:34:02,True,COMPLETED,,1,,
ORD-20261007-01549,2026-10-07 18:34:24,True,COMPLETED,,1,,
ORD-20261007-01550,2026-10-07 18:34:05,True,COMPLETED,,2,,
ORD-20261007-01551,2026-10-07 18:34:51,True,COMPLETED,,1,,
ORD-20261007-01552,2026-10-07 18:34:08,True,COMPLETED,,2,,
ORD-20261007-01553,2026-10-07 18:34:36,True,COMPLETED,,2,,
ORD-20261007-01554,2026-10-07 18:34:26,True,COMPLETED,,2,,
ORD-20261007-01555,2026-10-07 18:34:45,True,COMPLETED,,1,,
ORD-20261007-01556,2026-10-07 18:34:14,True,COMPLETED,,1,,
ORD-20261007-01557,2026-10-07 18:34:21,True,COMPLETED,,1,,
ORD-20261007-01558,2026-10-07 18:34:41,True,COMPLETED,,1,,
ORD-20261007-01559,2026-10-07 18:34:49,True,COMPLETED,,2,,
ORD-20261007-01560,2026-10-07 18:34:20,True,COMPLETED,,2,,
ORD-20261007-01561,2026-10-07 18:34:52,True,COMPLETED,,2,,
ORD-20261007-01562,2026-10-07 18:34:17,True,COMPLETED,,2,,
ORD-20261007-01563,2026-10-07 18:34:43,True,COMPLETED,,1,,
ORD-20261007-01564,2026-10-07 18:34:39,True,COMPLETED,,1,,
ORD-20261007-01565,2026-10-07 18:34:54,True,COMPLETED,,2,,
ORD-20261007-01566,2026-10-07 18:34:39,True,COMPLETED,,2,,
ORD-20261007-01567,2026-10-07 18:34:54,True,COMPLETED,,2,,
ORD-20261007-01568,2026-10-07 18:34:35,True,COMPLETED,,2,,
ORD-20261007-01569,2026-10-07 18:34:21,True,COMPLETED,,1,,
ORD-20261007-01570,2026-10-07 18:34:38,True,COMPLETED,,2,,
ORD-20261007-01571,2026-10-07 18:34:08,True,COMPLETED,,1,,
ORD-20261007-01572,2026-10-07 18:34:53,True,CANCELLED,RIDER_REJECTION,1,2026-10-07 18:36:06,
ORD-20261007-01573,2026-10-07 18:34:02,True,COMPLETED,,2,,
ORD-20261007-01574,2026-10-07 18:34:35,False,CANCELLED,PAYMENT_FAILED,2,2026-10-07 18:35:35,
ORD-20261007-01575,2026-10-07 18:34:35,True,COMPLETED,,2,,
ORD-20261007-01576,2026-10-07 18:34:40,True,COMPLETED,,2,,
ORD-20261007-01577,2026-10-07 18:34:43,True,COMPLETED,,2,,
ORD-20261007-01578,2026-10-07 18:34:49,True,COMPLETED,,2,,
ORD-20261007-01579,2026-10-07 18:34:41,True,COMPLETED,,2,,
ORD-20261007-01580,2026-10-07 18:34:11,True,COMPLETED,,1,,
ORD-20261007-01581,2026-10-07 18:34:46,True,COMPLETED,,1,,
ORD-20261007-01582,2026-10-07 18:34:11,True,COMPLETED,,1,,
ORD-20261007-01583,2026-10-07 18:34:55,True,COMPLETED,,1,,
ORD-20261007-01584,2026-10-07 18:35:23,True,CANCELLED,DISPATCH_TIMEOUT,1,2026-10-07 18:36:03,
ORD-20261007-01585,2026-10-07 18:35:37,True,COMPLETED,,1,,
ORD-20261007-01586,2026-10-07 18:35:17,True,COMPLETED,,1,,
ORD-20261007-01587,2026-10-07 18:35:05,True,COMPLETED,,1,,
ORD-20261007-01588,2026-10-07 18:35:15,True,COMPLETED,,1,,
ORD-20261007-01589,2026-10-07 18:35:44,True,COMPLETED,,1,,
ORD-20261007-01590,2026-10-07 18:35:23,True,COMPLETED,,2,,
ORD-20261007-01591,2026-10-07 18:35:09,True,COMPLETED,,1,,
ORD-20261007-01592,2026-10-07 18:35:30,True,COMPLETED,,2,,
ORD-20261007-01593,2026-10-07 18:35:06,True,COMPLETED,,2,,
ORD-20261007-01594,2026-10-07 18:35:35,True,COMPLETED,,1,,
ORD-20261007-01595,2026-10-07 18:35:17,True,COMPLETED,,1,,
ORD-20261007-01596,2026-10-07 18:35:07,True,COMPLETED,,2,,
ORD-20261007-01597,2026-10-07 18:35:02,True,COMPLETED,,1,,
ORD-20261007-01598,2026-10-07 18:35:59,True,COMPLETED,,1,,
ORD-20261007-01599,2026-10-07 18:35:01,True,COMPLETED,,1,,
ORD-20261007-01600,2026-10-07 18:35:07,True,COMPLETED,,2,,
ORD-20261007-01601,2026-10-07 18:35:17,True,COMPLETED,,2,,
ORD-20261007-01602,2026-10-07 18:35:08,True,COMPLETED,,2,,
ORD-20261007-01603,2026-10-07 18:35:00,True,COMPLETED,,1,,
ORD-20261007-01604,2026-10-07 18:35:19,True,COMPLETED,,1,,
ORD-20261007-01605,2026-10-07 18:35:15,True,COMPLETED,,1,,
ORD-20261007-01606,2026-10-07 18:35:28,True,COMPLETED,,1,,
ORD-20261007-01607,2026-10-07 18:35:45,True,COMPLETED,,1,,
ORD-20261007-01608,2026-10-07 18:35:22,True,COMPLETED,,2,,
ORD-20261007-01609,2026-10-07 18:35:00,False,CANCELLED,PAYMENT_FAILED,1,2026-10-07 18:37:23,
ORD-20261007-01610,2026-10-07 18:35:49,True,COMPLETED,,2,,
ORD-20261007-01611,2026-10-07 18:35:32,True,COMPLETED,,1,,
ORD-20261007-01612,2026-10-07 18:35:00,True,COMPLETED,,2,,
ORD-20261007-01613,2026-10-07 18:35:44,True,COMPLETED,,2,,
ORD-20261007-01614,2026-10-07 18:35:55,True,COMPLETED,,1,,
ORD-20261007-01615,2026-10-07 18:35:10,True,COMPLETED,,1,,
ORD-20261007-01616,2026-10-07 18:35:11,True,COMPLETED,,2,,
ORD-20261007-01617,2026-10-07 18:35:41,True,COMPLETED,,1,,
ORD-20261007-01618,2026-10-07 18:35:06,True,COMPLETED,,1,,
ORD-20261007-01619,2026-10-07 18:35:03,True,COMPLETED,,1,,
ORD-20261007-01620,2026-10-07 18:35:47,True,COMPLETED,,2,,
ORD-20261007-01621,2026-10-07 18:35:31,True,COMPLETED,,1,,
ORD-20261007-01622,2026-10-07 18:35:37,True,COMPLETED,,2,,
ORD-20261007-01623,2026-10-07 18:35:56,True,COMPLETED,,2,,
ORD-20261007-01624,2026-10-07 18:35:40,True,COMPLETED,,2,,
ORD-20261007-01625,2026-10-07 18:35:12,True,COMPLETED,,2,,
ORD-20261007-01626,2026-10-07 18:36:34,False,CANCELLED,PAYMENT_FAILED,1,2026-10-07 18:39:00,
ORD-20261007-01627,2026-10-07 18:36:23,True,COMPLETED,,1,,
ORD-20261007-01628,2026-10-07 18:36:01,True,COMPLETED,,2,,
ORD-20261007-01629,2026-10-07 18:36:46,True,COMPLETED,,2,,
ORD-20261007-01630,2026-10-07 18:36:37,True,COMPLETED,,1,,
ORD-20261007-01631,2026-10-07 18:36:30,True,COMPLETED,,1,,
ORD-20261007-01632,2026-10-07 18:36:53,True,COMPLETED,,1,,
ORD-20261007-01633,2026-10-07 18:36:27,True,COMPLETED,,2,,
ORD-20261007-01634,2026-10-07 18:36:54,True,COMPLETED,,2,,
ORD-20261007-01635,2026-10-07 18:36:13,True,COMPLETED,,1,,
ORD-20261007-01636,2026-10-07 18:36:50,True,COMPLETED,,1,,
ORD-20261007-01637,2026-10-07 18:36:36,True,COMPLETED,,1,,
ORD-20261007-01638,2026-10-07 18:36:20,True,COMPLETED,,2,,
ORD-20261007-01639,2026-10-07 18:36:01,True,COMPLETED,,1,,
ORD-20261007-01640,2026-10-07 18:36:52,True,COMPLETED,,2,,
ORD-20261007-01641,2026-10-07 18:36:27,True,COMPLETED,,1,,
ORD-20261007-01642,2026-10-07 18:36:05,True,COMPLETED,,1,,
ORD-20261007-01643,2026-10-07 18:36:21,False,CANCELLED,PAYMENT_FAILED,1,2026-10-07 18:37:16,
ORD-20261007-01644,2026-10-07 18:36:11,True,COMPLETED,,2,,
ORD-20261007-01645,2026-10-07 18:36:34,True,COMPLETED,,1,,
ORD-20261007-01646,2026-10-07 18:36:14,True,COMPLETED,,1,,
ORD-20261007-01647,2026-10-07 18:36:40,True,COMPLETED,,2,,
ORD-20261007-01648,2026-10-07 18:36:54,True,COMPLETED,,1,,
ORD-20261007-01649,2026-10-07 18:36:11,True,CANCELLED,DISPATCH_TIMEOUT,2,2026-10-07 18:38:54,
ORD-20261007-01650,2026-10-07 18:36:28,True,COMPLETED,,2,,
ORD-20261007-01651,2026-10-07 18:36:50,True,COMPLETED,,1,,
ORD-20261007-01652,2026-10-07 18:36:22,True,COMPLETED,,2,,
ORD-20261007-01653,2026-10-07 18:36:13,True,COMPLETED,,2,,
ORD-20261007-01654,2026-10-07 18:36:44,True,CANCELLED,DISPATCH_TIMEOUT,1,2026-10-07 18:37:24,
ORD-20261007-01655,2026-10-07 18:36:35,True,COMPLETED,,1,,
ORD-20261007-01656,2026-10-07 18:36:33,True,COMPLETED,,1,,
ORD-20261007-01657,2026-10-07 18:36:58,True,COMPLETED,,2,,
ORD-20261007-01658,2026-10-07 18:36:40,True,COMPLETED,,2,,
ORD-20261007-01659,2026-10-07 18:36:17,True,COMPLETED,,1,,
ORD-20261007-01660,2026-10-07 18:36:21,True,COMPLETED,,1,,
ORD-20261007-01661,2026-10-07 18:36:39,True,COMPLETED,,2,,
ORD-20261007-01662,2026-10-07 18:36:18,True,COMPLETED,,1,,
ORD-20261007-01663,2026-10-07 18:36:40,True,COMPLETED,,1,,
ORD-20261007-01664,2026-10-07 18:36:55,True,COMPLETED,,2,,
ORD-20261007-01665,2026-10-07 18:36:06,True,COMPLETED,,2,,
ORD-20261007-01666,2026-10-07 18:36:55,True,COMPLETED,,2,,
ORD-20261007-01667,2026-10-07 18:36:39,True,COMPLETED,,2,,
ORD-20261007-01668,2026-10-07 18:36:11,True,COMPLETED,,1,,
ORD-20261007-01669,2026-10-07 18:36:08,True,COMPLETED,,2,,
ORD-20261007-01670,2026-10-07 18:36:30,True,COMPLETED,,2,,
ORD-20261007-01671,2026-10-07 18:36:19,True,COMPLETED,,1,,
ORD-20261007-01672,2026-10-07 18:36:58,True,COMPLETED,,1,,
ORD-20261007-01673,2026-10-07 18:36:51,True,COMPLETED,,1,,
ORD-20261007-01674,2026-10-07 18:37:41,True,COMPLETED,,2,,
ORD-20261007-01675,2026-10-07 18:37:19,True,COMPLETED,,2,,
ORD-20261007-01676,2026-10-07 18:37:43,False,CANCELLED,PAYMENT_FAILED,2,2026-10-07 18:38:52,
ORD-20261007-01677,2026-10-07 18:37:34,True,COMPLETED,,1,,
ORD-20261007-01678,2026-10-07 18:37:24,True,COMPLETED,,1,,
ORD-20261007-01679,2026-10-07 18:37:16,True,COMPLETED,,2,,
ORD-20261007-01680,2026-10-07 18:37:54,True,COMPLETED,,2,,
ORD-20261007-01681,2026-10-07 18:37:40,True,COMPLETED,,2,,
ORD-20261007-01682,2026-10-07 18:37:10,True,COMPLETED,,2,,
ORD-20261007-01683,2026-10-07 18:37:58,True,COMPLETED,,2,,
ORD-20261007-01684,2026-10-07 18:37:17,True,COMPLETED,,2,,
ORD-20261007-01685,2026-10-07 18:37:31,True,COMPLETED,,2,,
ORD-20261007-01686,2026-10-07 18:37:04,True,COMPLETED,,1,,
ORD-20261007-01687,2026-10-07 18:37:33,True,COMPLETED,,1,,
ORD-20261007-01688,2026-10-07 18:37:36,True,COMPLETED,,1,,
ORD-20261007-01689,2026-10-07 18:37:47,True,COMPLETED,,1,,
ORD-20261007-01690,2026-10-07 18:37:26,True,COMPLETED,,2,,
ORD-20261007-01691,2026-10-07 18:37:09,True,COMPLETED,,1,,
ORD-20261007-01692,2026-10-07 18:37:58,True,COMPLETED,,2,,
ORD-20261007-01693,2026-10-07 18:37:37,True,COMPLETED,,1,,
ORD-20261007-01694,2026-10-07 18:37:32,True,COMPLETED,,2,,
ORD-20261007-01695,2026-10-07 18:37:55,True,COMPLETED,,1,,
ORD-20261007-01696,2026-10-07 18:37:20,True,COMPLETED,,2,,
ORD-20261007-01697,2026-10-07 18:37:04,True,COMPLETED,,1,,
ORD-20261007-01698,2026-10-07 18:37:14,True,COMPLETED,,1,,
ORD-20261007-01699,2026-10-07 18:37:58,True,COMPLETED,,1,,
ORD-20261007-01700,2026-10-07 18:37:51,True,COMPLETED,,1,,
ORD-20261007-01701,2026-10-07 18:37:30,True,COMPLETED,,1,,
ORD-20261007-01702,2026-10-07 18:37:29,True,COMPLETED,,1,,
ORD-20261007-01703,2026-10-07 18:37:10,True,COMPLETED,,1,,
ORD-20261007-01704,2026-10-07 18:37:37,True,COMPLETED,,2,,
ORD-20261007-01705,2026-10-07 18:37:16,True,COMPLETED,,2,,
ORD-20261007-01706,2026-10-07 18:37:46,True,COMPLETED,,2,,
ORD-20261007-01707,2026-10-07 18:37:59,True,COMPLETED,,1,,
ORD-20261007-01708,2026-10-07 18:37:59,True,COMPLETED,,2,,
ORD-20261007-01709,2026-10-07 18:37:44,True,COMPLETED,,2,,
ORD-20261007-01710,2026-10-07 18:37:22,True,COMPLETED,,1,,
ORD-20261007-01711,2026-10-07 18:37:42,True,COMPLETED,,2,,
ORD-20261007-01712,2026-10-07 18:37:09,True,COMPLETED,,1,,
ORD-20261007-01713,2026-10-07 18:37:44,True,COMPLETED,,1,,
ORD-20261007-01714,2026-10-07 18:37:17,True,COMPLETED,,2,,
ORD-20261007-01715,2026-10-07 18:37:02,True,COMPLETED,,1,,
ORD-20261007-01716,2026-10-07 18:37:56,True,COMPLETED,,1,,
ORD-20261007-01717,2026-10-07 18:37:21,True,COMPLETED,,2,,
ORD-20261007-01718,2026-10-07 18:37:58,True,COMPLETED,,2,,
ORD-20261007-01719,2026-10-07 18:37:41,True,COMPLETED,,1,,
ORD-20261007-01720,2026-10-07 18:37:13,True,COMPLETED,,2,,
ORD-20261007-01721,2026-10-07 18:38:34,True,COMPLETED,,1,,
ORD-20261007-01722,2026-10-07 18:38:17,True,COMPLETED,,2,,
ORD-20261007-01723,2026-10-07 18:38:50,True,COMPLETED,,2,,
ORD-20261007-01724,2026-10-07 18:38:51,True,COMPLETED,,1,,
ORD-20261007-01725,2026-10-07 18:38:51,True,COMPLETED,,1,,
ORD-20261007-01726,2026-10-07 18:38:45,True,COMPLETED,,1,,
ORD-20261007-01727,2026-10-07 18:38:57,True,COMPLETED,,2,,
ORD-20261007-01728,2026-10-07 18:38:15,True,COMPLETED,,2,,
ORD-20261007-01729,2026-10-07 18:38:14,True,COMPLETED,,2,,
ORD-20261007-01730,2026-10-07 18:38:09,True,COMPLETED,,2,,
ORD-20261007-01731,2026-10-07 18:38:10,True,COMPLETED,,1,,
ORD-20261007-01732,2026-10-07 18:38:40,True,COMPLETED,,2,,
ORD-20261007-01733,2026-10-07 18:38:20,True,COMPLETED,,2,,
ORD-20261007-01734,2026-10-07 18:38:50,True,COMPLETED,,1,,
ORD-20261007-01735,2026-10-07 18:38:39,True,COMPLETED,,2,,
ORD-20261007-01736,2026-10-07 18:38:48,True,COMPLETED,,2,,
ORD-20261007-01737,2026-10-07 18:38:46,True,COMPLETED,,1,,
ORD-20261007-01738,2026-10-07 18:38:32,True,COMPLETED,,2,,
ORD-20261007-01739,2026-10-07 18:38:19,True,COMPLETED,,2,,
ORD-20261007-01740,2026-10-07 18:38:38,True,COMPLETED,,1,,
ORD-20261007-01741,2026-10-07 18:38:30,False,CANCELLED,PAYMENT_FAILED,2,2026-10-07 18:41:05,
ORD-20261007-01742,2026-10-07 18:38:06,True,COMPLETED,,1,,
ORD-20261007-01743,2026-10-07 18:38:03,True,COMPLETED,,2,,
ORD-20261007-01744,2026-10-07 18:38:53,True,COMPLETED,,2,,
ORD-20261007-01745,2026-10-07 18:38:52,True,COMPLETED,,2,,
ORD-20261007-01746,2026-10-07 18:38:19,True,COMPLETED,,1,,
ORD-20261007-01747,2026-10-07 18:38:17,True,COMPLETED,,2,,
ORD-20261007-01748,2026-10-07 18:38:53,True,COMPLETED,,2,,
ORD-20261007-01749,2026-10-07 18:38:53,True,COMPLETED,,1,,
ORD-20261007-01750,2026-10-07 18:38:57,True,COMPLETED,,2,,
ORD-20261007-01751,2026-10-07 18:38:40,True,COMPLETED,,1,,
ORD-20261007-01752,2026-10-07 18:38:22,True,COMPLETED,,1,,
ORD-20261007-01753,2026-10-07 18:38:38,True,COMPLETED,,1,,
ORD-20261007-01754,2026-10-07 18:38:53,True,COMPLETED,,2,,
ORD-20261007-01755,2026-10-07 18:38:04,True,COMPLETED,,2,,
ORD-20261007-01756,2026-10-07 18:38:57,False,CANCELLED,PAYMENT_FAILED,2,2026-10-07 18:39:43,
ORD-20261007-01757,2026-10-07 18:38:45,True,COMPLETED,,1,,
ORD-20261007-01758,2026-10-07 18:38:19,True,COMPLETED,,2,,
ORD-20261007-01759,2026-10-07 18:38:19,True,COMPLETED,,2,,
ORD-20261007-01760,2026-10-07 18:38:44,True,COMPLETED,,1,,
ORD-20261007-01761,2026-10-07 18:38:01,True,COMPLETED,,1,,
ORD-20261007-01762,2026-10-07 18:38:14,True,COMPLETED,,2,,
ORD-20261007-01763,2026-10-07 18:38:20,True,COMPLETED,,2,,
ORD-20261007-01764,2026-10-07 18:39:41,True,COMPLETED,,1,,
ORD-20261007-01765,2026-10-07 18:39:50,True,COMPLETED,,2,,
ORD-20261007-01766,2026-10-07 18:39:49,True,COMPLETED,,2,,
ORD-20261007-01767,2026-10-07 18:39:09,True,COMPLETED,,2,,
ORD-20261007-01768,2026-10-07 18:39:58,True,COMPLETED,,2,,
ORD-20261007-01769,2026-10-07 18:39:21,True,COMPLETED,,1,,
ORD-20261007-01770,2026-10-07 18:39:40,True,COMPLETED,,2,,
ORD-20261007-01771,2026-10-07 18:39:52,True,CANCELLED,RIDER_REJECTION,1,2026-10-07 18:40:44,
ORD-20261007-01772,2026-10-07 18:39:27,True,COMPLETED,,2,,
ORD-20261007-01773,2026-10-07 18:39:14,True,COMPLETED,,2,,
ORD-20261007-01774,2026-10-07 18:39:52,True,COMPLETED,,2,,
ORD-20261007-01775,2026-10-07 18:39:48,True,COMPLETED,,2,,
ORD-20261007-01776,2026-10-07 18:39:49,True,COMPLETED,,1,,
ORD-20261007-01777,2026-10-07 18:39:07,True,COMPLETED,,2,,
ORD-20261007-01778,2026-10-07 18:39:46,True,COMPLETED,,2,,
ORD-20261007-01779,2026-10-07 18:39:31,True,COMPLETED,,2,,
ORD-20261007-01780,2026-10-07 18:39:39,True,COMPLETED,,2,,
ORD-20261007-01781,2026-10-07 18:39:24,True,COMPLETED,,2,,
ORD-20261007-01782,2026-10-07 18:39:45,True,COMPLETED,,2,,
ORD-20261007-01783,2026-10-07 18:39:30,True,COMPLETED,,2,,
ORD-20261007-01784,2026-10-07 18:39:42,True,COMPLETED,,1,,
ORD-20261007-01785,2026-10-07 18:39:03,True,COMPLETED,,2,,
ORD-20261007-01786,2026-10-07 18:39:30,True,COMPLETED,,2,,
ORD-20261007-01787,2026-10-07 18:39:40,True,COMPLETED,,1,,
ORD-20261007-01788,2026-10-07 18:39:31,True,COMPLETED,,1,,
ORD-20261007-01789,2026-10-07 18:39:18,True,COMPLETED,,1,,
ORD-20261007-01790,2026-10-07 18:39:21,True,COMPLETED,,2,,
ORD-20261007-01791,2026-10-07 18:39:41,True,COMPLETED,,1,,
ORD-20261007-01792,2026-10-07 18:39:43,True,COMPLETED,,1,,
ORD-20261007-01793,2026-10-07 18:39:21,True,COMPLETED,,1,,
ORD-20261007-01794,2026-10-07 18:39:41,True,COMPLETED,,1,,
ORD-20261007-01795,2026-10-07 18:39:31,True,COMPLETED,,1,,
ORD-20261007-01796,2026-10-07 18:39:40,True,COMPLETED,,2,,
ORD-20261007-01797,2026-10-07 18:39:19,True,COMPLETED,,2,,
ORD-20261007-01798,2026-10-07 18:39:32,True,COMPLETED,,2,,
ORD-20261007-01799,2026-10-07 18:39:52,True,COMPLETED,,2,,
ORD-20261007-01800,2026-10-07 18:39:28,True,COMPLETED,,1,,
ORD-20261007-01801,2026-10-07 18:39:22,True,COMPLETED,,2,,
ORD-20261007-01802,2026-10-07 18:39:16,True,COMPLETED,,1,,
ORD-20261007-01803,2026-10-07 18:39:27,True,COMPLETED,,2,,
ORD-20261007-01804,2026-10-07 18:39:56,True,COMPLETED,,2,,
ORD-20261007-01805,2026-10-07 18:39:06,True,COMPLETED,,2,,
ORD-20261007-01806,2026-10-07 18:39:59,True,COMPLETED,,1,,
ORD-20261007-01807,2026-10-07 18:39:01,True,COMPLETED,,1,,
ORD-20261007-01808,2026-10-07 18:39:02,True,COMPLETED,,2,,
ORD-20261007-01809,2026-10-07 18:39:34,True,COMPLETED,,1,,
ORD-20261007-01810,2026-10-07 18:40:33,True,COMPLETED,,1,,
ORD-20261007-01811,2026-10-07 18:40:36,True,COMPLETED,,1,,
ORD-20261007-01812,2026-10-07 18:40:38,True,COMPLETED,,2,,
ORD-20261007-01813,2026-10-07 18:40:40,True,COMPLETED,,1,,
ORD-20261007-01814,2026-10-07 18:40:49,True,COMPLETED,,1,,
ORD-20261007-01815,2026-10-07 18:40:07,True,COMPLETED,,2,,
ORD-20261007-01816,2026-10-07 18:40:38,True,COMPLETED,,2,,
ORD-20261007-01817,2026-10-07 18:40:07,True,COMPLETED,,1,,
ORD-20261007-01818,2026-10-07 18:40:09,True,COMPLETED,,2,,
ORD-20261007-01819,2026-10-07 18:40:36,True,COMPLETED,,1,,
ORD-20261007-01820,2026-10-07 18:40:42,True,COMPLETED,,1,,
ORD-20261007-01821,2026-10-07 18:40:18,True,COMPLETED,,1,,
ORD-20261007-01822,2026-10-07 18:40:47,False,CANCELLED,PAYMENT_FAILED,1,2026-10-07 18:42:17,
ORD-20261007-01823,2026-10-07 18:40:23,True,COMPLETED,,1,,
ORD-20261007-01824,2026-10-07 18:40:44,True,COMPLETED,,2,,
ORD-20261007-01825,2026-10-07 18:40:07,True,COMPLETED,,2,,
ORD-20261007-01826,2026-10-07 18:40:19,True,COMPLETED,,2,,
ORD-20261007-01827,2026-10-07 18:40:31,True,COMPLETED,,1,,
ORD-20261007-01828,2026-10-07 18:40:17,True,COMPLETED,,1,,
ORD-20261007-01829,2026-10-07 18:40:26,True,COMPLETED,,2,,
ORD-20261007-01830,2026-10-07 18:40:12,True,COMPLETED,,2,,
ORD-20261007-01831,2026-10-07 18:40:42,True,COMPLETED,,1,,
ORD-20261007-01832,2026-10-07 18:40:49,True,COMPLETED,,1,,
ORD-20261007-01833,2026-10-07 18:40:33,True,COMPLETED,,2,,
ORD-20261007-01834,2026-10-07 18:40:34,True,COMPLETED,,1,,
ORD-20261007-01835,2026-10-07 18:40:43,True,COMPLETED,,2,,
ORD-20261007-01836,2026-10-07 18:40:33,True,COMPLETED,,2,,
ORD-20261007-01837,2026-10-07 18:40:37,True,COMPLETED,,1,,
ORD-20261007-01838,2026-10-07 18:40:38,True,COMPLETED,,2,,
ORD-20261007-01839,2026-10-07 18:40:47,True,COMPLETED,,2,,
ORD-20261007-01840,2026-10-07 18:40:31,True,COMPLETED,,1,,
ORD-20261007-01841,2026-10-07 18:40:08,True,COMPLETED,,2,,
ORD-20261007-01842,2026-10-07 18:40:18,True,COMPLETED,,2,,
ORD-20261007-01843,2026-10-07 18:40:30,True,COMPLETED,,2,,
ORD-20261007-01844,2026-10-07 18:40:38,True,COMPLETED,,2,,
ORD-20261007-01845,2026-10-07 18:40:06,True,COMPLETED,,2,,
ORD-20261007-01846,2026-10-07 18:40:51,True,COMPLETED,,1,,
ORD-20261007-01847,2026-10-07 18:40:05,True,COMPLETED,,1,,
ORD-20261007-01848,2026-10-07 18:40:01,True,COMPLETED,,1,,
ORD-20261007-01849,2026-10-07 18:40:38,True,COMPLETED,,2,,
ORD-20261007-01850,2026-10-07 18:40:13,True,COMPLETED,,2,,
ORD-20261007-01851,2026-10-07 18:40:47,True,COMPLETED,,1,,
ORD-20261007-01852,2026-10-07 18:40:53,True,COMPLETED,,1,,
ORD-20261007-01853,2026-10-07 18:41:10,True,COMPLETED,,1,,
ORD-20261007-01854,2026-10-07 18:41:31,True,COMPLETED,,1,,
ORD-20261007-01855,2026-10-07 18:41:54,True,COMPLETED,,1,,
ORD-20261007-01856,2026-10-07 18:41:30,True,COMPLETED,,1,,
ORD-20261007-01857,2026-10-07 18:41:31,True,COMPLETED,,1,,
ORD-20261007-01858,2026-10-07 18:41:48,True,COMPLETED,,2,,
ORD-20261007-01859,2026-10-07 18:41:25,True,COMPLETED,,2,,
ORD-20261007-01860,2026-10-07 18:41:51,True,COMPLETED,,1,,
ORD-20261007-01861,2026-10-07 18:41:59,True,COMPLETED,,1,,
ORD-20261007-01862,2026-10-07 18:41:58,True,COMPLETED,,2,,
ORD-20261007-01863,2026-10-07 18:41:04,True,COMPLETED,,2,,
ORD-20261007-01864,2026-10-07 18:41:20,True,COMPLETED,,2,,
ORD-20261007-01865,2026-10-07 18:41:17,True,COMPLETED,,1,,
ORD-20261007-01866,2026-10-07 18:41:44,True,CANCELLED,RIDER_REJECTION,2,2026-10-07 18:43:38,
ORD-20261007-01867,2026-10-07 18:41:13,True,COMPLETED,,1,,
ORD-20261007-01868,2026-10-07 18:41:20,True,COMPLETED,,1,,
ORD-20261007-01869,2026-10-07 18:41:39,True,COMPLETED,,1,,
ORD-20261007-01870,2026-10-07 18:41:32,True,COMPLETED,,2,,
ORD-20261007-01871,2026-10-07 18:41:20,True,COMPLETED,,2,,
ORD-20261007-01872,2026-10-07 18:41:21,True,COMPLETED,,1,,
ORD-20261007-01873,2026-10-07 18:41:22,False,CANCELLED,PAYMENT_FAILED,1,2026-10-07 18:44:15,
ORD-20261007-01874,2026-10-07 18:41:28,True,CANCELLED,RIDER_REJECTION,2,2026-10-07 18:43:44,
ORD-20261007-01875,2026-10-07 18:41:34,True,COMPLETED,,2,,
ORD-20261007-01876,2026-10-07 18:41:34,True,COMPLETED,,1,,
ORD-20261007-01877,2026-10-07 18:41:51,True,COMPLETED,,2,,
ORD-20261007-01878,2026-10-07 18:41:27,True,COMPLETED,,2,,
ORD-20261007-01879,2026-10-07 18:41:34,True,COMPLETED,,2,,
ORD-20261007-01880,2026-10-07 18:41:03,True,COMPLETED,,2,,
ORD-20261007-01881,2026-10-07 18:41:39,True,COMPLETED,,1,,
ORD-20261007-01882,2026-10-07 18:41:46,True,COMPLETED,,1,,
ORD-20261007-01883,2026-10-07 18:41:45,True,COMPLETED,,2,,
ORD-20261007-01884,2026-10-07 18:41:00,True,COMPLETED,,2,,
ORD-20261007-01885,2026-10-07 18:41:07,True,COMPLETED,,2,,
ORD-20261007-01886,2026-10-07 18:41:09,True,COMPLETED,,2,,
ORD-20261007-01887,2026-10-07 18:41:44,True,CANCELLED,RIDER_REJECTION,2,2026-10-07 18:43:28,
ORD-20261007-01888,2026-10-07 18:41:43,True,COMPLETED,,1,,
ORD-20261007-01889,2026-10-07 18:41:07,True,COMPLETED,,2,,
ORD-20261007-01890,2026-10-07 18:41:47,True,COMPLETED,,1,,
ORD-20261007-01891,2026-10-07 18:41:34,True,COMPLETED,,2,,
ORD-20261007-01892,2026-10-07 18:41:25,True,COMPLETED,,1,,
ORD-20261007-01893,2026-10-07 18:41:15,True,COMPLETED,,1,,
ORD-20261007-01894,2026-10-07 18:41:54,True,COMPLETED,,2,,
ORD-20261007-01895,2026-10-07 18:41:27,True,COMPLETED,,2,,
ORD-20261007-01896,2026-10-07 18:41:44,True,COMPLETED,,1,,
ORD-20261007-01897,2026-10-07 18:41:24,True,COMPLETED,,1,,
ORD-20261007-01898,2026-10-07 18:41:45,True,CANCELLED,DISPATCH_TIMEOUT,1,2026-10-07 18:44:14,
ORD-20261007-01899,2026-10-07 18:41:23,True,COMPLETED,,2,,
ORD-20261007-01900,2026-10-07 18:42:05,True,COMPLETED,,1,,
ORD-20261007-01901,2026-10-07 18:42:30,True,COMPLETED,,1,,
ORD-20261007-01902,2026-10-07 18:42:32,True,COMPLETED,,2,,
ORD-20261007-01903,2026-10-07 18:42:13,True,COMPLETED,,1,,
ORD-20261007-01904,2026-10-07 18:42:02,True,COMPLETED,,2,,
ORD-20261007-01905,2026-10-07 18:42:34,True,COMPLETED,,1,,
ORD-20261007-01906,2026-10-07 18:42:53,True,COMPLETED,,2,,
ORD-20261007-01907,2026-10-07 18:42:24,True,COMPLETED,,2,,
ORD-20261007-01908,2026-10-07 18:42:24,True,COMPLETED,,2,,
ORD-20261007-01909,2026-10-07 18:42:52,True,COMPLETED,,2,,
ORD-20261007-01910,2026-10-07 18:42:13,True,COMPLETED,,2,,
ORD-20261007-01911,2026-10-07 18:42:08,True,COMPLETED,,1,,
ORD-20261007-01912,2026-10-07 18:42:03,True,COMPLETED,,1,,
ORD-20261007-01913,2026-10-07 18:42:10,True,COMPLETED,,1,,
ORD-20261007-01914,2026-10-07 18:42:31,True,COMPLETED,,2,,
ORD-20261007-01915,2026-10-07 18:42:21,True,COMPLETED,,1,,
ORD-20261007-01916,2026-10-07 18:42:51,True,COMPLETED,,1,,
ORD-20261007-01917,2026-10-07 18:42:01,True,COMPLETED,,2,,
ORD-20261007-01918,2026-10-07 18:42:04,True,COMPLETED,,2,,
ORD-20261007-01919,2026-10-07 18:42:48,True,COMPLETED,,1,,
ORD-20261007-01920,2026-10-07 18:42:14,True,COMPLETED,,1,,
ORD-20261007-01921,2026-10-07 18:42:43,True,COMPLETED,,1,,
ORD-20261007-01922,2026-10-07 18:42:06,True,COMPLETED,,1,,
ORD-20261007-01923,2026-10-07 18:42:36,False,CANCELLED,PAYMENT_FAILED,1,2026-10-07 18:44:57,
ORD-20261007-01924,2026-10-07 18:42:03,True,COMPLETED,,2,,
ORD-20261007-01925,2026-10-07 18:42:22,True,COMPLETED,,1,,
ORD-20261007-01926,2026-10-07 18:42:44,True,COMPLETED,,1,,
ORD-20261007-01927,2026-10-07 18:42:16,True,COMPLETED,,2,,
ORD-20261007-01928,2026-10-07 18:42:52,False,CANCELLED,PAYMENT_FAILED,1,2026-10-07 18:45:47,
ORD-20261007-01929,2026-10-07 18:42:22,True,COMPLETED,,2,,
ORD-20261007-01930,2026-10-07 18:42:05,True,COMPLETED,,1,,
ORD-20261007-01931,2026-10-07 18:42:15,True,CANCELLED,RIDER_REJECTION,1,2026-10-07 18:44:13,
ORD-20261007-01932,2026-10-07 18:42:28,True,COMPLETED,,1,,
ORD-20261007-01933,2026-10-07 18:42:31,True,COMPLETED,,2,,
ORD-20261007-01934,2026-10-07 18:42:13,True,COMPLETED,,1,,
ORD-20261007-01935,2026-10-07 18:42:07,True,COMPLETED,,2,,
ORD-20261007-01936,2026-10-07 18:42:59,True,COMPLETED,,1,,
ORD-20261007-01937,2026-10-07 18:42:30,True,COMPLETED,,1,,
ORD-20261007-01938,2026-10-07 18:42:56,True,COMPLETED,,2,,
ORD-20261007-01939,2026-10-07 18:42:06,True,COMPLETED,,1,,
ORD-20261007-01940,2026-10-07 18:42:18,True,COMPLETED,,2,,
ORD-20261007-01941,2026-10-07 18:42:16,True,COMPLETED,,1,,
ORD-20261007-01942,2026-10-07 18:42:16,True,COMPLETED,,2,,
ORD-20261007-01943,2026-10-07 18:42:52,True,COMPLETED,,1,,
ORD-20261007-01944,2026-10-07 18:42:41,True,COMPLETED,,1,,
ORD-20261007-01945,2026-10-07 18:42:46,True,COMPLETED,,1,,
ORD-20261007-01946,2026-10-07 18:43:15,True,COMPLETED,,2,,
ORD-20261007-01947,2026-10-07 18:43:23,True,COMPLETED,,2,,
ORD-20261007-01948,2026-10-07 18:43:44,True,COMPLETED,,2,,
ORD-20261007-01949,2026-10-07 18:43:45,True,COMPLETED,,2,,
ORD-20261007-01950,2026-10-07 18:43:11,True,COMPLETED,,1,,
ORD-20261007-01951,2026-10-07 18:43:50,True,COMPLETED,,1,,
ORD-20261007-01952,2026-10-07 18:43:32,True,COMPLETED,,1,,
ORD-20261007-01953,2026-10-07 18:43:16,True,COMPLETED,,1,,
ORD-20261007-01954,2026-10-07 18:43:09,True,COMPLETED,,2,,
ORD-20261007-01955,2026-10-07 18:43:55,True,COMPLETED,,1,,
ORD-20261007-01956,2026-10-07 18:43:16,True,COMPLETED,,2,,
ORD-20261007-01957,2026-10-07 18:43:38,True,COMPLETED,,2,,
ORD-20261007-01958,2026-10-07 18:43:58,True,COMPLETED,,1,,
ORD-20261007-01959,2026-10-07 18:43:39,True,COMPLETED,,2,,
ORD-20261007-01960,2026-10-07 18:43:33,True,COMPLETED,,1,,
ORD-20261007-01961,2026-10-07 18:43:47,True,CANCELLED,RIDER_REJECTION,2,2026-10-07 18:45:26,
ORD-20261007-01962,2026-10-07 18:43:21,True,COMPLETED,,2,,
ORD-20261007-01963,2026-10-07 18:43:25,True,COMPLETED,,2,,
ORD-20261007-01964,2026-10-07 18:43:31,True,COMPLETED,,2,,
ORD-20261007-01965,2026-10-07 18:43:39,True,COMPLETED,,1,,
ORD-20261007-01966,2026-10-07 18:43:43,True,COMPLETED,,1,,
ORD-20261007-01967,2026-10-07 18:43:15,True,COMPLETED,,2,,
ORD-20261007-01968,2026-10-07 18:43:36,True,COMPLETED,,1,,
ORD-20261007-01969,2026-10-07 18:43:08,True,COMPLETED,,2,,
ORD-20261007-01970,2026-10-07 18:43:29,True,COMPLETED,,1,,
ORD-20261007-01971,2026-10-07 18:43:24,True,COMPLETED,,2,,
ORD-20261007-01972,2026-10-07 18:43:08,True,COMPLETED,,2,,
ORD-20261007-01973,2026-10-07 18:43:59,True,COMPLETED,,1,,
ORD-20261007-01974,2026-10-07 18:43:29,True,COMPLETED,,1,,
ORD-20261007-01975,2026-10-07 18:43:11,True,COMPLETED,,2,,
ORD-20261007-01976,2026-10-07 18:43:40,True,COMPLETED,,1,,
ORD-20261007-01977,2026-10-07 18:43:17,True,COMPLETED,,1,,
ORD-20261007-01978,2026-10-07 18:43:50,True,COMPLETED,,1,,
ORD-20261007-01979,2026-10-07 18:43:44,True,COMPLETED,,2,,
ORD-20261007-01980,2026-10-07 18:43:35,True,COMPLETED,,1,,
ORD-20261007-01981,2026-10-07 18:43:09,True,COMPLETED,,1,,
ORD-20261007-01982,2026-10-07 18:43:41,True,COMPLETED,,2,,
ORD-20261007-01983,2026-10-07 18:43:26,True,COMPLETED,,2,,
ORD-20261007-01984,2026-10-07 18:43:12,True,COMPLETED,,1,,
ORD-20261007-01985,2026-10-07 18:43:08,True,COMPLETED,,2,,
ORD-20261007-01986,2026-10-07 18:43:06,True,COMPLETED,,1,,
ORD-20261007-01987,2026-10-07 18:43:18,True,COMPLETED,,1,,
ORD-20261007-01988,2026-10-07 18:43:26,True,COMPLETED,,2,,
ORD-20261007-01989,2026-10-07 18:43:29,True,COMPLETED,,2,,
ORD-20261007-01990,2026-10-07 18:44:13,True,COMPLETED,,1,,
ORD-20261007-01991,2026-10-07 18:44:04,True,COMPLETED,,2,,
ORD-20261007-01992,2026-10-07 18:44:40,True,COMPLETED,,1,,
ORD-20261007-01993,2026-10-07 18:44:33,True,COMPLETED,,1,,
ORD-20261007-01994,2026-10-07 18:44:10,True,COMPLETED,,1,,
ORD-20261007-01995,2026-10-07 18:44:47,True,COMPLETED,,2,,
ORD-20261007-01996,2026-10-07 18:44:05,True,COMPLETED,,2,,
ORD-20261007-01997,2026-10-07 18:44:57,True,COMPLETED,,1,,
ORD-20261007-01998,2026-10-07 18:44:22,True,COMPLETED,,1,,
ORD-20261007-01999,2026-10-07 18:44:12,True,COMPLETED,,1,,
ORD-20261007-02000,2026-10-07 18:44:21,True,COMPLETED,,2,,
ORD-20261007-02001,2026-10-07 18:44:55,True,COMPLETED,,2,,
ORD-20261007-02002,2026-10-07 18:44:06,True,COMPLETED,,2,,
ORD-20261007-02003,2026-10-07 18:44:14,True,COMPLETED,,1,,
ORD-20261007-02004,2026-10-07 18:44:08,True,COMPLETED,,1,,
ORD-20261007-02005,2026-10-07 18:44:42,True,COMPLETED,,1,,
ORD-20261007-02006,2026-10-07 18:44:50,True,COMPLETED,,1,,
ORD-20261007-02007,2026-10-07 18:44:48,True,COMPLETED,,1,,
ORD-20261007-02008,2026-10-07 18:44:01,True,COMPLETED,,1,,
ORD-20261007-02009,2026-10-07 18:44:13,True,COMPLETED,,2,,
ORD-20261007-02010,2026-10-07 18:44:01,True,COMPLETED,,1,,
ORD-20261007-02011,2026-10-07 18:44:43,True,COMPLETED,,2,,
ORD-20261007-02012,2026-10-07 18:44:39,True,COMPLETED,,1,,
ORD-20261007-02013,2026-10-07 18:44:03,True,COMPLETED,,2,,
ORD-20261007-02014,2026-10-07 18:44:16,True,COMPLETED,,1,,
ORD-20261007-02015,2026-10-07 18:44:05,True,COMPLETED,,1,,
ORD-20261007-02016,2026-10-07 18:44:33,True,COMPLETED,,1,,
ORD-20261007-02017,2026-10-07 18:44:58,True,COMPLETED,,1,,
ORD-20261007-02018,2026-10-07 18:44:53,True,COMPLETED,,2,,
ORD-20261007-02019,2026-10-07 18:44:55,True,COMPLETED,,2,,
ORD-20261007-02020,2026-10-07 18:44:59,True,COMPLETED,,1,,
ORD-20261007-02021,2026-10-07 18:44:47,True,COMPLETED,,2,,
ORD-20261007-02022,2026-10-07 18:44:38,True,COMPLETED,,1,,
ORD-20261007-02023,2026-10-07 18:44:57,True,COMPLETED,,2,,
ORD-20261007-02024,2026-10-07 18:44:29,True,COMPLETED,,2,,
ORD-20261007-02025,2026-10-07 18:44:09,True,COMPLETED,,2,,
ORD-20261007-02026,2026-10-07 18:44:05,True,COMPLETED,,1,,
ORD-20261007-02027,2026-10-07 18:44:50,True,COMPLETED,,1,,
ORD-20261007-02028,2026-10-07 18:44:42,True,COMPLETED,,1,,
ORD-20261007-02029,2026-10-07 18:44:50,True,CANCELLED,DISPATCH_TIMEOUT,1,2026-10-07 18:47:34,
ORD-20261007-02030,2026-10-07 18:44:00,True,COMPLETED,,2,,
ORD-20261007-02031,2026-10-07 18:44:21,True,COMPLETED,,2,,
ORD-20261007-02032,2026-10-07 18:45:38,True,COMPLETED,,2,,
ORD-20261007-02033,2026-10-07 18:45:14,True,COMPLETED,,1,,
ORD-20261007-02034,2026-10-07 18:45:16,True,COMPLETED,,1,,
ORD-20261007-02035,2026-10-07 18:45:22,True,COMPLETED,,1,,
ORD-20261007-02036,2026-10-07 18:45:44,True,COMPLETED,,2,,
ORD-20261007-02037,2026-10-07 18:45:04,True,COMPLETED,,1,,
ORD-20261007-02038,2026-10-07 18:45:04,True,COMPLETED,,2,,
ORD-20261007-02039,2026-10-07 18:45:27,True,COMPLETED,,1,,
ORD-20261007-02040,2026-10-07 18:45:52,True,COMPLETED,,1,,
ORD-20261007-02041,2026-10-07 18:45:33,True,COMPLETED,,1,,
ORD-20261007-02042,2026-10-07 18:45:35,True,COMPLETED,,2,,
ORD-20261007-02043,2026-10-07 18:45:59,True,COMPLETED,,2,,
ORD-20261007-02044,2026-10-07 18:45:20,True,COMPLETED,,1,,
ORD-20261007-02045,2026-10-07 18:45:52,True,CANCELLED,RIDER_REJECTION,2,2026-10-07 18:48:01,
ORD-20261007-02046,2026-10-07 18:45:29,True,COMPLETED,,2,,
ORD-20261007-02047,2026-10-07 18:45:46,True,COMPLETED,,1,,
ORD-20261007-02048,2026-10-07 18:45:45,True,COMPLETED,,2,,
ORD-20261007-02049,2026-10-07 18:45:16,True,COMPLETED,,1,,
ORD-20261007-02050,2026-10-07 18:45:19,True,COMPLETED,,1,,
ORD-20261007-02051,2026-10-07 18:45:30,True,COMPLETED,,2,,
ORD-20261007-02052,2026-10-07 18:45:20,True,COMPLETED,,2,,
ORD-20261007-02053,2026-10-07 18:45:31,True,COMPLETED,,2,,
ORD-20261007-02054,2026-10-07 18:45:52,True,COMPLETED,,2,,
ORD-20261007-02055,2026-10-07 18:45:25,True,COMPLETED,,1,,
ORD-20261007-02056,2026-10-07 18:45:33,True,COMPLETED,,1,,
ORD-20261007-02057,2026-10-07 18:45:52,True,COMPLETED,,1,,
ORD-20261007-02058,2026-10-07 18:45:58,True,COMPLETED,,2,,
ORD-20261007-02059,2026-10-07 18:45:17,True,COMPLETED,,1,,
ORD-20261007-02060,2026-10-07 18:45:17,True,COMPLETED,,1,,
ORD-20261007-02061,2026-10-07 18:45:17,True,COMPLETED,,2,,
ORD-20261007-02062,2026-10-07 18:45:42,True,COMPLETED,,1,,
ORD-20261007-02063,2026-10-07 18:45:39,True,COMPLETED,,2,,
ORD-20261007-02064,2026-10-07 18:45:10,True,COMPLETED,,2,,
ORD-20261007-02065,2026-10-07 18:45:16,True,COMPLETED,,2,,
ORD-20261007-02066,2026-10-07 18:45:58,True,COMPLETED,,1,,
ORD-20261007-02067,2026-10-07 18:45:08,True,COMPLETED,,2,,
ORD-20261007-02068,2026-10-07 18:45:19,True,COMPLETED,,1,,
ORD-20261007-02069,2026-10-07 18:45:36,True,COMPLETED,,1,,
ORD-20261007-02070,2026-10-07 18:45:47,True,COMPLETED,,1,,
ORD-20261007-02071,2026-10-07 18:45:33,True,COMPLETED,,2,,
ORD-20261007-02072,2026-10-07 18:45:09,True,COMPLETED,,1,,
ORD-20261007-02073,2026-10-07 18:45:00,True,COMPLETED,,1,,
ORD-20261007-02074,2026-10-07 18:45:11,True,COMPLETED,,2,,
ORD-20261007-02075,2026-10-07 18:45:57,True,COMPLETED,,1,,
ORD-20261007-02076,2026-10-07 18:45:38,True,COMPLETED,,1,,
ORD-20261007-02077,2026-10-07 18:45:01,True,COMPLETED,,2,,
ORD-20261007-02078,2026-10-07 18:45:26,True,COMPLETED,,2,,
ORD-20261007-02079,2026-10-07 18:45:32,True,COMPLETED,,1,,
ORD-20261007-02080,2026-10-07 18:46:26,True,COMPLETED,,1,,
ORD-20261007-02081,2026-10-07 18:46:52,True,COMPLETED,,1,,
ORD-20261007-02082,2026-10-07 18:46:20,True,COMPLETED,,2,,
ORD-20261007-02083,2026-10-07 18:46:40,True,COMPLETED,,1,,
ORD-20261007-02084,2026-10-07 18:46:04,True,COMPLETED,,1,,
ORD-20261007-02085,2026-10-07 18:46:06,True,COMPLETED,,1,,
ORD-20261007-02086,2026-10-07 18:46:28,True,COMPLETED,,2,,
ORD-20261007-02087,2026-10-07 18:46:24,True,COMPLETED,,1,,
ORD-20261007-02088,2026-10-07 18:46:06,True,COMPLETED,,2,,
ORD-20261007-02089,2026-10-07 18:46:35,True,COMPLETED,,1,,
ORD-20261007-02090,2026-10-07 18:46:30,True,COMPLETED,,2,,
ORD-20261007-02091,2026-10-07 18:46:51,True,COMPLETED,,2,,
ORD-20261007-02092,2026-10-07 18:46:29,True,COMPLETED,,2,,
ORD-20261007-02093,2026-10-07 18:46:50,True,COMPLETED,,2,,
ORD-20261007-02094,2026-10-07 18:46:13,True,COMPLETED,,1,,
ORD-20261007-02095,2026-10-07 18:46:41,True,COMPLETED,,1,,
ORD-20261007-02096,2026-10-07 18:46:41,True,COMPLETED,,1,,
ORD-20261007-02097,2026-10-07 18:46:17,True,COMPLETED,,2,,
ORD-20261007-02098,2026-10-07 18:46:29,True,COMPLETED,,1,,
ORD-20261007-02099,2026-10-07 18:46:40,True,COMPLETED,,2,,
ORD-20261007-02100,2026-10-07 18:46:28,True,COMPLETED,,2,,
ORD-20261007-02101,2026-10-07 18:46:30,True,COMPLETED,,2,,
ORD-20261007-02102,2026-10-07 18:46:13,True,COMPLETED,,1,,
ORD-20261007-02103,2026-10-07 18:46:42,True,COMPLETED,,1,,
ORD-20261007-02104,2026-10-07 18:46:33,True,COMPLETED,,1,,
ORD-20261007-02105,2026-10-07 18:46:14,True,COMPLETED,,2,,
ORD-20261007-02106,2026-10-07 18:46:57,True,COMPLETED,,2,,
ORD-20261007-02107,2026-10-07 18:46:24,True,COMPLETED,,2,,
ORD-20261007-02108,2026-10-07 18:46:59,True,COMPLETED,,2,,
ORD-20261007-02109,2026-10-07 18:46:06,True,COMPLETED,,2,,
ORD-20261007-02110,2026-10-07 18:46:47,True,COMPLETED,,1,,
ORD-20261007-02111,2026-10-07 18:46:14,True,COMPLETED,,2,,
ORD-20261007-02112,2026-10-07 18:46:45,True,COMPLETED,,2,,
ORD-20261007-02113,2026-10-07 18:46:52,True,COMPLETED,,1,,
ORD-20261007-02114,2026-10-07 18:46:58,True,COMPLETED,,2,,
ORD-20261007-02115,2026-10-07 18:46:15,True,COMPLETED,,1,,
ORD-20261007-02116,2026-10-07 18:46:01,True,CANCELLED,DISPATCH_TIMEOUT,1,2026-10-07 18:47:31,
ORD-20261007-02117,2026-10-07 18:46:19,True,COMPLETED,,2,,
ORD-20261007-02118,2026-10-07 18:46:19,True,COMPLETED,,2,,
ORD-20261007-02119,2026-10-07 18:46:39,True,COMPLETED,,1,,
ORD-20261007-02120,2026-10-07 18:46:11,True,COMPLETED,,1,,
ORD-20261007-02121,2026-10-07 18:46:40,True,COMPLETED,,2,,
ORD-20261007-02122,2026-10-07 18:46:15,True,COMPLETED,,2,,
ORD-20261007-02123,2026-10-07 18:46:55,True,COMPLETED,,2,,
ORD-20261007-02124,2026-10-07 18:46:53,True,COMPLETED,,2,,
ORD-20261007-02125,2026-10-07 18:47:40,True,COMPLETED,,2,,
ORD-20261007-02126,2026-10-07 18:47:45,True,COMPLETED,,2,,
ORD-20261007-02127,2026-10-07 18:47:46,True,COMPLETED,,1,,
ORD-20261007-02128,2026-10-07 18:47:12,True,COMPLETED,,1,,
ORD-20261007-02129,2026-10-07 18:47:38,True,COMPLETED,,2,,
ORD-20261007-02130,2026-10-07 18:47:45,True,COMPLETED,,1,,
ORD-20261007-02131,2026-10-07 18:47:03,True,COMPLETED,,2,,
ORD-20261007-02132,2026-10-07 18:47:21,True,COMPLETED,,1,,
ORD-20261007-02133,2026-10-07 18:47:06,True,CANCELLED,DISPATCH_TIMEOUT,1,2026-10-07 18:48:33,
ORD-20261007-02134,2026-10-07 18:47:01,True,COMPLETED,,1,,
ORD-20261007-02135,2026-10-07 18:47:05,True,COMPLETED,,1,,
ORD-20261007-02136,2026-10-07 18:47:59,True,COMPLETED,,2,,
ORD-20261007-02137,2026-10-07 18:47:03,True,COMPLETED,,2,,
ORD-20261007-02138,2026-10-07 18:47:10,True,COMPLETED,,2,,
ORD-20261007-02139,2026-10-07 18:47:35,True,COMPLETED,,2,,
ORD-20261007-02140,2026-10-07 18:47:44,True,COMPLETED,,1,,
ORD-20261007-02141,2026-10-07 18:47:14,True,COMPLETED,,2,,
ORD-20261007-02142,2026-10-07 18:47:31,True,COMPLETED,,1,,
ORD-20261007-02143,2026-10-07 18:47:50,True,COMPLETED,,1,,
ORD-20261007-02144,2026-10-07 18:47:33,True,COMPLETED,,2,,
ORD-20261007-02145,2026-10-07 18:47:16,True,COMPLETED,,1,,
ORD-20261007-02146,2026-10-07 18:47:14,True,COMPLETED,,2,,
ORD-20261007-02147,2026-10-07 18:47:04,True,COMPLETED,,1,,
ORD-20261007-02148,2026-10-07 18:47:22,True,COMPLETED,,2,,
ORD-20261007-02149,2026-10-07 18:47:08,True,COMPLETED,,2,,
ORD-20261007-02150,2026-10-07 18:47:13,True,COMPLETED,,1,,
ORD-20261007-02151,2026-10-07 18:47:21,True,COMPLETED,,2,,
ORD-20261007-02152,2026-10-07 18:47:56,True,COMPLETED,,2,,
ORD-20261007-02153,2026-10-07 18:47:41,True,COMPLETED,,2,,
ORD-20261007-02154,2026-10-07 18:47:30,True,COMPLETED,,2,,
ORD-20261007-02155,2026-10-07 18:47:53,True,COMPLETED,,1,,
ORD-20261007-02156,2026-10-07 18:47:31,True,COMPLETED,,1,,
ORD-20261007-02157,2026-10-07 18:47:36,True,COMPLETED,,1,,
ORD-20261007-02158,2026-10-07 18:47:37,True,COMPLETED,,2,,
ORD-20261007-02159,2026-10-07 18:47:45,True,CANCELLED,RIDER_REJECTION,2,2026-10-07 18:48:26,
ORD-20261007-02160,2026-10-07 18:47:56,True,COMPLETED,,2,,
ORD-20261007-02161,2026-10-07 18:47:14,True,COMPLETED,,1,,
ORD-20261007-02162,2026-10-07 18:47:44,True,COMPLETED,,1,,
ORD-20261007-02163,2026-10-07 18:47:01,True,COMPLETED,,2,,
ORD-20261007-02164,2026-10-07 18:47:19,True,COMPLETED,,2,,
ORD-20261007-02165,2026-10-07 18:47:44,True,COMPLETED,,2,,
ORD-20261007-02166,2026-10-07 18:47:18,True,CANCELLED,DISPATCH_TIMEOUT,2,2026-10-07 18:49:50,
ORD-20261007-02167,2026-10-07 18:47:14,True,COMPLETED,,1,,
ORD-20261007-02168,2026-10-07 18:47:05,True,COMPLETED,,2,,
ORD-20261007-02169,2026-10-07 18:47:01,True,COMPLETED,,2,,
ORD-20261007-02170,2026-10-07 18:47:16,True,COMPLETED,,2,,
ORD-20261007-02171,2026-10-07 18:47:43,True,COMPLETED,,2,,
ORD-20261007-02172,2026-10-07 18:47:51,True,COMPLETED,,2,,
ORD-20261007-02173,2026-10-07 18:48:06,True,COMPLETED,,1,,
ORD-20261007-02174,2026-10-07 18:48:42,True,COMPLETED,,1,,
ORD-20261007-02175,2026-10-07 18:48:30,True,COMPLETED,,1,,
ORD-20261007-02176,2026-10-07 18:48:59,True,COMPLETED,,1,,
ORD-20261007-02177,2026-10-07 18:48:24,True,COMPLETED,,2,,
ORD-20261007-02178,2026-10-07 18:48:14,True,COMPLETED,,2,,
ORD-20261007-02179,2026-10-07 18:48:48,True,COMPLETED,,1,,
ORD-20261007-02180,2026-10-07 18:48:00,True,COMPLETED,,2,,
ORD-20261007-02181,2026-10-07 18:48:00,True,COMPLETED,,2,,
ORD-20261007-02182,2026-10-07 18:48:38,True,COMPLETED,,1,,
ORD-20261007-02183,2026-10-07 18:48:12,True,COMPLETED,,2,,
ORD-20261007-02184,2026-10-07 18:48:40,True,COMPLETED,,2,,
ORD-20261007-02185,2026-10-07 18:48:52,True,COMPLETED,,1,,
ORD-20261007-02186,2026-10-07 18:48:47,True,COMPLETED,,1,,
ORD-20261007-02187,2026-10-07 18:48:07,True,COMPLETED,,1,,
ORD-20261007-02188,2026-10-07 18:48:47,True,COMPLETED,,2,,
ORD-20261007-02189,2026-10-07 18:48:01,True,COMPLETED,,2,,
ORD-20261007-02190,2026-10-07 18:48:12,True,COMPLETED,,2,,
ORD-20261007-02191,2026-10-07 18:48:37,True,COMPLETED,,1,,
ORD-20261007-02192,2026-10-07 18:48:04,True,COMPLETED,,2,,
ORD-20261007-02193,2026-10-07 18:48:54,True,COMPLETED,,2,,
ORD-20261007-02194,2026-10-07 18:48:39,True,CANCELLED,DISPATCH_TIMEOUT,2,2026-10-07 18:50:47,
ORD-20261007-02195,2026-10-07 18:48:17,True,COMPLETED,,2,,
ORD-20261007-02196,2026-10-07 18:48:07,True,CANCELLED,RIDER_REJECTION,1,2026-10-07 18:50:10,
ORD-20261007-02197,2026-10-07 18:48:25,True,COMPLETED,,2,,
ORD-20261007-02198,2026-10-07 18:48:53,True,COMPLETED,,2,,
ORD-20261007-02199,2026-10-07 18:48:50,True,COMPLETED,,2,,
ORD-20261007-02200,2026-10-07 18:48:42,True,COMPLETED,,2,,
ORD-20261007-02201,2026-10-07 18:48:28,True,COMPLETED,,2,,
ORD-20261007-02202,2026-10-07 18:48:50,True,COMPLETED,,1,,
ORD-20261007-02203,2026-10-07 18:48:19,True,COMPLETED,,1,,
ORD-20261007-02204,2026-10-07 18:48:26,True,COMPLETED,,1,,
ORD-20261007-02205,2026-10-07 18:48:08,True,COMPLETED,,2,,
ORD-20261007-02206,2026-10-07 18:48:53,True,COMPLETED,,1,,
ORD-20261007-02207,2026-10-07 18:48:27,True,COMPLETED,,1,,
ORD-20261007-02208,2026-10-07 18:48:53,True,COMPLETED,,1,,
ORD-20261007-02209,2026-10-07 18:48:49,True,COMPLETED,,1,,
ORD-20261007-02210,2026-10-07 18:48:21,True,COMPLETED,,2,,
ORD-20261007-02211,2026-10-07 18:48:53,True,COMPLETED,,1,,
ORD-20261007-02212,2026-10-07 18:48:28,True,COMPLETED,,2,,
ORD-20261007-02213,2026-10-07 18:48:03,True,COMPLETED,,2,,
ORD-20261007-02214,2026-10-07 18:48:49,True,COMPLETED,,1,,
ORD-20261007-02215,2026-10-07 18:48:16,True,COMPLETED,,1,,
ORD-20261007-02216,2026-10-07 18:48:07,True,COMPLETED,,2,,
ORD-20261007-02217,2026-10-07 18:48:33,True,COMPLETED,,1,,
ORD-20261007-02218,2026-10-07 18:48:37,True,CANCELLED,DISPATCH_TIMEOUT,1,2026-10-07 18:49:25,
ORD-20261007-02219,2026-10-07 18:49:53,True,COMPLETED,,1,,
ORD-20261007-02220,2026-10-07 18:49:35,True,COMPLETED,,2,,
ORD-20261007-02221,2026-10-07 18:49:37,True,COMPLETED,,2,,
ORD-20261007-02222,2026-10-07 18:49:02,False,CANCELLED,PAYMENT_FAILED,1,2026-10-07 18:50:09,2026-10-07 18:49:47
ORD-20261007-02223,2026-10-07 18:49:21,True,COMPLETED,,1,,
ORD-20261007-02224,2026-10-07 18:49:23,True,COMPLETED,,1,,
ORD-20261007-02225,2026-10-07 18:49:01,True,COMPLETED,,1,,
ORD-20261007-02226,2026-10-07 18:49:08,True,COMPLETED,,2,,
ORD-20261007-02227,2026-10-07 18:49:32,False,CANCELLED,PAYMENT_FAILED,1,2026-10-07 18:50:34,
ORD-20261007-02228,2026-10-07 18:49:05,True,COMPLETED,,1,,
ORD-20261007-02229,2026-10-07 18:49:47,True,COMPLETED,,1,,
ORD-20261007-02230,2026-10-07 18:49:21,True,COMPLETED,,2,,
ORD-20261007-02231,2026-10-07 18:49:05,True,COMPLETED,,1,,
ORD-20261007-02232,2026-10-07 18:49:31,True,COMPLETED,,1,,
ORD-20261007-02233,2026-10-07 18:49:01,True,COMPLETED,,2,,
ORD-20261007-02234,2026-10-07 18:49:54,True,COMPLETED,,1,,
ORD-20261007-02235,2026-10-07 18:49:47,False,CANCELLED,PAYMENT_FAILED,1,2026-10-07 18:50:34,2026-10-07 18:50:21
ORD-20261007-02236,2026-10-07 18:49:35,False,CANCELLED,PAYMENT_FAILED,2,2026-10-07 18:51:02,2026-10-07 18:50:52
ORD-20261007-02237,2026-10-07 18:49:49,True,COMPLETED,,1,,
ORD-20261007-02238,2026-10-07 18:49:23,True,COMPLETED,,2,,
ORD-20261007-02239,2026-10-07 18:49:27,False,CANCELLED,PAYMENT_FAILED,2,2026-10-07 18:50:00,2026-10-07 18:49:50
ORD-20261007-02240,2026-10-07 18:49:32,True,COMPLETED,,1,,
ORD-20261007-02241,2026-10-07 18:49:22,True,COMPLETED,,1,,
ORD-20261007-02242,2026-10-07 18:49:03,True,COMPLETED,,1,,
ORD-20261007-02243,2026-10-07 18:49:27,False,CANCELLED,PAYMENT_FAILED,2,2026-10-07 18:50:39,2026-10-07 18:50:18
ORD-20261007-02244,2026-10-07 18:49:19,False,CANCELLED,PAYMENT_FAILED,2,2026-10-07 18:50:28,2026-10-07 18:50:11
ORD-20261007-02245,2026-10-07 18:49:46,True,COMPLETED,,2,,
ORD-20261007-02246,2026-10-07 18:49:09,True,COMPLETED,,1,,
ORD-20261007-02247,2026-10-07 18:49:29,False,COMPLETED,,1,,
ORD-20261007-02248,2026-10-07 18:49:46,False,COMPLETED,,2,,
ORD-20261007-02249,2026-10-07 18:49:25,False,CANCELLED,PAYMENT_FAILED,1,2026-10-07 18:50:40,2026-10-07 18:50:29
ORD-20261007-02250,2026-10-07 18:49:06,True,COMPLETED,,2,,
ORD-20261007-02251,2026-10-07 18:49:38,True,COMPLETED,,1,,
ORD-20261007-02252,2026-10-07 18:49:58,False,COMPLETED,,1,,
ORD-20261007-02253,2026-10-07 18:49:29,True,COMPLETED,,1,,
ORD-20261007-02254,2026-10-07 18:49:33,False,COMPLETED,,2,,
ORD-20261007-02255,2026-10-07 18:49:37,False,CANCELLED,PAYMENT_FAILED,1,2026-10-07 18:50:52,2026-10-07 18:50:31
ORD-20261007-02256,2026-10-07 18:49:58,True,COMPLETED,,1,,
ORD-20261007-02257,2026-10-07 18:49:03,False,COMPLETED,,2,,
ORD-20261007-02258,2026-10-07 18:49:53,False,COMPLETED,,1,,
ORD-20261007-02259,2026-10-07 18:49:43,True,COMPLETED,,2,,
ORD-20261007-02260,2026-10-07 18:49:04,True,COMPLETED,,2,,
ORD-20261007-02261,2026-10-07 18:49:12,False,CANCELLED,PAYMENT_FAILED,2,2026-10-07 18:50:02,
ORD-20261007-02262,2026-10-07 18:49:27,True,COMPLETED,,1,,
ORD-20261007-02263,2026-10-07 18:49:47,True,COMPLETED,,1,,
ORD-20261007-02264,2026-10-07 18:49:13,False,COMPLETED,,1,,
ORD-20261007-02265,2026-10-07 18:49:22,True,COMPLETED,,1,,
ORD-20261007-02266,2026-10-07 18:50:18,True,COMPLETED,,1,,
ORD-20261007-02267,2026-10-07 18:50:28,True,COMPLETED,,2,,
ORD-20261007-02268,2026-10-07 18:50:22,True,COMPLETED,,2,,
ORD-20261007-02269,2026-10-07 18:50:08,True,COMPLETED,,1,,
ORD-20261007-02270,2026-10-07 18:50:53,True,COMPLETED,,1,,
ORD-20261007-02271,2026-10-07 18:50:58,True,COMPLETED,,1,,
ORD-20261007-02272,2026-10-07 18:50:05,True,CANCELLED,RIDER_REJECTION,2,2026-10-07 18:51:23,2026-10-07 18:51:07
ORD-20261007-02273,2026-10-07 18:50:47,True,COMPLETED,,2,,
ORD-20261007-02274,2026-10-07 18:50:28,True,COMPLETED,,1,,
ORD-20261007-02275,2026-10-07 18:50:13,False,COMPLETED,,1,,
ORD-20261007-02276,2026-10-07 18:50:35,False,COMPLETED,,1,,
ORD-20261007-02277,2026-10-07 18:50:24,True,COMPLETED,,1,,
ORD-20261007-02278,2026-10-07 18:50:50,True,COMPLETED,,1,,
ORD-20261007-02279,2026-10-07 18:50:16,True,CANCELLED,RIDER_REJECTION,2,2026-10-07 18:51:30,
ORD-20261007-02280,2026-10-07 18:50:22,True,COMPLETED,,1,,
ORD-20261007-02281,2026-10-07 18:50:44,False,CANCELLED,PAYMENT_FAILED,2,2026-10-07 18:52:02,2026-10-07 18:51:51
ORD-20261007-02282,2026-10-07 18:50:16,True,COMPLETED,,1,,
ORD-20261007-02283,2026-10-07 18:50:47,True,COMPLETED,,2,,
ORD-20261007-02284,2026-10-07 18:50:20,True,COMPLETED,,2,,
ORD-20261007-02285,2026-10-07 18:50:54,False,COMPLETED,,2,,
ORD-20261007-02286,2026-10-07 18:50:14,False,CANCELLED,PAYMENT_FAILED,2,2026-10-07 18:51:41,2026-10-07 18:51:31
ORD-20261007-02287,2026-10-07 18:50:42,False,CANCELLED,PAYMENT_FAILED,2,2026-10-07 18:52:04,2026-10-07 18:51:51
ORD-20261007-02288,2026-10-07 18:50:42,True,COMPLETED,,1,,
ORD-20261007-02289,2026-10-07 18:50:35,True,COMPLETED,,2,,
ORD-20261007-02290,2026-10-07 18:50:43,True,CANCELLED,DISPATCH_TIMEOUT,2,2026-10-07 18:52:11,2026-10-07 18:51:51
ORD-20261007-02291,2026-10-07 18:50:58,True,COMPLETED,,1,,
ORD-20261007-02292,2026-10-07 18:50:43,True,COMPLETED,,2,,
ORD-20261007-02293,2026-10-07 18:50:33,False,COMPLETED,,1,,
ORD-20261007-02294,2026-10-07 18:50:21,True,COMPLETED,,1,,
ORD-20261007-02295,2026-10-07 18:50:23,True,COMPLETED,,1,,
ORD-20261007-02296,2026-10-07 18:50:32,True,COMPLETED,,2,,
ORD-20261007-02297,2026-10-07 18:50:34,False,CANCELLED,PAYMENT_FAILED,1,2026-10-07 18:51:57,
ORD-20261007-02298,2026-10-07 18:50:17,True,COMPLETED,,2,,
ORD-20261007-02299,2026-10-07 18:50:52,False,CANCELLED,PAYMENT_FAILED,2,2026-10-07 18:51:33,
ORD-20261007-02300,2026-10-07 18:50:58,True,COMPLETED,,2,,
ORD-20261007-02301,2026-10-07 18:50:19,True,COMPLETED,,2,,
ORD-20261007-02302,2026-10-07 18:50:03,True,COMPLETED,,2,,
ORD-20261007-02303,2026-10-07 18:50:07,False,COMPLETED,,1,,
ORD-20261007-02304,2026-10-07 18:50:31,False,CANCELLED,PAYMENT_FAILED,2,2026-10-07 18:51:10,2026-10-07 18:50:47
ORD-20261007-02305,2026-10-07 18:50:51,True,CANCELLED,DISPATCH_TIMEOUT,2,2026-10-07 18:51:44,2026-10-07 18:51:32
ORD-20261007-02306,2026-10-07 18:50:31,False,CANCELLED,PAYMENT_FAILED,1,2026-10-07 18:51:45,2026-10-07 18:51:32
ORD-20261007-02307,2026-10-07 18:50:00,True,COMPLETED,,2,,
ORD-20261007-02308,2026-10-07 18:50:58,True,COMPLETED,,2,,
ORD-20261007-02309,2026-10-07 18:50:14,False,CANCELLED,PAYMENT_FAILED,1,2026-10-07 18:51:14,2026-10-07 18:51:04
ORD-20261007-02310,2026-10-07 18:50:33,False,CANCELLED,PAYMENT_FAILED,2,2026-10-07 18:51:33,2026-10-07 18:51:15
ORD-20261007-02311,2026-10-07 18:50:06,True,COMPLETED,,1,,
ORD-20261007-02312,2026-10-07 18:50:15,False,COMPLETED,,2,,
ORD-20261007-02313,2026-10-07 18:51:00,True,COMPLETED,,1,,
ORD-20261007-02314,2026-10-07 18:51:07,True,COMPLETED,,1,,
ORD-20261007-02315,2026-10-07 18:51:06,True,CANCELLED,DISPATCH_TIMEOUT,2,2026-10-07 18:51:51,2026-10-07 18:51:41
ORD-20261007-02316,2026-10-07 18:51:11,True,COMPLETED,,1,,
ORD-20261007-02317,2026-10-07 18:51:57,False,CANCELLED,PAYMENT_FAILED,1,2026-10-07 18:52:36,2026-10-07 18:52:19
ORD-20261007-02318,2026-10-07 18:51:17,False,CANCELLED,PAYMENT_FAILED,1,2026-10-07 18:52:06,2026-10-07 18:51:56
ORD-20261007-02319,2026-10-07 18:51:07,False,COMPLETED,,2,,
ORD-20261007-02320,2026-10-07 18:51:08,True,COMPLETED,,1,,
ORD-20261007-02321,2026-10-07 18:51:10,True,COMPLETED,,1,,
ORD-20261007-02322,2026-10-07 18:51:03,True,COMPLETED,,2,,
ORD-20261007-02323,2026-10-07 18:51:43,False,CANCELLED,PAYMENT_FAILED,1,2026-10-07 18:52:34,2026-10-07 18:52:13
ORD-20261007-02324,2026-10-07 18:51:13,True,COMPLETED,,1,,
ORD-20261007-02325,2026-10-07 18:51:47,True,COMPLETED,,1,,
ORD-20261007-02326,2026-10-07 18:51:59,False,COMPLETED,,2,,
ORD-20261007-02327,2026-10-07 18:51:48,False,CANCELLED,PAYMENT_FAILED,2,2026-10-07 18:52:41,2026-10-07 18:52:21
ORD-20261007-02328,2026-10-07 18:51:45,False,CANCELLED,PAYMENT_FAILED,1,2026-10-07 18:52:27,2026-10-07 18:52:12
ORD-20261007-02329,2026-10-07 18:51:28,True,COMPLETED,,1,,
ORD-20261007-02330,2026-10-07 18:51:46,True,COMPLETED,,2,,
ORD-20261007-02331,2026-10-07 18:51:28,True,COMPLETED,,2,,
ORD-20261007-02332,2026-10-07 18:51:00,True,COMPLETED,,2,,
ORD-20261007-02333,2026-10-07 18:51:34,True,COMPLETED,,1,,
ORD-20261007-02334,2026-10-07 18:51:02,True,COMPLETED,,1,,
ORD-20261007-02335,2026-10-07 18:51:20,False,COMPLETED,,2,,
ORD-20261007-02336,2026-10-07 18:51:35,True,COMPLETED,,2,,
ORD-20261007-02337,2026-10-07 18:51:48,False,CANCELLED,PAYMENT_FAILED,1,2026-10-07 18:52:53,2026-10-07 18:52:39
ORD-20261007-02338,2026-10-07 18:51:39,True,COMPLETED,,1,,
ORD-20261007-02339,2026-10-07 18:51:57,True,CANCELLED,RIDER_REJECTION,1,2026-10-07 18:52:40,2026-10-07 18:52:18
ORD-20261007-02340,2026-10-07 18:51:27,False,CANCELLED,PAYMENT_FAILED,1,2026-10-07 18:52:23,2026-10-07 18:51:59
ORD-20261007-02341,2026-10-07 18:51:07,True,COMPLETED,,1,,
ORD-20261007-02342,2026-10-07 18:51:40,True,COMPLETED,,1,,
ORD-20261007-02343,2026-10-07 18:51:42,True,COMPLETED,,1,,
ORD-20261007-02344,2026-10-07 18:51:42,False,CANCELLED,PAYMENT_FAILED,1,2026-10-07 18:52:36,
ORD-20261007-02345,2026-10-07 18:51:08,False,CANCELLED,PAYMENT_FAILED,1,2026-10-07 18:51:58,2026-10-07 18:51:39
ORD-20261007-02346,2026-10-07 18:51:04,False,CANCELLED,PAYMENT_FAILED,2,2026-10-07 18:52:18,
ORD-20261007-02347,2026-10-07 18:51:48,False,CANCELLED,PAYMENT_FAILED,2,2026-10-07 18:53:09,2026-10-07 18:52:45
ORD-20261007-02348,2026-10-07 18:51:35,True,COMPLETED,,1,,
ORD-20261007-02349,2026-10-07 18:51:47,False,CANCELLED,PAYMENT_FAILED,1,2026-10-07 18:52:20,2026-10-07 18:52:03
ORD-20261007-02350,2026-10-07 18:51:32,True,COMPLETED,,1,,
ORD-20261007-02351,2026-10-07 18:51:32,False,CANCELLED,PAYMENT_FAILED,2,2026-10-07 18:52:13,2026-10-07 18:51:58
ORD-20261007-02352,2026-10-07 18:51:06,False,CANCELLED,PAYMENT_FAILED,2,2026-10-07 18:52:34,2026-10-07 18:52:12
ORD-20261007-02353,2026-10-07 18:51:26,True,COMPLETED,,1,,
ORD-20261007-02354,2026-10-07 18:51:04,True,COMPLETED,,2,,
ORD-20261007-02355,2026-10-07 18:51:19,True,COMPLETED,,1,,
ORD-20261007-02356,2026-10-07 18:52:31,True,COMPLETED,,1,,
ORD-20261007-02357,2026-10-07 18:52:29,False,CANCELLED,PAYMENT_FAILED,2,2026-10-07 18:53:17,
ORD-20261007-02358,2026-10-07 18:52:15,True,COMPLETED,,2,,
ORD-20261007-02359,2026-10-07 18:52:20,False,COMPLETED,,1,,
ORD-20261007-02360,2026-10-07 18:52:52,True,COMPLETED,,2,,
ORD-20261007-02361,2026-10-07 18:52:02,True,COMPLETED,,1,,
ORD-20261007-02362,2026-10-07 18:52:34,False,CANCELLED,PAYMENT_FAILED,2,2026-10-07 18:53:34,
ORD-20261007-02363,2026-10-07 18:52:36,True,COMPLETED,,2,,
ORD-20261007-02364,2026-10-07 18:52:42,True,COMPLETED,,1,,
ORD-20261007-02365,2026-10-07 18:52:12,True,COMPLETED,,2,,
ORD-20261007-02366,2026-10-07 18:52:08,True,COMPLETED,,2,,
ORD-20261007-02367,2026-10-07 18:52:01,True,COMPLETED,,2,,
ORD-20261007-02368,2026-10-07 18:52:59,True,COMPLETED,,2,,
ORD-20261007-02369,2026-10-07 18:52:11,True,COMPLETED,,2,,
ORD-20261007-02370,2026-10-07 18:52:46,True,COMPLETED,,2,,
ORD-20261007-02371,2026-10-07 18:52:28,False,CANCELLED,PAYMENT_FAILED,2,2026-10-07 18:53:55,
ORD-20261007-02372,2026-10-07 18:52:40,False,COMPLETED,,2,,
ORD-20261007-02373,2026-10-07 18:52:08,True,COMPLETED,,2,,
ORD-20261007-02374,2026-10-07 18:52:58,True,COMPLETED,,2,,
ORD-20261007-02375,2026-10-07 18:52:17,True,COMPLETED,,2,,
ORD-20261007-02376,2026-10-07 18:52:36,False,COMPLETED,,1,,
ORD-20261007-02377,2026-10-07 18:52:53,False,COMPLETED,,2,,
ORD-20261007-02378,2026-10-07 18:52:29,True,COMPLETED,,2,,
ORD-20261007-02379,2026-10-07 18:52:45,True,COMPLETED,,2,,
ORD-20261007-02380,2026-10-07 18:52:19,False,CANCELLED,PAYMENT_FAILED,1,2026-10-07 18:53:26,
ORD-20261007-02381,2026-10-07 18:52:51,True,COMPLETED,,2,,
ORD-20261007-02382,2026-10-07 18:52:42,False,CANCELLED,PAYMENT_FAILED,1,2026-10-07 18:53:16,2026-10-07 18:52:59
ORD-20261007-02383,2026-10-07 18:52:44,False,CANCELLED,PAYMENT_FAILED,1,2026-10-07 18:53:17,2026-10-07 18:53:05
ORD-20261007-02384,2026-10-07 18:52:55,False,CANCELLED,PAYMENT_FAILED,2,2026-10-07 18:53:45,2026-10-07 18:53:23
ORD-20261007-02385,2026-10-07 18:52:11,True,COMPLETED,,1,,
ORD-20261007-02386,2026-10-07 18:52:49,True,COMPLETED,,2,,
ORD-20261007-02387,2026-10-07 18:52:59,True,COMPLETED,,2,,
ORD-20261007-02388,2026-10-07 18:52:54,True,COMPLETED,,2,,
ORD-20261007-02389,2026-10-07 18:52:39,False,CANCELLED,PAYMENT_FAILED,1,2026-10-07 18:54:04,2026-10-07 18:53:54
ORD-20261007-02390,2026-10-07 18:52:04,False,CANCELLED,PAYMENT_FAILED,1,2026-10-07 18:53:20,2026-10-07 18:53:02
ORD-20261007-02391,2026-10-07 18:52:16,True,COMPLETED,,1,,
ORD-20261007-02392,2026-10-07 18:52:18,False,COMPLETED,,1,,
ORD-20261007-02393,2026-10-07 18:52:58,True,COMPLETED,,1,,
ORD-20261007-02394,2026-10-07 18:52:02,True,COMPLETED,,2,,
ORD-20261007-02395,2026-10-07 18:52:55,True,CANCELLED,RIDER_REJECTION,1,2026-10-07 18:53:57,2026-10-07 18:53:45
ORD-20261007-02396,2026-10-07 18:52:16,True,COMPLETED,,1,,
ORD-20261007-02397,2026-10-07 18:52:53,True,COMPLETED,,2,,
ORD-20261007-02398,2026-10-07 18:52:23,False,CANCELLED,PAYMENT_FAILED,2,2026-10-07 18:53:04,2026-10-07 18:52:44
ORD-20261007-02399,2026-10-07 18:52:54,True,COMPLETED,,2,,
ORD-20261007-02400,2026-10-07 18:53:52,True,COMPLETED,,2,,
ORD-20261007-02401,2026-10-07 18:53:32,True,COMPLETED,,2,,
ORD-20261007-02402,2026-10-07 18:53:15,True,COMPLETED,,2,,
ORD-20261007-02403,2026-10-07 18:53:09,False,CANCELLED,PAYMENT_FAILED,2,2026-10-07 18:54:20,2026-10-07 18:53:58
ORD-20261007-02404,2026-10-07 18:53:42,True,COMPLETED,,1,,
ORD-20261007-02405,2026-10-07 18:53:39,True,COMPLETED,,2,,
ORD-20261007-02406,2026-10-07 18:53:53,False,CANCELLED,PAYMENT_FAILED,1,2026-10-07 18:54:48,2026-10-07 18:54:26
ORD-20261007-02407,2026-10-07 18:53:47,False,CANCELLED,PAYMENT_FAILED,2,2026-10-07 18:55:11,
ORD-20261007-02408,2026-10-07 18:53:52,False,CANCELLED,PAYMENT_FAILED,2,2026-10-07 18:54:54,2026-10-07 18:54:42
ORD-20261007-02409,2026-10-07 18:53:57,True,COMPLETED,,2,,
ORD-20261007-02410,2026-10-07 18:53:32,False,COMPLETED,,1,,
ORD-20261007-02411,2026-10-07 18:53:12,True,COMPLETED,,1,,
ORD-20261007-02412,2026-10-07 18:53:25,True,COMPLETED,,2,,
ORD-20261007-02413,2026-10-07 18:53:29,True,COMPLETED,,1,,
ORD-20261007-02414,2026-10-07 18:53:07,False,CANCELLED,PAYMENT_FAILED,2,2026-10-07 18:53:49,2026-10-07 18:53:26
ORD-20261007-02415,2026-10-07 18:53:38,False,CANCELLED,PAYMENT_FAILED,2,2026-10-07 18:54:27,2026-10-07 18:54:09
ORD-20261007-02416,2026-10-07 18:53:10,True,COMPLETED,,1,,
ORD-20261007-02417,2026-10-07 18:53:48,False,CANCELLED,PAYMENT_FAILED,2,2026-10-07 18:54:18,2026-10-07 18:54:00
ORD-20261007-02418,2026-10-07 18:53:48,False,CANCELLED,PAYMENT_FAILED,1,2026-10-07 18:55:03,2026-10-07 18:54:45
ORD-20261007-02419,2026-10-07 18:53:22,False,COMPLETED,,2,,
ORD-20261007-02420,2026-10-07 18:53:42,True,COMPLETED,,1,,
ORD-20261007-02421,2026-10-07 18:53:31,True,COMPLETED,,1,,
ORD-20261007-02422,2026-10-07 18:53:09,False,COMPLETED,,2,,
ORD-20261007-02423,2026-10-07 18:53:32,False,COMPLETED,,1,,
ORD-20261007-02424,2026-10-07 18:53:55,True,COMPLETED,,2,,
ORD-20261007-02425,2026-10-07 18:53:38,True,COMPLETED,,1,,
ORD-20261007-02426,2026-10-07 18:53:59,True,COMPLETED,,1,,
ORD-20261007-02427,2026-10-07 18:53:25,False,CANCELLED,PAYMENT_FAILED,2,2026-10-07 18:54:49,2026-10-07 18:54:29
ORD-20261007-02428,2026-10-07 18:53:43,True,COMPLETED,,1,,
ORD-20261007-02429,2026-10-07 18:53:22,True,COMPLETED,,1,,
ORD-20261007-02430,2026-10-07 18:53:32,True,COMPLETED,,1,,
ORD-20261007-02431,2026-10-07 18:53:06,False,CANCELLED,PAYMENT_FAILED,2,2026-10-07 18:54:12,
ORD-20261007-02432,2026-10-07 18:53:43,True,COMPLETED,,2,,
ORD-20261007-02433,2026-10-07 18:53:28,True,COMPLETED,,2,,
ORD-20261007-02434,2026-10-07 18:53:54,False,CANCELLED,PAYMENT_FAILED,1,2026-10-07 18:54:45,2026-10-07 18:54:21
ORD-20261007-02435,2026-10-07 18:53:46,True,COMPLETED,,2,,
ORD-20261007-02436,2026-10-07 18:53:48,True,COMPLETED,,1,,
ORD-20261007-02437,2026-10-07 18:53:23,True,COMPLETED,,1,,
ORD-20261007-02438,2026-10-07 18:53:16,False,COMPLETED,,2,,
ORD-20261007-02439,2026-10-07 18:53:30,False,CANCELLED,PAYMENT_FAILED,2,2026-10-07 18:54:01,2026-10-07 18:53:51
ORD-20261007-02440,2026-10-07 18:53:47,True,COMPLETED,,1,,
ORD-20261007-02441,2026-10-07 18:53:09,False,COMPLETED,,1,,
ORD-20261007-02442,2026-10-07 18:53:59,True,CANCELLED,DISPATCH_TIMEOUT,1,2026-10-07 18:54:34,
ORD-20261007-02443,2026-10-07 18:53:55,True,COMPLETED,,1,,
ORD-20261007-02444,2026-10-07 18:53:28,True,COMPLETED,,1,,
ORD-20261007-02445,2026-10-07 18:54:34,True,COMPLETED,,1,,
ORD-20261007-02446,2026-10-07 18:54:38,False,CANCELLED,PAYMENT_FAILED,2,2026-10-07 18:55:52,2026-10-07 18:55:33
ORD-20261007-02447,2026-10-07 18:54:07,True,COMPLETED,,2,,
ORD-20261007-02448,2026-10-07 18:54:40,False,CANCELLED,PAYMENT_FAILED,1,2026-10-07 18:55:51,2026-10-07 18:55:28
ORD-20261007-02449,2026-10-07 18:54:54,True,COMPLETED,,1,,
ORD-20261007-02450,2026-10-07 18:54:32,True,COMPLETED,,1,,
ORD-20261007-02451,2026-10-07 18:54:17,True,COMPLETED,,1,,
ORD-20261007-02452,2026-10-07 18:54:41,True,COMPLETED,,2,,
ORD-20261007-02453,2026-10-07 18:54:41,True,COMPLETED,,1,,
ORD-20261007-02454,2026-10-07 18:54:41,False,COMPLETED,,1,,
ORD-20261007-02455,2026-10-07 18:54:36,False,CANCELLED,PAYMENT_FAILED,1,2026-10-07 18:55:36,
ORD-20261007-02456,2026-10-07 18:54:16,True,COMPLETED,,1,,
ORD-20261007-02457,2026-10-07 18:54:58,True,COMPLETED,,1,,
ORD-20261007-02458,2026-10-07 18:54:31,True,COMPLETED,,2,,
ORD-20261007-02459,2026-10-07 18:54:00,False,CANCELLED,PAYMENT_FAILED,2,2026-10-07 18:55:04,2026-10-07 18:54:45
ORD-20261007-02460,2026-10-07 18:54:40,False,CANCELLED,PAYMENT_FAILED,1,2026-10-07 18:55:11,
ORD-20261007-02461,2026-10-07 18:54:15,False,CANCELLED,PAYMENT_FAILED,1,2026-10-07 18:55:38,2026-10-07 18:55:27
ORD-20261007-02462,2026-10-07 18:54:05,False,CANCELLED,PAYMENT_FAILED,2,2026-10-07 18:54:52,
ORD-20261007-02463,2026-10-07 18:54:38,True,CANCELLED,DISPATCH_TIMEOUT,2,2026-10-07 18:55:14,2026-10-07 18:55:01
ORD-20261007-02464,2026-10-07 18:54:21,False,COMPLETED,,2,,
ORD-20261007-02465,2026-10-07 18:54:54,True,COMPLETED,,2,,
ORD-20261007-02466,2026-10-07 18:54:22,False,COMPLETED,,2,,
ORD-20261007-02467,2026-10-07 18:54:09,False,CANCELLED,PAYMENT_FAILED,2,2026-10-07 18:55:03,2026-10-07 18:54:44
ORD-20261007-02468,2026-10-07 18:54:59,True,COMPLETED,,1,,
ORD-20261007-02469,2026-10-07 18:54:22,False,CANCELLED,PAYMENT_FAILED,2,2026-10-07 18:55:47,2026-10-07 18:55:23
ORD-20261007-02470,2026-10-07 18:54:53,True,COMPLETED,,2,,
ORD-20261007-02471,2026-10-07 18:54:24,False,COMPLETED,,1,,
ORD-20261007-02472,2026-10-07 18:54:59,True,COMPLETED,,1,,
ORD-20261007-02473,2026-10-07 18:54:53,False,CANCELLED,PAYMENT_FAILED,2,2026-10-07 18:56:04,2026-10-07 18:55:43
ORD-20261007-02474,2026-10-07 18:54:53,False,CANCELLED,PAYMENT_FAILED,2,2026-10-07 18:55:26,2026-10-07 18:55:12
ORD-20261007-02475,2026-10-07 18:54:24,False,CANCELLED,PAYMENT_FAILED,1,2026-10-07 18:55:14,
ORD-20261007-02476,2026-10-07 18:54:56,True,COMPLETED,,2,,
ORD-20261007-02477,2026-10-07 18:54:27,True,COMPLETED,,1,,
ORD-20261007-02478,2026-10-07 18:54:20,True,CANCELLED,DISPATCH_TIMEOUT,2,2026-10-07 18:54:53,
ORD-20261007-02479,2026-10-07 18:54:02,True,COMPLETED,,2,,
ORD-20261007-02480,2026-10-07 18:54:53,True,COMPLETED,,2,,
ORD-20261007-02481,2026-10-07 18:54:00,False,COMPLETED,,2,,
ORD-20261007-02482,2026-10-07 18:54:34,True,COMPLETED,,2,,
ORD-20261007-02483,2026-10-07 18:54:54,True,COMPLETED,,2,,
ORD-20261007-02484,2026-10-07 18:54:41,True,COMPLETED,,1,,
ORD-20261007-02485,2026-10-07 18:54:23,True,COMPLETED,,2,,
ORD-20261007-02486,2026-10-07 18:54:49,True,COMPLETED,,2,,
ORD-20261007-02487,2026-10-07 18:54:02,True,COMPLETED,,1,,
ORD-20261007-02488,2026-10-07 18:54:47,False,CANCELLED,PAYMENT_FAILED,1,2026-10-07 18:55:27,2026-10-07 18:55:15
ORD-20261007-02489,2026-10-07 18:54:59,False,COMPLETED,,1,,
ORD-20261007-02490,2026-10-07 18:55:08,True,COMPLETED,,1,,
ORD-20261007-02491,2026-10-07 18:55:22,True,COMPLETED,,2,,
ORD-20261007-02492,2026-10-07 18:55:59,False,COMPLETED,,2,,
ORD-20261007-02493,2026-10-07 18:55:24,True,COMPLETED,,1,,
ORD-20261007-02494,2026-10-07 18:55:15,True,CANCELLED,RIDER_REJECTION,2,2026-10-07 18:55:57,
ORD-20261007-02495,2026-10-07 18:55:39,False,COMPLETED,,2,,
ORD-20261007-02496,2026-10-07 18:55:47,False,CANCELLED,PAYMENT_FAILED,1,2026-10-07 18:56:18,2026-10-07 18:55:58
ORD-20261007-02497,2026-10-07 18:55:24,True,COMPLETED,,1,,
ORD-20261007-02498,2026-10-07 18:55:30,True,COMPLETED,,1,,
ORD-20261007-02499,2026-10-07 18:55:17,True,COMPLETED,,2,,
ORD-20261007-02500,2026-10-07 18:55:12,True,COMPLETED,,1,,
ORD-20261007-02501,2026-10-07 18:55:02,True,COMPLETED,,2,,
ORD-20261007-02502,2026-10-07 18:55:01,True,COMPLETED,,1,,
ORD-20261007-02503,2026-10-07 18:55:39,True,COMPLETED,,1,,
ORD-20261007-02504,2026-10-07 18:55:00,False,CANCELLED,PAYMENT_FAILED,1,2026-10-07 18:55:56,2026-10-07 18:55:43
ORD-20261007-02505,2026-10-07 18:55:45,True,COMPLETED,,1,,
ORD-20261007-02506,2026-10-07 18:55:45,True,COMPLETED,,2,,
ORD-20261007-02507,2026-10-07 18:55:34,True,COMPLETED,,2,,
ORD-20261007-02508,2026-10-07 18:55:47,True,COMPLETED,,2,,
ORD-20261007-02509,2026-10-07 18:55:22,True,COMPLETED,,1,,
ORD-20261007-02510,2026-10-07 18:55:46,True,COMPLETED,,2,,
ORD-20261007-02511,2026-10-07 18:55:37,False,CANCELLED,PAYMENT_FAILED,2,2026-10-07 18:56:21,2026-10-07 18:56:00
ORD-20261007-02512,2026-10-07 18:55:15,True,COMPLETED,,1,,
ORD-20261007-02513,2026-10-07 18:55:46,True,CANCELLED,DISPATCH_TIMEOUT,1,2026-10-07 18:56:43,2026-10-07 18:56:22
ORD-20261007-02514,2026-10-07 18:55:00,True,COMPLETED,,2,,
ORD-20261007-02515,2026-10-07 18:55:34,False,CANCELLED,PAYMENT_FAILED,1,2026-10-07 18:56:52,
ORD-20261007-02516,2026-10-07 18:55:54,False,COMPLETED,,2,,
ORD-20261007-02517,2026-10-07 18:55:07,True,COMPLETED,,1,,
ORD-20261007-02518,2026-10-07 18:55:33,False,COMPLETED,,2,,
ORD-20261007-02519,2026-10-07 18:55:15,True,COMPLETED,,1,,
ORD-20261007-02520,2026-10-07 18:55:00,True,CANCELLED,RIDER_REJECTION,1,2026-10-07 18:55:37,2026-10-07 18:55:21
ORD-20261007-02521,2026-10-07 18:55:03,True,COMPLETED,,2,,
ORD-20261007-02522,2026-10-07 18:55:57,True,COMPLETED,,1,,
ORD-20261007-02523,2026-10-07 18:55:12,False,CANCELLED,PAYMENT_FAILED,1,2026-10-07 18:56:21,
ORD-20261007-02524,2026-10-07 18:55:12,True,COMPLETED,,1,,
ORD-20261007-02525,2026-10-07 18:55:15,False,CANCELLED,PAYMENT_FAILED,2,2026-10-07 18:56:07,2026-10-07 18:55:45
ORD-20261007-02526,2026-10-07 18:55:59,False,CANCELLED,PAYMENT_FAILED,2,2026-10-07 18:56:43,2026-10-07 18:56:31
ORD-20261007-02527,2026-10-07 18:55:51,False,CANCELLED,PAYMENT_FAILED,2,2026-10-07 18:56:59,2026-10-07 18:56:36
ORD-20261007-02528,2026-10-07 18:55:05,True,COMPLETED,,1,,
ORD-20261007-02529,2026-10-07 18:55:52,True,COMPLETED,,1,,
ORD-20261007-02530,2026-10-07 18:55:44,False,CANCELLED,PAYMENT_FAILED,1,2026-10-07 18:56:55,2026-10-07 18:56:31
ORD-20261007-02531,2026-10-07 18:55:47,True,COMPLETED,,1,,
ORD-20261007-02532,2026-10-07 18:56:36,True,COMPLETED,,1,,
ORD-20261007-02533,2026-10-07 18:56:00,False,COMPLETED,,2,,
ORD-20261007-02534,2026-10-07 18:56:40,True,COMPLETED,,1,,
ORD-20261007-02535,2026-10-07 18:56:55,False,COMPLETED,,1,,
ORD-20261007-02536,2026-10-07 18:56:36,False,CANCELLED,PAYMENT_FAILED,1,2026-10-07 18:57:18,2026-10-07 18:56:56
ORD-20261007-02537,2026-10-07 18:56:09,True,COMPLETED,,2,,
ORD-20261007-02538,2026-10-07 18:56:24,True,COMPLETED,,2,,
ORD-20261007-02539,2026-10-07 18:56:15,False,CANCELLED,PAYMENT_FAILED,1,2026-10-07 18:57:00,
ORD-20261007-02540,2026-10-07 18:56:19,True,COMPLETED,,1,,
ORD-20261007-02541,2026-10-07 18:56:35,True,COMPLETED,,1,,
ORD-20261007-02542,2026-10-07 18:56:30,True,COMPLETED,,1,,
ORD-20261007-02543,2026-10-07 18:56:42,True,COMPLETED,,1,,
ORD-20261007-02544,2026-10-07 18:56:34,True,COMPLETED,,2,,
ORD-20261007-02545,2026-10-07 18:56:47,True,COMPLETED,,2,,
ORD-20261007-02546,2026-10-07 18:56:50,False,CANCELLED,PAYMENT_FAILED,2,2026-10-07 18:58:05,2026-10-07 18:57:42
ORD-20261007-02547,2026-10-07 18:56:29,False,CANCELLED,PAYMENT_FAILED,1,2026-10-07 18:57:43,2026-10-07 18:57:21
ORD-20261007-02548,2026-10-07 18:56:35,True,COMPLETED,,2,,
ORD-20261007-02549,2026-10-07 18:56:02,True,COMPLETED,,1,,
ORD-20261007-02550,2026-10-07 18:56:32,True,COMPLETED,,1,,
ORD-20261007-02551,2026-10-07 18:56:46,False,CANCELLED,PAYMENT_FAILED,2,2026-10-07 18:57:47,2026-10-07 18:57:36
ORD-20261007-02552,2026-10-07 18:56:19,False,CANCELLED,PAYMENT_FAILED,1,2026-10-07 18:56:54,2026-10-07 18:56:39
ORD-20261007-02553,2026-10-07 18:56:13,True,COMPLETED,,1,,
ORD-20261007-02554,2026-10-07 18:56:32,False,CANCELLED,PAYMENT_FAILED,1,2026-10-07 18:57:27,2026-10-07 18:57:06
ORD-20261007-02555,2026-10-07 18:56:39,True,COMPLETED,,2,,
ORD-20261007-02556,2026-10-07 18:56:57,True,COMPLETED,,2,,
ORD-20261007-02557,2026-10-07 18:56:37,True,CANCELLED,RIDER_REJECTION,2,2026-10-07 18:57:30,2026-10-07 18:57:15
ORD-20261007-02558,2026-10-07 18:56:37,False,CANCELLED,PAYMENT_FAILED,2,2026-10-07 18:57:08,
ORD-20261007-02559,2026-10-07 18:56:09,False,COMPLETED,,1,,
ORD-20261007-02560,2026-10-07 18:56:55,True,CANCELLED,DISPATCH_TIMEOUT,2,2026-10-07 18:58:19,
ORD-20261007-02561,2026-10-07 18:56:03,True,COMPLETED,,2,,
ORD-20261007-02562,2026-10-07 18:56:23,False,CANCELLED,PAYMENT_FAILED,2,2026-10-07 18:57:49,2026-10-07 18:57:35
ORD-20261007-02563,2026-10-07 18:56:11,True,COMPLETED,,1,,
ORD-20261007-02564,2026-10-07 18:56:41,True,COMPLETED,,2,,
ORD-20261007-02565,2026-10-07 18:56:04,True,COMPLETED,,1,,
ORD-20261007-02566,2026-10-07 18:56:18,True,COMPLETED,,1,,
ORD-20261007-02567,2026-10-07 18:56:12,True,COMPLETED,,2,,
ORD-20261007-02568,2026-10-07 18:56:21,True,COMPLETED,,2,,
ORD-20261007-02569,2026-10-07 18:56:35,False,COMPLETED,,1,,
ORD-20261007-02570,2026-10-07 18:56:24,False,COMPLETED,,2,,
ORD-20261007-02571,2026-10-07 18:56:39,False,COMPLETED,,1,,
ORD-20261007-02572,2026-10-07 18:56:03,False,CANCELLED,PAYMENT_FAILED,2,2026-10-07 18:57:21,2026-10-07 18:57:05
ORD-20261007-02573,2026-10-07 18:56:06,False,CANCELLED,PAYMENT_FAILED,1,2026-10-07 18:57:18,2026-10-07 18:56:55
ORD-20261007-02574,2026-10-07 18:56:42,True,COMPLETED,,2,,
ORD-20261007-02575,2026-10-07 18:56:30,False,CANCELLED,PAYMENT_FAILED,1,2026-10-07 18:57:48,2026-10-07 18:57:35
ORD-20261007-02576,2026-10-07 18:56:09,True,COMPLETED,,1,,
ORD-20261007-02577,2026-10-07 18:57:46,True,CANCELLED,RIDER_REJECTION,2,2026-10-07 18:59:04,
ORD-20261007-02578,2026-10-07 18:57:23,False,COMPLETED,,1,,
ORD-20261007-02579,2026-10-07 18:57:27,False,CANCELLED,PAYMENT_FAILED,2,2026-10-07 18:58:52,
ORD-20261007-02580,2026-10-07 18:57:12,False,CANCELLED,PAYMENT_FAILED,2,2026-10-07 18:58:32,2026-10-07 18:58:10
ORD-20261007-02581,2026-10-07 18:57:56,False,COMPLETED,,2,,
ORD-20261007-02582,2026-10-07 18:57:03,True,COMPLETED,,1,,
ORD-20261007-02583,2026-10-07 18:57:28,False,COMPLETED,,2,,
ORD-20261007-02584,2026-10-07 18:57:33,False,CANCELLED,PAYMENT_FAILED,1,2026-10-07 18:59:00,
ORD-20261007-02585,2026-10-07 18:57:01,True,COMPLETED,,2,,
ORD-20261007-02586,2026-10-07 18:57:24,False,COMPLETED,,2,,
ORD-20261007-02587,2026-10-07 18:57:33,True,COMPLETED,,2,,
ORD-20261007-02588,2026-10-07 18:57:13,True,COMPLETED,,1,,
ORD-20261007-02589,2026-10-07 18:57:10,True,COMPLETED,,2,,
ORD-20261007-02590,2026-10-07 18:57:39,False,COMPLETED,,1,,
ORD-20261007-02591,2026-10-07 18:57:06,True,COMPLETED,,1,,
ORD-20261007-02592,2026-10-07 18:57:43,True,CANCELLED,RIDER_REJECTION,2,2026-10-07 18:58:36,2026-10-07 18:58:18
ORD-20261007-02593,2026-10-07 18:57:41,True,COMPLETED,,1,,
ORD-20261007-02594,2026-10-07 18:57:27,False,CANCELLED,PAYMENT_FAILED,1,2026-10-07 18:57:57,2026-10-07 18:57:40
ORD-20261007-02595,2026-10-07 18:57:12,True,COMPLETED,,2,,
ORD-20261007-02596,2026-10-07 18:57:35,False,COMPLETED,,2,,
ORD-20261007-02597,2026-10-07 18:57:46,True,CANCELLED,RIDER_REJECTION,1,2026-10-07 18:58:28,2026-10-07 18:58:10
ORD-20261007-02598,2026-10-07 18:57:54,True,CANCELLED,DISPATCH_TIMEOUT,2,2026-10-07 18:58:47,
ORD-20261007-02599,2026-10-07 18:57:42,True,COMPLETED,,1,,
ORD-20261007-02600,2026-10-07 18:57:18,False,CANCELLED,PAYMENT_FAILED,2,2026-10-07 18:58:22,2026-10-07 18:58:10
ORD-20261007-02601,2026-10-07 18:57:32,False,CANCELLED,PAYMENT_FAILED,2,2026-10-07 18:58:28,2026-10-07 18:58:12
ORD-20261007-02602,2026-10-07 18:57:24,False,COMPLETED,,1,,
ORD-20261007-02603,2026-10-07 18:57:25,True,COMPLETED,,1,,
ORD-20261007-02604,2026-10-07 18:57:26,False,CANCELLED,PAYMENT_FAILED,1,2026-10-07 18:58:01,2026-10-07 18:57:44
ORD-20261007-02605,2026-10-07 18:57:58,False,CANCELLED,PAYMENT_FAILED,1,2026-10-07 18:59:04,2026-10-07 18:58:45
ORD-20261007-02606,2026-10-07 18:57:34,True,COMPLETED,,2,,
ORD-20261007-02607,2026-10-07 18:57:56,True,COMPLETED,,1,,
ORD-20261007-02608,2026-10-07 18:57:06,True,COMPLETED,,1,,
ORD-20261007-02609,2026-10-07 18:57:15,False,CANCELLED,PAYMENT_FAILED,1,2026-10-07 18:58:11,2026-10-07 18:57:49
ORD-20261007-02610,2026-10-07 18:57:31,False,COMPLETED,,2,,
ORD-20261007-02611,2026-10-07 18:57:11,True,COMPLETED,,1,,
ORD-20261007-02612,2026-10-07 18:57:43,False,CANCELLED,PAYMENT_FAILED,1,2026-10-07 18:58:42,
ORD-20261007-02613,2026-10-07 18:57:11,True,COMPLETED,,2,,
ORD-20261007-02614,2026-10-07 18:57:39,False,CANCELLED,PAYMENT_FAILED,2,2026-10-07 18:58:24,
ORD-20261007-02615,2026-10-07 18:57:07,True,COMPLETED,,1,,
ORD-20261007-02616,2026-10-07 18:57:23,False,CANCELLED,PAYMENT_FAILED,1,2026-10-07 18:58:15,
ORD-20261007-02617,2026-10-07 18:57:53,False,CANCELLED,PAYMENT_FAILED,1,2026-10-07 18:58:34,2026-10-07 18:58:18
ORD-20261007-02618,2026-10-07 18:57:12,True,COMPLETED,,2,,
ORD-20261007-02619,2026-10-07 18:57:55,False,CANCELLED,PAYMENT_FAILED,2,2026-10-07 18:59:19,2026-10-07 18:59:06
ORD-20261007-02620,2026-10-07 18:58:18,True,COMPLETED,,2,,
ORD-20261007-02621,2026-10-07 18:58:18,True,COMPLETED,,1,,
ORD-20261007-02622,2026-10-07 18:58:20,True,COMPLETED,,1,,
ORD-20261007-02623,2026-10-07 18:58:38,True,COMPLETED,,2,,
ORD-20261007-02624,2026-10-07 18:58:08,True,COMPLETED,,2,,
ORD-20261007-02625,2026-10-07 18:58:13,False,COMPLETED,,2,,
ORD-20261007-02626,2026-10-07 18:58:13,False,CANCELLED,PAYMENT_FAILED,2,2026-10-07 18:59:20,2026-10-07 18:59:07
ORD-20261007-02627,2026-10-07 18:58:15,True,COMPLETED,,1,,
ORD-20261007-02628,2026-10-07 18:58:11,True,COMPLETED,,1,,
ORD-20261007-02629,2026-10-07 18:58:24,False,COMPLETED,,2,,
ORD-20261007-02630,2026-10-07 18:58:53,False,COMPLETED,,1,,
ORD-20261007-02631,2026-10-07 18:58:42,True,COMPLETED,,2,,
ORD-20261007-02632,2026-10-07 18:58:11,False,CANCELLED,PAYMENT_FAILED,1,2026-10-07 18:58:45,2026-10-07 18:58:27
ORD-20261007-02633,2026-10-07 18:58:16,True,COMPLETED,,1,,
ORD-20261007-02634,2026-10-07 18:58:53,True,COMPLETED,,2,,
ORD-20261007-02635,2026-10-07 18:58:06,True,COMPLETED,,2,,
ORD-20261007-02636,2026-10-07 18:58:29,False,CANCELLED,PAYMENT_FAILED,2,2026-10-07 18:59:36,2026-10-07 18:59:14
ORD-20261007-02637,2026-10-07 18:58:37,False,CANCELLED,PAYMENT_FAILED,2,2026-10-07 19:00:02,2026-10-07 18:59:43
ORD-20261007-02638,2026-10-07 18:58:27,True,COMPLETED,,1,,
ORD-20261007-02639,2026-10-07 18:58:09,True,COMPLETED,,2,,
ORD-20261007-02640,2026-10-07 18:58:54,True,COMPLETED,,1,,
ORD-20261007-02641,2026-10-07 18:58:40,False,COMPLETED,,1,,
ORD-20261007-02642,2026-10-07 18:58:42,False,CANCELLED,PAYMENT_FAILED,2,2026-10-07 18:59:37,2026-10-07 18:59:18
ORD-20261007-02643,2026-10-07 18:58:04,False,CANCELLED,PAYMENT_FAILED,1,2026-10-07 18:58:37,
ORD-20261007-02644,2026-10-07 18:58:24,True,COMPLETED,,1,,
ORD-20261007-02645,2026-10-07 18:58:19,False,CANCELLED,PAYMENT_FAILED,1,2026-10-07 18:59:01,2026-10-07 18:58:49
ORD-20261007-02646,2026-10-07 18:58:09,False,CANCELLED,PAYMENT_FAILED,2,2026-10-07 18:59:05,2026-10-07 18:58:46
ORD-20261007-02647,2026-10-07 18:58:55,False,COMPLETED,,1,,
ORD-20261007-02648,2026-10-07 18:58:06,False,CANCELLED,PAYMENT_FAILED,2,2026-10-07 18:58:55,2026-10-07 18:58:32
ORD-20261007-02649,2026-10-07 18:58:03,False,CANCELLED,PAYMENT_FAILED,2,2026-10-07 18:58:43,
ORD-20261007-02650,2026-10-07 18:58:21,True,COMPLETED,,1,,
ORD-20261007-02651,2026-10-07 18:58:29,True,COMPLETED,,1,,
ORD-20261007-02652,2026-10-07 18:58:07,False,CANCELLED,PAYMENT_FAILED,1,2026-10-07 18:58:45,2026-10-07 18:58:25
ORD-20261007-02653,2026-10-07 18:58:32,True,COMPLETED,,2,,
ORD-20261007-02654,2026-10-07 18:58:00,True,COMPLETED,,2,,
ORD-20261007-02655,2026-10-07 18:58:45,False,CANCELLED,PAYMENT_FAILED,2,2026-10-07 19:00:04,
ORD-20261007-02656,2026-10-07 18:58:57,True,COMPLETED,,2,,
ORD-20261007-02657,2026-10-07 18:58:20,True,COMPLETED,,1,,
ORD-20261007-02658,2026-10-07 18:58:58,False,CANCELLED,PAYMENT_FAILED,1,2026-10-07 19:00:21,2026-10-07 18:59:59
ORD-20261007-02659,2026-10-07 18:58:44,False,CANCELLED,PAYMENT_FAILED,1,2026-10-07 19:00:01,2026-10-07 18:59:45
ORD-20261007-02660,2026-10-07 18:58:23,True,COMPLETED,,2,,
ORD-20261007-02661,2026-10-07 18:58:10,False,COMPLETED,,1,,
ORD-20261007-02662,2026-10-07 18:58:20,True,COMPLETED,,2,,
ORD-20261007-02663,2026-10-07 18:58:56,True,COMPLETED,,1,,
ORD-20261007-02664,2026-10-07 18:58:41,True,COMPLETED,,1,,
ORD-20261007-02665,2026-10-07 18:58:16,True,COMPLETED,,2,,
ORD-20261007-02666,2026-10-07 18:58:42,True,COMPLETED,,2,,
ORD-20261007-02667,2026-10-07 18:59:27,False,CANCELLED,PAYMENT_FAILED,1,2026-10-07 19:00:46,2026-10-07 19:00:27
ORD-20261007-02668,2026-10-07 18:59:22,False,CANCELLED,PAYMENT_FAILED,2,2026-10-07 19:00:41,2026-10-07 19:00:29
ORD-20261007-02669,2026-10-07 18:59:18,True,COMPLETED,,1,,
ORD-20261007-02670,2026-10-07 18:59:55,False,CANCELLED,PAYMENT_FAILED,1,2026-10-07 19:01:09,2026-10-07 19:00:59
ORD-20261007-02671,2026-10-07 18:59:32,False,COMPLETED,,1,,
ORD-20261007-02672,2026-10-07 18:59:52,True,COMPLETED,,1,,
ORD-20261007-02673,2026-10-07 18:59:34,False,CANCELLED,PAYMENT_FAILED,1,2026-10-07 19:00:50,2026-10-07 19:00:26
ORD-20261007-02674,2026-10-07 18:59:04,True,COMPLETED,,1,,
ORD-20261007-02675,2026-10-07 18:59:41,False,CANCELLED,PAYMENT_FAILED,1,2026-10-07 19:00:33,
ORD-20261007-02676,2026-10-07 18:59:28,True,COMPLETED,,1,,
ORD-20261007-02677,2026-10-07 18:59:55,False,CANCELLED,PAYMENT_FAILED,1,2026-10-07 19:00:46,2026-10-07 19:00:27
ORD-20261007-02678,2026-10-07 18:59:11,False,COMPLETED,,1,,
ORD-20261007-02679,2026-10-07 18:59:24,False,CANCELLED,PAYMENT_FAILED,2,2026-10-07 19:00:46,
ORD-20261007-02680,2026-10-07 18:59:31,True,COMPLETED,,1,,
ORD-20261007-02681,2026-10-07 18:59:53,True,COMPLETED,,2,,
ORD-20261007-02682,2026-10-07 18:59:54,True,COMPLETED,,1,,
ORD-20261007-02683,2026-10-07 18:59:33,False,CANCELLED,PAYMENT_FAILED,1,2026-10-07 19:00:54,2026-10-07 19:00:40
ORD-20261007-02684,2026-10-07 18:59:07,True,COMPLETED,,1,,
ORD-20261007-02685,2026-10-07 18:59:12,True,COMPLETED,,2,,
ORD-20261007-02686,2026-10-07 18:59:34,False,CANCELLED,PAYMENT_FAILED,2,2026-10-07 19:00:15,2026-10-07 18:59:56
ORD-20261007-02687,2026-10-07 18:59:29,True,COMPLETED,,2,,
ORD-20261007-02688,2026-10-07 18:59:18,True,COMPLETED,,1,,
ORD-20261007-02689,2026-10-07 18:59:58,True,COMPLETED,,2,,
ORD-20261007-02690,2026-10-07 18:59:33,True,COMPLETED,,1,,
ORD-20261007-02691,2026-10-07 18:59:26,True,COMPLETED,,1,,
ORD-20261007-02692,2026-10-07 18:59:32,True,COMPLETED,,2,,
ORD-20261007-02693,2026-10-07 18:59:58,False,CANCELLED,PAYMENT_FAILED,2,2026-10-07 19:00:53,2026-10-07 19:00:36
ORD-20261007-02694,2026-10-07 18:59:50,False,CANCELLED,PAYMENT_FAILED,2,2026-10-07 19:01:18,
ORD-20261007-02695,2026-10-07 18:59:51,True,COMPLETED,,2,,
ORD-20261007-02696,2026-10-07 18:59:08,True,COMPLETED,,2,,
ORD-20261007-02697,2026-10-07 18:59:17,True,CANCELLED,DISPATCH_TIMEOUT,2,2026-10-07 18:59:52,2026-10-07 18:59:30
ORD-20261007-02698,2026-10-07 18:59:03,True,COMPLETED,,1,,
ORD-20261007-02699,2026-10-07 18:59:31,False,CANCELLED,PAYMENT_FAILED,1,2026-10-07 19:00:40,
ORD-20261007-02700,2026-10-07 18:59:33,False,COMPLETED,,2,,
ORD-20261007-02701,2026-10-07 18:59:35,True,COMPLETED,,1,,
ORD-20261007-02702,2026-10-07 18:59:52,True,COMPLETED,,2,,
ORD-20261007-02703,2026-10-07 18:59:47,True,COMPLETED,,1,,
ORD-20261007-02704,2026-10-07 18:59:56,True,COMPLETED,,2,,
ORD-20261007-02705,2026-10-07 18:59:18,True,COMPLETED,,2,,
ORD-20261007-02706,2026-10-07 18:59:51,True,COMPLETED,,2,,
ORD-20261007-02707,2026-10-07 18:59:40,True,COMPLETED,,2,,
ORD-20261007-02708,2026-10-07 18:59:56,True,COMPLETED,,1,,
ORD-20261007-02709,2026-10-07 18:59:58,True,COMPLETED,,1,,
ORD-20261007-02710,2026-10-07 18:59:57,False,CANCELLED,PAYMENT_FAILED,2,2026-10-07 19:00:59,
ORD-20261007-02711,2026-10-07 18:59:28,True,COMPLETED,,2,,
ORD-20261007-02712,2026-10-07 18:59:13,True,COMPLETED,,2,,
ORD-20261007-02713,2026-10-07 19:00:02,True,COMPLETED,,2,,
ORD-20261007-02714,2026-10-07 19:00:18,False,CANCELLED,PAYMENT_FAILED,2,2026-10-07 19:01:14,2026-10-07 19:01:04
ORD-20261007-02715,2026-10-07 19:00:23,False,CANCELLED,PAYMENT_FAILED,1,2026-10-07 19:01:06,
ORD-20261007-02716,2026-10-07 19:00:16,True,COMPLETED,,2,,
ORD-20261007-02717,2026-10-07 19:00:49,True,COMPLETED,,2,,
ORD-20261007-02718,2026-10-07 19:00:50,False,CANCELLED,PAYMENT_FAILED,1,2026-10-07 19:02:06,
ORD-20261007-02719,2026-10-07 19:00:20,False,CANCELLED,PAYMENT_FAILED,1,2026-10-07 19:01:02,2026-10-07 19:00:39
ORD-20261007-02720,2026-10-07 19:00:37,False,COMPLETED,,2,,
ORD-20261007-02721,2026-10-07 19:00:02,True,COMPLETED,,2,,
ORD-20261007-02722,2026-10-07 19:00:51,True,COMPLETED,,2,,
ORD-20261007-02723,2026-10-07 19:00:24,True,COMPLETED,,2,,
ORD-20261007-02724,2026-10-07 19:00:36,False,CANCELLED,PAYMENT_FAILED,1,2026-10-07 19:01:20,2026-10-07 19:01:06
ORD-20261007-02725,2026-10-07 19:00:46,False,CANCELLED,PAYMENT_FAILED,1,2026-10-07 19:01:46,
ORD-20261007-02726,2026-10-07 19:00:33,True,COMPLETED,,1,,
ORD-20261007-02727,2026-10-07 19:00:06,True,COMPLETED,,2,,
ORD-20261007-02728,2026-10-07 19:00:58,True,COMPLETED,,1,,
ORD-20261007-02729,2026-10-07 19:00:50,False,CANCELLED,PAYMENT_FAILED,2,2026-10-07 19:01:34,2026-10-07 19:01:16
ORD-20261007-02730,2026-10-07 19:00:38,True,COMPLETED,,2,,
ORD-20261007-02731,2026-10-07 19:00:55,False,CANCELLED,PAYMENT_FAILED,1,2026-10-07 19:02:03,
ORD-20261007-02732,2026-10-07 19:00:44,True,COMPLETED,,1,,
ORD-20261007-02733,2026-10-07 19:00:34,False,COMPLETED,,1,,
ORD-20261007-02734,2026-10-07 19:00:50,True,COMPLETED,,1,,
ORD-20261007-02735,2026-10-07 19:00:54,False,CANCELLED,PAYMENT_FAILED,1,2026-10-07 19:01:57,2026-10-07 19:01:38
ORD-20261007-02736,2026-10-07 19:00:15,False,CANCELLED,PAYMENT_FAILED,2,2026-10-07 19:01:32,2026-10-07 19:01:20
ORD-20261007-02737,2026-10-07 19:00:52,False,COMPLETED,,2,,
ORD-20261007-02738,2026-10-07 19:00:53,False,COMPLETED,,1,,
ORD-20261007-02739,2026-10-07 19:00:10,True,COMPLETED,,1,,
ORD-20261007-02740,2026-10-07 19:00:40,True,COMPLETED,,2,,
ORD-20261007-02741,2026-10-07 19:00:11,False,COMPLETED,,2,,
ORD-20261007-02742,2026-10-07 19:00:56,False,COMPLETED,,2,,
ORD-20261007-02743,2026-10-07 19:00:12,True,COMPLETED,,2,,
ORD-20261007-02744,2026-10-07 19:00:16,True,COMPLETED,,2,,
ORD-20261007-02745,2026-10-07 19:00:06,True,COMPLETED,,1,,
ORD-20261007-02746,2026-10-07 19:00:31,True,COMPLETED,,2,,
ORD-20261007-02747,2026-10-07 19:00:14,True,COMPLETED,,1,,
ORD-20261007-02748,2026-10-07 19:00:01,False,COMPLETED,,2,,
ORD-20261007-02749,2026-10-07 19:00:21,True,COMPLETED,,1,,
ORD-20261007-02750,2026-10-07 19:00:58,True,COMPLETED,,2,,
ORD-20261007-02751,2026-10-07 19:00:03,True,COMPLETED,,1,,
ORD-20261007-02752,2026-10-07 19:00:12,False,CANCELLED,PAYMENT_FAILED,2,2026-10-07 19:00:59,2026-10-07 19:00:43
ORD-20261007-02753,2026-10-07 19:00:02,True,COMPLETED,,2,,
ORD-20261007-02754,2026-10-07 19:00:15,False,CANCELLED,PAYMENT_FAILED,2,2026-10-07 19:00:54,2026-10-07 19:00:43
ORD-20261007-02755,2026-10-07 19:00:57,True,COMPLETED,,2,,
ORD-20261007-02756,2026-10-07 19:00:50,True,CANCELLED,DISPATCH_TIMEOUT,1,2026-10-07 19:01:30,2026-10-07 19:01:11
ORD-20261007-02757,2026-10-07 19:00:38,True,COMPLETED,,2,,
ORD-20261007-02758,2026-10-07 19:00:51,False,CANCELLED,PAYMENT_FAILED,2,2026-10-07 19:01:39,2026-10-07 19:01:17
ORD-20261007-02759,2026-10-07 19:00:19,True,COMPLETED,,2,,
ORD-20261007-02760,2026-10-07 19:00:27,True,COMPLETED,,1,,
ORD-20261007-02761,2026-10-07 19:01:44,True,COMPLETED,,1,,
ORD-20261007-02762,2026-10-07 19:01:07,False,CANCELLED,PAYMENT_FAILED,1,2026-10-07 19:01:54,2026-10-07 19:01:40
ORD-20261007-02763,2026-10-07 19:01:58,True,COMPLETED,,1,,
ORD-20261007-02764,2026-10-07 19:01:24,True,COMPLETED,,1,,
ORD-20261007-02765,2026-10-07 19:01:36,False,CANCELLED,PAYMENT_FAILED,1,2026-10-07 19:03:02,2026-10-07 19:02:47
ORD-20261007-02766,2026-10-07 19:01:09,True,COMPLETED,,1,,
ORD-20261007-02767,2026-10-07 19:01:50,True,COMPLETED,,1,,
ORD-20261007-02768,2026-10-07 19:01:55,False,CANCELLED,PAYMENT_FAILED,1,2026-10-07 19:03:24,2026-10-07 19:03:05
ORD-20261007-02769,2026-10-07 19:01:29,False,COMPLETED,,2,,
ORD-20261007-02770,2026-10-07 19:01:05,False,COMPLETED,,1,,
ORD-20261007-02771,2026-10-07 19:01:27,True,COMPLETED,,1,,
ORD-20261007-02772,2026-10-07 19:01:02,True,COMPLETED,,2,,
ORD-20261007-02773,2026-10-07 19:01:40,True,COMPLETED,,2,,
ORD-20261007-02774,2026-10-07 19:01:37,False,CANCELLED,PAYMENT_FAILED,2,2026-10-07 19:02:53,
ORD-20261007-02775,2026-10-07 19:01:07,True,COMPLETED,,1,,
ORD-20261007-02776,2026-10-07 19:01:49,True,COMPLETED,,1,,
ORD-20261007-02777,2026-10-07 19:01:00,True,COMPLETED,,2,,
ORD-20261007-02778,2026-10-07 19:01:29,True,COMPLETED,,2,,
ORD-20261007-02779,2026-10-07 19:01:09,True,COMPLETED,,1,,
ORD-20261007-02780,2026-10-07 19:01:32,True,COMPLETED,,1,,
ORD-20261007-02781,2026-10-07 19:01:28,True,COMPLETED,,2,,
ORD-20261007-02782,2026-10-07 19:01:02,True,COMPLETED,,2,,
ORD-20261007-02783,2026-10-07 19:01:43,True,COMPLETED,,1,,
ORD-20261007-02784,2026-10-07 19:01:42,True,COMPLETED,,1,,
ORD-20261007-02785,2026-10-07 19:01:11,True,COMPLETED,,2,,
ORD-20261007-02786,2026-10-07 19:01:02,False,CANCELLED,PAYMENT_FAILED,1,2026-10-07 19:01:49,
ORD-20261007-02787,2026-10-07 19:01:40,True,CANCELLED,RIDER_REJECTION,2,2026-10-07 19:02:40,2026-10-07 19:02:25
ORD-20261007-02788,2026-10-07 19:01:57,True,COMPLETED,,1,,
ORD-20261007-02789,2026-10-07 19:01:35,True,COMPLETED,,1,,
ORD-20261007-02790,2026-10-07 19:01:04,True,COMPLETED,,1,,
ORD-20261007-02791,2026-10-07 19:01:02,True,COMPLETED,,2,,
ORD-20261007-02792,2026-10-07 19:01:43,True,COMPLETED,,2,,
ORD-20261007-02793,2026-10-07 19:01:51,True,COMPLETED,,2,,
ORD-20261007-02794,2026-10-07 19:01:46,False,CANCELLED,PAYMENT_FAILED,2,2026-10-07 19:03:07,2026-10-07 19:02:47
ORD-20261007-02795,2026-10-07 19:01:48,False,CANCELLED,PAYMENT_FAILED,2,2026-10-07 19:03:05,2026-10-07 19:02:52
ORD-20261007-02796,2026-10-07 19:01:29,True,COMPLETED,,1,,
ORD-20261007-02797,2026-10-07 19:01:54,True,COMPLETED,,2,,
ORD-20261007-02798,2026-10-07 19:01:09,True,COMPLETED,,2,,
ORD-20261007-02799,2026-10-07 19:01:06,False,CANCELLED,PAYMENT_FAILED,2,2026-10-07 19:02:23,2026-10-07 19:02:12
ORD-20261007-02800,2026-10-07 19:01:16,True,COMPLETED,,2,,
ORD-20261007-02801,2026-10-07 19:01:04,True,COMPLETED,,2,,
ORD-20261007-02802,2026-10-07 19:01:09,False,CANCELLED,PAYMENT_FAILED,1,2026-10-07 19:02:26,2026-10-07 19:02:08
ORD-20261007-02803,2026-10-07 19:01:34,True,COMPLETED,,2,,
ORD-20261007-02804,2026-10-07 19:01:08,True,COMPLETED,,1,,
ORD-20261007-02805,2026-10-07 19:01:25,True,CANCELLED,DISPATCH_TIMEOUT,1,2026-10-07 19:02:14,2026-10-07 19:01:52
ORD-20261007-02806,2026-10-07 19:01:33,True,COMPLETED,,2,,
ORD-20261007-02807,2026-10-07 19:01:28,True,COMPLETED,,1,,
ORD-20261007-02808,2026-10-07 19:02:17,True,COMPLETED,,1,,
ORD-20261007-02809,2026-10-07 19:02:44,True,COMPLETED,,1,,
ORD-20261007-02810,2026-10-07 19:02:12,True,COMPLETED,,2,,
ORD-20261007-02811,2026-10-07 19:02:15,False,CANCELLED,PAYMENT_FAILED,1,2026-10-07 19:03:39,2026-10-07 19:03:15
ORD-20261007-02812,2026-10-07 19:02:00,False,CANCELLED,PAYMENT_FAILED,2,2026-10-07 19:03:27,
ORD-20261007-02813,2026-10-07 19:02:51,False,CANCELLED,PAYMENT_FAILED,2,2026-10-07 19:04:04,2026-10-07 19:03:43
ORD-20261007-02814,2026-10-07 19:02:38,False,CANCELLED,PAYMENT_FAILED,2,2026-10-07 19:04:07,
ORD-20261007-02815,2026-10-07 19:02:31,False,COMPLETED,,2,,
ORD-20261007-02816,2026-10-07 19:02:00,True,COMPLETED,,1,,
ORD-20261007-02817,2026-10-07 19:02:34,True,COMPLETED,,2,,
ORD-20261007-02818,2026-10-07 19:02:34,False,CANCELLED,PAYMENT_FAILED,2,2026-10-07 19:03:42,2026-10-07 19:03:22
ORD-20261007-02819,2026-10-07 19:02:23,True,COMPLETED,,1,,
ORD-20261007-02820,2026-10-07 19:02:19,True,COMPLETED,,2,,
ORD-20261007-02821,2026-10-07 19:02:13,True,CANCELLED,RIDER_REJECTION,1,2026-10-07 19:03:18,2026-10-07 19:03:03
ORD-20261007-02822,2026-10-07 19:02:15,True,COMPLETED,,1,,
ORD-20261007-02823,2026-10-07 19:02:36,True,CANCELLED,RIDER_REJECTION,2,2026-10-07 19:03:17,2026-10-07 19:03:04
ORD-20261007-02824,2026-10-07 19:02:33,False,COMPLETED,,1,,
ORD-20261007-02825,2026-10-07 19:02:24,True,COMPLETED,,2,,
ORD-20261007-02826,2026-10-07 19:02:23,True,COMPLETED,,1,,
ORD-20261007-02827,2026-10-07 19:02:29,False,COMPLETED,,2,,
ORD-20261007-02828,2026-10-07 19:02:17,False,CANCELLED,PAYMENT_FAILED,2,2026-10-07 19:02:47,
ORD-20261007-02829,2026-10-07 19:02:18,True,COMPLETED,,1,,
ORD-20261007-02830,2026-10-07 19:02:29,False,CANCELLED,PAYMENT_FAILED,2,2026-10-07 19:03:15,2026-10-07 19:03:03
ORD-20261007-02831,2026-10-07 19:02:29,True,COMPLETED,,1,,
ORD-20261007-02832,2026-10-07 19:02:35,False,CANCELLED,PAYMENT_FAILED,1,2026-10-07 19:03:36,
ORD-20261007-02833,2026-10-07 19:02:42,True,COMPLETED,,2,,
ORD-20261007-02834,2026-10-07 19:02:31,True,COMPLETED,,1,,
ORD-20261007-02835,2026-10-07 19:02:57,True,COMPLETED,,1,,
ORD-20261007-02836,2026-10-07 19:02:25,False,CANCELLED,PAYMENT_FAILED,1,2026-10-07 19:03:49,2026-10-07 19:03:25
ORD-20261007-02837,2026-10-07 19:02:54,False,CANCELLED,PAYMENT_FAILED,2,2026-10-07 19:03:48,2026-10-07 19:03:35
ORD-20261007-02838,2026-10-07 19:02:16,True,COMPLETED,,2,,
ORD-20261007-02839,2026-10-07 19:02:47,True,COMPLETED,,1,,
ORD-20261007-02840,2026-10-07 19:02:56,False,CANCELLED,PAYMENT_FAILED,1,2026-10-07 19:03:39,
ORD-20261007-02841,2026-10-07 19:02:24,True,COMPLETED,,2,,
ORD-20261007-02842,2026-10-07 19:02:26,True,COMPLETED,,2,,
ORD-20261007-02843,2026-10-07 19:02:57,True,COMPLETED,,2,,
ORD-20261007-02844,2026-10-07 19:02:36,True,COMPLETED,,2,,
ORD-20261007-02845,2026-10-07 19:02:57,False,CANCELLED,PAYMENT_FAILED,2,2026-10-07 19:03:55,2026-10-07 19:03:37
ORD-20261007-02846,2026-10-07 19:02:26,False,CANCELLED,PAYMENT_FAILED,1,2026-10-07 19:03:35,2026-10-07 19:03:22
ORD-20261007-02847,2026-10-07 19:02:45,False,CANCELLED,PAYMENT_FAILED,2,2026-10-07 19:03:44,
ORD-20261007-02848,2026-10-07 19:02:23,True,COMPLETED,,1,,
ORD-20261007-02849,2026-10-07 19:02:00,False,COMPLETED,,2,,
ORD-20261007-02850,2026-10-07 19:02:40,True,COMPLETED,,1,,
ORD-20261007-02851,2026-10-07 19:02:46,True,COMPLETED,,2,,
ORD-20261007-02852,2026-10-07 19:03:24,True,COMPLETED,,1,,
ORD-20261007-02853,2026-10-07 19:03:28,True,COMPLETED,,2,,
ORD-20261007-02854,2026-10-07 19:03:56,False,COMPLETED,,2,,
ORD-20261007-02855,2026-10-07 19:03:46,False,CANCELLED,PAYMENT_FAILED,2,2026-10-07 19:04:48,2026-10-07 19:04:26
ORD-20261007-02856,2026-10-07 19:03:07,True,COMPLETED,,1,,
ORD-20261007-02857,2026-10-07 19:03:11,False,CANCELLED,PAYMENT_FAILED,2,2026-10-07 19:04:36,2026-10-07 19:04:19
ORD-20261007-02858,2026-10-07 19:03:19,False,CANCELLED,PAYMENT_FAILED,2,2026-10-07 19:04:27,2026-10-07 19:04:06
ORD-20261007-02859,2026-10-07 19:03:54,True,COMPLETED,,2,,
ORD-20261007-02860,2026-10-07 19:03:09,True,COMPLETED,,2,,
ORD-20261007-02861,2026-10-07 19:03:47,False,COMPLETED,,1,,
ORD-20261007-02862,2026-10-07 19:03:07,False,COMPLETED,,2,,
ORD-20261007-02863,2026-10-07 19:03:47,False,CANCELLED,PAYMENT_FAILED,1,2026-10-07 19:04:55,2026-10-07 19:04:38
ORD-20261007-02864,2026-10-07 19:03:39,True,COMPLETED,,1,,
ORD-20261007-02865,2026-10-07 19:03:52,True,COMPLETED,,2,,
ORD-20261007-02866,2026-10-07 19:03:41,False,COMPLETED,,1,,
ORD-20261007-02867,2026-10-07 19:03:03,False,CANCELLED,PAYMENT_FAILED,1,2026-10-07 19:03:50,2026-10-07 19:03:31
ORD-20261007-02868,2026-10-07 19:03:37,False,CANCELLED,PAYMENT_FAILED,1,2026-10-07 19:04:49,
ORD-20261007-02869,2026-10-07 19:03:59,True,COMPLETED,,1,,
ORD-20261007-02870,2026-10-07 19:03:31,False,CANCELLED,PAYMENT_FAILED,2,2026-10-07 19:04:02,2026-10-07 19:03:47
ORD-20261007-02871,2026-10-07 19:03:20,True,CANCELLED,DISPATCH_TIMEOUT,1,2026-10-07 19:04:17,2026-10-07 19:04:06
ORD-20261007-02872,2026-10-07 19:03:17,False,CANCELLED,PAYMENT_FAILED,2,2026-10-07 19:04:06,2026-10-07 19:03:43
ORD-20261007-02873,2026-10-07 19:03:06,True,COMPLETED,,2,,
ORD-20261007-02874,2026-10-07 19:03:36,True,COMPLETED,,1,,
ORD-20261007-02875,2026-10-07 19:03:15,False,COMPLETED,,2,,
ORD-20261007-02876,2026-10-07 19:03:23,True,COMPLETED,,1,,
ORD-20261007-02877,2026-10-07 19:03:55,True,CANCELLED,DISPATCH_TIMEOUT,2,2026-10-07 19:04:41,2026-10-07 19:04:28
ORD-20261007-02878,2026-10-07 19:03:59,True,COMPLETED,,2,,
ORD-20261007-02879,2026-10-07 19:03:51,False,CANCELLED,PAYMENT_FAILED,1,2026-10-07 19:04:50,2026-10-07 19:04:35
ORD-20261007-02880,2026-10-07 19:03:36,True,COMPLETED,,2,,
ORD-20261007-02881,2026-10-07 19:03:40,True,COMPLETED,,1,,
ORD-20261007-02882,2026-10-07 19:03:19,True,COMPLETED,,1,,
ORD-20261007-02883,2026-10-07 19:03:44,True,COMPLETED,,1,,
ORD-20261007-02884,2026-10-07 19:03:41,True,COMPLETED,,2,,
ORD-20261007-02885,2026-10-07 19:03:28,True,COMPLETED,,2,,
ORD-20261007-02886,2026-10-07 19:03:12,True,COMPLETED,,2,,
ORD-20261007-02887,2026-10-07 19:03:15,False,CANCELLED,PAYMENT_FAILED,2,2026-10-07 19:03:46,2026-10-07 19:03:36
ORD-20261007-02888,2026-10-07 19:03:32,True,COMPLETED,,1,,
ORD-20261007-02889,2026-10-07 19:03:13,True,COMPLETED,,1,,
ORD-20261007-02890,2026-10-07 19:03:23,False,COMPLETED,,1,,
ORD-20261007-02891,2026-10-07 19:03:18,True,COMPLETED,,1,,
ORD-20261007-02892,2026-10-07 19:03:42,False,CANCELLED,PAYMENT_FAILED,2,2026-10-07 19:05:08,2026-10-07 19:04:54
ORD-20261007-02893,2026-10-07 19:03:48,False,COMPLETED,,1,,
ORD-20261007-02894,2026-10-07 19:03:21,True,COMPLETED,,1,,
ORD-20261007-02895,2026-10-07 19:03:26,False,CANCELLED,PAYMENT_FAILED,1,2026-10-07 19:04:04,2026-10-07 19:03:42
ORD-20261007-02896,2026-10-07 19:03:51,False,COMPLETED,,2,,
ORD-20261007-02897,2026-10-07 19:03:52,False,COMPLETED,,1,,
ORD-20261007-02898,2026-10-07 19:03:57,True,COMPLETED,,1,,
ORD-20261007-02899,2026-10-07 19:03:16,True,COMPLETED,,1,,
ORD-20261007-02900,2026-10-07 19:04:44,True,COMPLETED,,1,,
ORD-20261007-02901,2026-10-07 19:04:01,True,COMPLETED,,2,,
ORD-20261007-02902,2026-10-07 19:04:37,True,COMPLETED,,2,,
ORD-20261007-02903,2026-10-07 19:04:26,False,CANCELLED,PAYMENT_FAILED,1,2026-10-07 19:05:38,2026-10-07 19:05:14
ORD-20261007-02904,2026-10-07 19:04:43,True,COMPLETED,,1,,
ORD-20261007-02905,2026-10-07 19:04:22,True,COMPLETED,,1,,
ORD-20261007-02906,2026-10-07 19:04:21,False,COMPLETED,,2,,
ORD-20261007-02907,2026-10-07 19:04:28,False,CANCELLED,PAYMENT_FAILED,1,2026-10-07 19:05:42,2026-10-07 19:05:29
ORD-20261007-02908,2026-10-07 19:04:24,False,COMPLETED,,1,,
ORD-20261007-02909,2026-10-07 19:04:40,True,COMPLETED,,1,,
ORD-20261007-02910,2026-10-07 19:04:23,True,COMPLETED,,2,,
ORD-20261007-02911,2026-10-07 19:04:09,True,COMPLETED,,1,,
ORD-20261007-02912,2026-10-07 19:04:40,True,COMPLETED,,1,,
ORD-20261007-02913,2026-10-07 19:04:54,False,CANCELLED,PAYMENT_FAILED,1,2026-10-07 19:05:30,
ORD-20261007-02914,2026-10-07 19:04:20,True,COMPLETED,,1,,
ORD-20261007-02915,2026-10-07 19:04:36,False,CANCELLED,PAYMENT_FAILED,1,2026-10-07 19:05:30,
ORD-20261007-02916,2026-10-07 19:04:59,True,COMPLETED,,1,,
ORD-20261007-02917,2026-10-07 19:04:39,True,COMPLETED,,2,,
ORD-20261007-02918,2026-10-07 19:04:31,True,COMPLETED,,1,,
ORD-20261007-02919,2026-10-07 19:04:08,True,COMPLETED,,1,,
ORD-20261007-02920,2026-10-07 19:04:17,True,COMPLETED,,2,,
ORD-20261007-02921,2026-10-07 19:04:57,True,COMPLETED,,1,,
ORD-20261007-02922,2026-10-07 19:04:01,False,CANCELLED,PAYMENT_FAILED,2,2026-10-07 19:05:29,2026-10-07 19:05:16
ORD-20261007-02923,2026-10-07 19:04:44,False,CANCELLED,PAYMENT_FAILED,1,2026-10-07 19:06:00,2026-10-07 19:05:49
ORD-20261007-02924,2026-10-07 19:04:00,True,CANCELLED,RIDER_REJECTION,2,2026-10-07 19:05:23,
ORD-20261007-02925,2026-10-07 19:04:43,False,CANCELLED,PAYMENT_FAILED,1,2026-10-07 19:05:22,2026-10-07 19:05:07
ORD-20261007-02926,2026-10-07 19:04:22,True,CANCELLED,RIDER_REJECTION,1,2026-10-07 19:04:54,
ORD-20261007-02927,2026-10-07 19:04:46,True,COMPLETED,,2,,
ORD-20261007-02928,2026-10-07 19:04:47,False,COMPLETED,,2,,
ORD-20261007-02929,2026-10-07 19:04:06,True,COMPLETED,,1,,
ORD-20261007-02930,2026-10-07 19:04:40,False,CANCELLED,PAYMENT_FAILED,2,2026-10-07 19:05:49,2026-10-07 19:05:31
ORD-20261007-02931,2026-10-07 19:04:01,True,COMPLETED,,1,,
ORD-20261007-02932,2026-10-07 19:04:35,True,COMPLETED,,1,,
ORD-20261007-02933,2026-10-07 19:04:37,False,CANCELLED,PAYMENT_FAILED,1,2026-10-07 19:05:20,
ORD-20261007-02934,2026-10-07 19:04:53,False,CANCELLED,PAYMENT_FAILED,1,2026-10-07 19:06:09,
ORD-20261007-02935,2026-10-07 19:04:32,True,COMPLETED,,1,,
ORD-20261007-02936,2026-10-07 19:04:59,True,COMPLETED,,1,,
ORD-20261007-02937,2026-10-07 19:04:51,True,COMPLETED,,1,,
ORD-20261007-02938,2026-10-07 19:04:28,False,CANCELLED,PAYMENT_FAILED,2,2026-10-07 19:05:27,2026-10-07 19:05:07
ORD-20261007-02939,2026-10-07 19:04:45,False,CANCELLED,PAYMENT_FAILED,2,2026-10-07 19:05:21,2026-10-07 19:05:01
ORD-20261007-02940,2026-10-07 19:04:51,True,COMPLETED,,2,,
ORD-20261007-02941,2026-10-07 19:04:55,False,CANCELLED,PAYMENT_FAILED,2,2026-10-07 19:05:38,2026-10-07 19:05:26
ORD-20261007-02942,2026-10-07 19:04:29,False,COMPLETED,,1,,
ORD-20261007-02943,2026-10-07 19:04:33,True,COMPLETED,,2,,
ORD-20261007-02944,2026-10-07 19:05:24,False,CANCELLED,PAYMENT_FAILED,2,2026-10-07 19:06:42,2026-10-07 19:06:25
ORD-20261007-02945,2026-10-07 19:05:23,False,COMPLETED,,1,,
ORD-20261007-02946,2026-10-07 19:05:39,True,COMPLETED,,2,,
ORD-20261007-02947,2026-10-07 19:05:22,True,COMPLETED,,1,,
ORD-20261007-02948,2026-10-07 19:05:00,True,COMPLETED,,2,,
ORD-20261007-02949,2026-10-07 19:05:55,True,COMPLETED,,2,,
ORD-20261007-02950,2026-10-07 19:05:13,True,COMPLETED,,2,,
ORD-20261007-02951,2026-10-07 19:05:34,False,COMPLETED,,1,,
ORD-20261007-02952,2026-10-07 19:05:53,True,COMPLETED,,1,,
ORD-20261007-02953,2026-10-07 19:05:05,False,CANCELLED,PAYMENT_FAILED,1,2026-10-07 19:05:43,2026-10-07 19:05:19
ORD-20261007-02954,2026-10-07 19:05:28,True,COMPLETED,,2,,
ORD-20261007-02955,2026-10-07 19:05:03,True,COMPLETED,,1,,
ORD-20261007-02956,2026-10-07 19:05:37,True,COMPLETED,,1,,
ORD-20261007-02957,2026-10-07 19:05:36,True,COMPLETED,,1,,
ORD-20261007-02958,2026-10-07 19:05:25,True,COMPLETED,,2,,
ORD-20261007-02959,2026-10-07 19:05:18,True,COMPLETED,,2,,
ORD-20261007-02960,2026-10-07 19:05:50,True,COMPLETED,,1,,
ORD-20261007-02961,2026-10-07 19:05:34,True,COMPLETED,,2,,
ORD-20261007-02962,2026-10-07 19:05:41,True,COMPLETED,,1,,
ORD-20261007-02963,2026-10-07 19:05:30,True,COMPLETED,,1,,
ORD-20261007-02964,2026-10-07 19:05:41,False,COMPLETED,,1,,
ORD-20261007-02965,2026-10-07 19:05:38,True,COMPLETED,,2,,
ORD-20261007-02966,2026-10-07 19:05:16,True,COMPLETED,,2,,
ORD-20261007-02967,2026-10-07 19:05:30,False,CANCELLED,PAYMENT_FAILED,1,2026-10-07 19:06:02,
ORD-20261007-02968,2026-10-07 19:05:56,True,CANCELLED,DISPATCH_TIMEOUT,2,2026-10-07 19:07:11,2026-10-07 19:07:00
ORD-20261007-02969,2026-10-07 19:05:08,True,COMPLETED,,2,,
ORD-20261007-02970,2026-10-07 19:05:33,True,COMPLETED,,2,,
ORD-20261007-02971,2026-10-07 19:05:07,True,COMPLETED,,1,,
ORD-20261007-02972,2026-10-07 19:05:58,False,CANCELLED,PAYMENT_FAILED,2,2026-10-07 19:06:57,
ORD-20261007-02973,2026-10-07 19:05:30,False,CANCELLED,PAYMENT_FAILED,1,2026-10-07 19:06:14,2026-10-07 19:05:58
ORD-20261007-02974,2026-10-07 19:05:50,True,COMPLETED,,1,,
ORD-20261007-02975,2026-10-07 19:05:44,True,COMPLETED,,2,,
ORD-20261007-02976,2026-10-07 19:05:51,False,CANCELLED,PAYMENT_FAILED,2,2026-10-07 19:07:18,2026-10-07 19:07:02
ORD-20261007-02977,2026-10-07 19:05:31,True,COMPLETED,,1,,
ORD-20261007-02978,2026-10-07 19:05:36,True,COMPLETED,,1,,
ORD-20261007-02979,2026-10-07 19:05:42,True,COMPLETED,,2,,
ORD-20261007-02980,2026-10-07 19:05:21,False,COMPLETED,,1,,
ORD-20261007-02981,2026-10-07 19:05:51,True,COMPLETED,,1,,
ORD-20261007-02982,2026-10-07 19:05:44,False,COMPLETED,,1,,
ORD-20261007-02983,2026-10-07 19:05:03,True,COMPLETED,,1,,
ORD-20261007-02984,2026-10-07 19:05:12,True,COMPLETED,,2,,
ORD-20261007-02985,2026-10-07 19:05:08,True,COMPLETED,,1,,
ORD-20261007-02986,2026-10-07 19:05:50,True,COMPLETED,,2,,
ORD-20261007-02987,2026-10-07 19:05:35,True,COMPLETED,,1,,
ORD-20261007-02988,2026-10-07 19:06:33,True,COMPLETED,,1,,
ORD-20261007-02989,2026-10-07 19:06:31,True,COMPLETED,,1,,
ORD-20261007-02990,2026-10-07 19:06:56,True,COMPLETED,,1,,
ORD-20261007-02991,2026-10-07 19:06:42,True,COMPLETED,,2,,
ORD-20261007-02992,2026-10-07 19:06:31,True,COMPLETED,,1,,
ORD-20261007-02993,2026-10-07 19:06:56,True,COMPLETED,,1,,
ORD-20261007-02994,2026-10-07 19:06:40,True,COMPLETED,,2,,
ORD-20261007-02995,2026-10-07 19:06:12,True,COMPLETED,,1,,
ORD-20261007-02996,2026-10-07 19:06:58,False,CANCELLED,PAYMENT_FAILED,1,2026-10-07 19:07:48,2026-10-07 19:07:33
ORD-20261007-02997,2026-10-07 19:06:58,True,COMPLETED,,2,,
ORD-20261007-02998,2026-10-07 19:06:37,True,COMPLETED,,2,,
ORD-20261007-02999,2026-10-07 19:06:40,True,COMPLETED,,2,,
ORD-20261007-03000,2026-10-07 19:06:04,False,COMPLETED,,2,,
ORD-20261007-03001,2026-10-07 19:06:32,False,CANCELLED,PAYMENT_FAILED,1,2026-10-07 19:07:40,
ORD-20261007-03002,2026-10-07 19:06:32,False,CANCELLED,PAYMENT_FAILED,2,2026-10-07 19:07:23,2026-10-07 19:07:02
ORD-20261007-03003,2026-10-07 19:06:58,False,COMPLETED,,2,,
ORD-20261007-03004,2026-10-07 19:06:45,False,COMPLETED,,2,,
ORD-20261007-03005,2026-10-07 19:06:09,True,COMPLETED,,2,,
ORD-20261007-03006,2026-10-07 19:06:08,True,COMPLETED,,1,,
ORD-20261007-03007,2026-10-07 19:06:46,True,COMPLETED,,2,,
ORD-20261007-03008,2026-10-07 19:06:43,True,COMPLETED,,2,,
ORD-20261007-03009,2026-10-07 19:06:55,True,COMPLETED,,2,,
ORD-20261007-03010,2026-10-07 19:06:41,False,CANCELLED,PAYMENT_FAILED,1,2026-10-07 19:07:22,2026-10-07 19:07:04
ORD-20261007-03011,2026-10-07 19:06:08,False,CANCELLED,PAYMENT_FAILED,2,2026-10-07 19:06:53,
ORD-20261007-03012,2026-10-07 19:06:55,True,COMPLETED,,2,,
ORD-20261007-03013,2026-10-07 19:06:08,False,CANCELLED,PAYMENT_FAILED,2,2026-10-07 19:07:28,2026-10-07 19:07:04
ORD-20261007-03014,2026-10-07 19:06:05,True,COMPLETED,,1,,
ORD-20261007-03015,2026-10-07 19:06:04,False,CANCELLED,PAYMENT_FAILED,1,2026-10-07 19:06:40,2026-10-07 19:06:23
ORD-20261007-03016,2026-10-07 19:06:57,False,COMPLETED,,2,,
ORD-20261007-03017,2026-10-07 19:06:21,False,CANCELLED,PAYMENT_FAILED,1,2026-10-07 19:07:08,2026-10-07 19:06:56
ORD-20261007-03018,2026-10-07 19:06:59,False,CANCELLED,PAYMENT_FAILED,1,2026-10-07 19:07:45,2026-10-07 19:07:35
ORD-20261007-03019,2026-10-07 19:06:16,True,COMPLETED,,1,,
ORD-20261007-03020,2026-10-07 19:06:31,False,COMPLETED,,1,,
ORD-20261007-03021,2026-10-07 19:06:06,True,COMPLETED,,2,,
ORD-20261007-03022,2026-10-07 19:06:08,True,COMPLETED,,1,,
ORD-20261007-03023,2026-10-07 19:06:38,True,COMPLETED,,2,,
ORD-20261007-03024,2026-10-07 19:06:40,True,COMPLETED,,1,,
ORD-20261007-03025,2026-10-07 19:06:37,True,COMPLETED,,1,,
ORD-20261007-03026,2026-10-07 19:06:14,False,CANCELLED,PAYMENT_FAILED,1,2026-10-07 19:07:03,2026-10-07 19:06:53
ORD-20261007-03027,2026-10-07 19:06:39,True,COMPLETED,,2,,
ORD-20261007-03028,2026-10-07 19:06:03,True,COMPLETED,,1,,
ORD-20261007-03029,2026-10-07 19:06:40,True,COMPLETED,,1,,
ORD-20261007-03030,2026-10-07 19:06:42,True,COMPLETED,,2,,
ORD-20261007-03031,2026-10-07 19:06:49,False,CANCELLED,PAYMENT_FAILED,2,2026-10-07 19:07:39,2026-10-07 19:07:16
ORD-20261007-03032,2026-10-07 19:06:46,True,COMPLETED,,1,,
ORD-20261007-03033,2026-10-07 19:06:05,False,CANCELLED,PAYMENT_FAILED,2,2026-10-07 19:06:52,2026-10-07 19:06:39
ORD-20261007-03034,2026-10-07 19:06:10,True,COMPLETED,,2,,
ORD-20261007-03035,2026-10-07 19:06:32,True,COMPLETED,,1,,
ORD-20261007-03036,2026-10-07 19:07:41,True,COMPLETED,,2,,
ORD-20261007-03037,2026-10-07 19:07:56,True,COMPLETED,,2,,
ORD-20261007-03038,2026-10-07 19:07:58,False,COMPLETED,,1,,
ORD-20261007-03039,2026-10-07 19:07:41,True,COMPLETED,,1,,
ORD-20261007-03040,2026-10-07 19:07:03,True,COMPLETED,,2,,
ORD-20261007-03041,2026-10-07 19:07:04,True,COMPLETED,,1,,
ORD-20261007-03042,2026-10-07 19:07:10,False,CANCELLED,PAYMENT_FAILED,2,2026-10-07 19:08:03,
ORD-20261007-03043,2026-10-07 19:07:08,True,COMPLETED,,2,,
ORD-20261007-03044,2026-10-07 19:07:16,True,COMPLETED,,2,,
ORD-20261007-03045,2026-10-07 19:07:44,True,COMPLETED,,2,,
ORD-20261007-03046,2026-10-07 19:07:19,True,COMPLETED,,2,,
ORD-20261007-03047,2026-10-07 19:07:40,True,COMPLETED,,2,,
ORD-20261007-03048,2026-10-07 19:07:49,False,COMPLETED,,2,,
ORD-20261007-03049,2026-10-07 19:07:59,False,CANCELLED,PAYMENT_FAILED,2,2026-10-07 19:08:35,2026-10-07 19:08:19
ORD-20261007-03050,2026-10-07 19:07:14,False,COMPLETED,,1,,
ORD-20261007-03051,2026-10-07 19:07:53,True,COMPLETED,,2,,
ORD-20261007-03052,2026-10-07 19:07:01,False,CANCELLED,PAYMENT_FAILED,1,2026-10-07 19:08:22,
ORD-20261007-03053,2026-10-07 19:07:02,True,COMPLETED,,1,,
ORD-20261007-03054,2026-10-07 19:07:45,True,COMPLETED,,2,,
ORD-20261007-03055,2026-10-07 19:07:04,True,CANCELLED,RIDER_REJECTION,2,2026-10-07 19:07:50,
ORD-20261007-03056,2026-10-07 19:07:48,False,COMPLETED,,2,,
ORD-20261007-03057,2026-10-07 19:07:30,True,COMPLETED,,2,,
ORD-20261007-03058,2026-10-07 19:07:33,True,COMPLETED,,1,,
ORD-20261007-03059,2026-10-07 19:07:27,True,COMPLETED,,1,,
ORD-20261007-03060,2026-10-07 19:07:16,False,CANCELLED,PAYMENT_FAILED,2,2026-10-07 19:07:47,2026-10-07 19:07:35
ORD-20261007-03061,2026-10-07 19:07:28,False,CANCELLED,PAYMENT_FAILED,1,2026-10-07 19:08:49,2026-10-07 19:08:37
ORD-20261007-03062,2026-10-07 19:07:03,False,CANCELLED,PAYMENT_FAILED,2,2026-10-07 19:07:44,2026-10-07 19:07:26
ORD-20261007-03063,2026-10-07 19:07:50,True,COMPLETED,,1,,
ORD-20261007-03064,2026-10-07 19:07:18,True,COMPLETED,,1,,
ORD-20261007-03065,2026-10-07 19:07:13,True,COMPLETED,,2,,
ORD-20261007-03066,2026-10-07 19:07:19,True,CANCELLED,DISPATCH_TIMEOUT,2,2026-10-07 19:07:56,2026-10-07 19:07:35
ORD-20261007-03067,2026-10-07 19:07:34,False,COMPLETED,,2,,
ORD-20261007-03068,2026-10-07 19:07:26,True,COMPLETED,,2,,
ORD-20261007-03069,2026-10-07 19:07:14,False,COMPLETED,,1,,
ORD-20261007-03070,2026-10-07 19:07:05,True,CANCELLED,RIDER_REJECTION,1,2026-10-07 19:07:35,2026-10-07 19:07:18
ORD-20261007-03071,2026-10-07 19:07:18,False,CANCELLED,PAYMENT_FAILED,1,2026-10-07 19:08:24,2026-10-07 19:08:11
ORD-20261007-03072,2026-10-07 19:07:44,True,COMPLETED,,2,,
ORD-20261007-03073,2026-10-07 19:07:47,True,COMPLETED,,2,,
ORD-20261007-03074,2026-10-07 19:07:38,True,COMPLETED,,2,,
ORD-20261007-03075,2026-10-07 19:07:20,True,COMPLETED,,2,,
ORD-20261007-03076,2026-10-07 19:07:27,True,COMPLETED,,1,,
ORD-20261007-03077,2026-10-07 19:07:44,False,CANCELLED,PAYMENT_FAILED,2,2026-10-07 19:09:02,
ORD-20261007-03078,2026-10-07 19:07:53,False,COMPLETED,,2,,
ORD-20261007-03079,2026-10-07 19:07:53,True,COMPLETED,,2,,
ORD-20261007-03080,2026-10-07 19:08:36,True,COMPLETED,,1,,
ORD-20261007-03081,2026-10-07 19:08:31,True,COMPLETED,,2,,
ORD-20261007-03082,2026-10-07 19:08:52,True,COMPLETED,,2,,
ORD-20261007-03083,2026-10-07 19:08:17,True,COMPLETED,,2,,
ORD-20261007-03084,2026-10-07 19:08:15,True,COMPLETED,,1,,
ORD-20261007-03085,2026-10-07 19:08:05,True,COMPLETED,,1,,
ORD-20261007-03086,2026-10-07 19:08:43,True,COMPLETED,,1,,
ORD-20261007-03087,2026-10-07 19:08:06,True,COMPLETED,,2,,
ORD-20261007-03088,2026-10-07 19:08:41,False,CANCELLED,PAYMENT_FAILED,1,2026-10-07 19:09:35,2026-10-07 19:09:15
ORD-20261007-03089,2026-10-07 19:08:13,True,COMPLETED,,1,,
ORD-20261007-03090,2026-10-07 19:08:12,True,COMPLETED,,2,,
ORD-20261007-03091,2026-10-07 19:08:54,True,COMPLETED,,1,,
ORD-20261007-03092,2026-10-07 19:08:02,True,COMPLETED,,1,,
ORD-20261007-03093,2026-10-07 19:08:36,True,COMPLETED,,2,,
ORD-20261007-03094,2026-10-07 19:08:03,True,COMPLETED,,2,,
ORD-20261007-03095,2026-10-07 19:08:36,True,COMPLETED,,1,,
ORD-20261007-03096,2026-10-07 19:08:13,False,CANCELLED,PAYMENT_FAILED,2,2026-10-07 19:09:13,2026-10-07 19:08:59
ORD-20261007-03097,2026-10-07 19:08:46,True,COMPLETED,,2,,
ORD-20261007-03098,2026-10-07 19:08:37,False,COMPLETED,,1,,
ORD-20261007-03099,2026-10-07 19:08:10,True,COMPLETED,,2,,
ORD-20261007-03100,2026-10-07 19:08:23,True,CANCELLED,DISPATCH_TIMEOUT,2,2026-10-07 19:09:37,2026-10-07 19:09:17
ORD-20261007-03101,2026-10-07 19:08:26,True,COMPLETED,,2,,
ORD-20261007-03102,2026-10-07 19:08:54,True,COMPLETED,,2,,
ORD-20261007-03103,2026-10-07 19:08:30,False,CANCELLED,PAYMENT_FAILED,1,2026-10-07 19:09:11,
ORD-20261007-03104,2026-10-07 19:08:01,True,COMPLETED,,2,,
ORD-20261007-03105,2026-10-07 19:08:24,True,CANCELLED,RIDER_REJECTION,1,2026-10-07 19:09:22,2026-10-07 19:09:04
ORD-20261007-03106,2026-10-07 19:08:54,True,COMPLETED,,1,,
ORD-20261007-03107,2026-10-07 19:08:34,False,CANCELLED,PAYMENT_FAILED,1,2026-10-07 19:09:37,2026-10-07 19:09:22
ORD-20261007-03108,2026-10-07 19:08:45,True,COMPLETED,,1,,
ORD-20261007-03109,2026-10-07 19:08:45,True,COMPLETED,,1,,
ORD-20261007-03110,2026-10-07 19:08:56,True,COMPLETED,,2,,
ORD-20261007-03111,2026-10-07 19:08:10,True,COMPLETED,,2,,
ORD-20261007-03112,2026-10-07 19:08:17,False,CANCELLED,PAYMENT_FAILED,2,2026-10-07 19:08:50,2026-10-07 19:08:34
ORD-20261007-03113,2026-10-07 19:08:18,False,COMPLETED,,2,,
ORD-20261007-03114,2026-10-07 19:08:48,False,CANCELLED,PAYMENT_FAILED,1,2026-10-07 19:09:20,2026-10-07 19:09:07
ORD-20261007-03115,2026-10-07 19:08:21,False,CANCELLED,PAYMENT_FAILED,2,2026-10-07 19:09:12,2026-10-07 19:09:00
ORD-20261007-03116,2026-10-07 19:08:56,True,COMPLETED,,1,,
ORD-20261007-03117,2026-10-07 19:08:25,False,COMPLETED,,1,,
ORD-20261007-03118,2026-10-07 19:08:14,False,CANCELLED,PAYMENT_FAILED,1,2026-10-07 19:09:28,2026-10-07 19:09:05
ORD-20261007-03119,2026-10-07 19:08:45,False,COMPLETED,,2,,
ORD-20261007-03120,2026-10-07 19:08:20,False,CANCELLED,PAYMENT_FAILED,2,2026-10-07 19:09:22,2026-10-07 19:09:01
ORD-20261007-03121,2026-10-07 19:08:19,True,COMPLETED,,2,,
ORD-20261007-03122,2026-10-07 19:09:35,True,COMPLETED,,2,,
ORD-20261007-03123,2026-10-07 19:09:00,True,COMPLETED,,2,,
ORD-20261007-03124,2026-10-07 19:09:30,False,CANCELLED,PAYMENT_FAILED,2,2026-10-07 19:10:19,
ORD-20261007-03125,2026-10-07 19:09:38,True,COMPLETED,,1,,
ORD-20261007-03126,2026-10-07 19:09:18,True,COMPLETED,,1,,
ORD-20261007-03127,2026-10-07 19:09:06,False,CANCELLED,PAYMENT_FAILED,1,2026-10-07 19:10:05,2026-10-07 19:09:45
ORD-20261007-03128,2026-10-07 19:09:02,False,COMPLETED,,2,,
ORD-20261007-03129,2026-10-07 19:09:39,True,COMPLETED,,1,,
ORD-20261007-03130,2026-10-07 19:09:30,True,COMPLETED,,1,,
ORD-20261007-03131,2026-10-07 19:09:29,False,COMPLETED,,1,,
ORD-20261007-03132,2026-10-07 19:09:17,True,COMPLETED,,2,,
ORD-20261007-03133,2026-10-07 19:09:46,False,CANCELLED,PAYMENT_FAILED,2,2026-10-07 19:10:53,
ORD-20261007-03134,2026-10-07 19:09:18,True,COMPLETED,,2,,
ORD-20261007-03135,2026-10-07 19:09:44,True,COMPLETED,,2,,
ORD-20261007-03136,2026-10-07 19:09:11,False,COMPLETED,,2,,
ORD-20261007-03137,2026-10-07 19:09:20,True,COMPLETED,,2,,
ORD-20261007-03138,2026-10-07 19:09:37,False,CANCELLED,PAYMENT_FAILED,1,2026-10-07 19:10:35,2026-10-07 19:10:19
ORD-20261007-03139,2026-10-07 19:09:14,True,COMPLETED,,1,,
ORD-20261007-03140,2026-10-07 19:09:06,True,COMPLETED,,2,,
ORD-20261007-03141,2026-10-07 19:09:04,True,COMPLETED,,1,,
ORD-20261007-03142,2026-10-07 19:09:11,False,CANCELLED,PAYMENT_FAILED,2,2026-10-07 19:10:12,2026-10-07 19:09:48
ORD-20261007-03143,2026-10-07 19:09:39,True,COMPLETED,,2,,
ORD-20261007-03144,2026-10-07 19:09:20,True,COMPLETED,,2,,
ORD-20261007-03145,2026-10-07 19:09:25,False,COMPLETED,,1,,
ORD-20261007-03146,2026-10-07 19:09:22,False,COMPLETED,,2,,
ORD-20261007-03147,2026-10-07 19:09:37,False,CANCELLED,PAYMENT_FAILED,2,2026-10-07 19:10:56,2026-10-07 19:10:41
ORD-20261007-03148,2026-10-07 19:09:29,True,COMPLETED,,1,,
ORD-20261007-03149,2026-10-07 19:09:23,True,COMPLETED,,1,,
ORD-20261007-03150,2026-10-07 19:09:43,True,COMPLETED,,1,,
ORD-20261007-03151,2026-10-07 19:09:02,False,CANCELLED,PAYMENT_FAILED,1,2026-10-07 19:10:15,2026-10-07 19:10:05
ORD-20261007-03152,2026-10-07 19:09:23,False,COMPLETED,,1,,
ORD-20261007-03153,2026-10-07 19:09:16,True,COMPLETED,,1,,
ORD-20261007-03154,2026-10-07 19:09:04,True,COMPLETED,,2,,
ORD-20261007-03155,2026-10-07 19:09:20,True,COMPLETED,,2,,
ORD-20261007-03156,2026-10-07 19:09:33,True,COMPLETED,,2,,
ORD-20261007-03157,2026-10-07 19:09:40,True,COMPLETED,,1,,
ORD-20261007-03158,2026-10-07 19:09:03,True,COMPLETED,,2,,
ORD-20261007-03159,2026-10-07 19:09:10,False,COMPLETED,,2,,
ORD-20261007-03160,2026-10-07 19:09:12,True,COMPLETED,,2,,
ORD-20261007-03161,2026-10-07 19:09:52,False,COMPLETED,,2,,
ORD-20261007-03162,2026-10-07 19:09:32,False,CANCELLED,PAYMENT_FAILED,2,2026-10-07 19:10:58,2026-10-07 19:10:41
ORD-20261007-03163,2026-10-07 19:09:57,True,COMPLETED,,1,,
ORD-20261007-03164,2026-10-07 19:09:21,True,COMPLETED,,2,,
ORD-20261007-03165,2026-10-07 19:09:42,False,COMPLETED,,2,,
ORD-20261007-03166,2026-10-07 19:09:02,True,COMPLETED,,2,,
ORD-20261007-03167,2026-10-07 19:10:19,True,COMPLETED,,2,,
ORD-20261007-03168,2026-10-07 19:10:26,True,COMPLETED,,1,,
ORD-20261007-03169,2026-10-07 19:10:45,True,CANCELLED,DISPATCH_TIMEOUT,1,2026-10-07 19:11:59,
ORD-20261007-03170,2026-10-07 19:10:29,True,COMPLETED,,2,,
ORD-20261007-03171,2026-10-07 19:10:55,False,COMPLETED,,1,,
ORD-20261007-03172,2026-10-07 19:10:13,True,COMPLETED,,2,,
ORD-20261007-03173,2026-10-07 19:10:54,True,COMPLETED,,2,,
ORD-20261007-03174,2026-10-07 19:10:10,False,CANCELLED,PAYMENT_FAILED,2,2026-10-07 19:10:54,
ORD-20261007-03175,2026-10-07 19:10:36,True,COMPLETED,,2,,
ORD-20261007-03176,2026-10-07 19:10:39,False,CANCELLED,PAYMENT_FAILED,2,2026-10-07 19:11:16,2026-10-07 19:10:54
ORD-20261007-03177,2026-10-07 19:10:53,True,COMPLETED,,2,,
ORD-20261007-03178,2026-10-07 19:10:39,True,COMPLETED,,2,,
ORD-20261007-03179,2026-10-07 19:10:32,False,CANCELLED,PAYMENT_FAILED,2,2026-10-07 19:11:40,
ORD-20261007-03180,2026-10-07 19:10:02,True,COMPLETED,,1,,
ORD-20261007-03181,2026-10-07 19:10:58,False,CANCELLED,PAYMENT_FAILED,2,2026-10-07 19:11:53,2026-10-07 19:11:42
ORD-20261007-03182,2026-10-07 19:10:17,False,COMPLETED,,1,,
ORD-20261007-03183,2026-10-07 19:10:51,True,COMPLETED,,1,,
ORD-20261007-03184,2026-10-07 19:10:17,False,COMPLETED,,1,,
ORD-20261007-03185,2026-10-07 19:10:00,False,COMPLETED,,1,,
ORD-20261007-03186,2026-10-07 19:10:32,True,COMPLETED,,1,,
ORD-20261007-03187,2026-10-07 19:10:04,True,COMPLETED,,1,,
ORD-20261007-03188,2026-10-07 19:10:07,True,COMPLETED,,1,,
ORD-20261007-03189,2026-10-07 19:10:00,False,CANCELLED,PAYMENT_FAILED,1,2026-10-07 19:11:10,
ORD-20261007-03190,2026-10-07 19:10:46,True,COMPLETED,,1,,
ORD-20261007-03191,2026-10-07 19:10:19,True,COMPLETED,,2,,
ORD-20261007-03192,2026-10-07 19:10:26,True,COMPLETED,,2,,
ORD-20261007-03193,2026-10-07 19:10:53,False,CANCELLED,PAYMENT_FAILED,2,2026-10-07 19:11:23,2026-10-07 19:11:11
ORD-20261007-03194,2026-10-07 19:10:12,True,COMPLETED,,2,,
ORD-20261007-03195,2026-10-07 19:10:24,True,COMPLETED,,1,,
ORD-20261007-03196,2026-10-07 19:10:47,True,COMPLETED,,2,,
ORD-20261007-03197,2026-10-07 19:10:26,True,COMPLETED,,1,,
ORD-20261007-03198,2026-10-07 19:10:04,True,COMPLETED,,2,,
ORD-20261007-03199,2026-10-07 19:10:08,True,COMPLETED,,1,,
ORD-20261007-03200,2026-10-07 19:10:30,False,COMPLETED,,2,,
ORD-20261007-03201,2026-10-07 19:10:50,True,CANCELLED,DISPATCH_TIMEOUT,1,2026-10-07 19:12:14,2026-10-07 19:12:02
ORD-20261007-03202,2026-10-07 19:10:57,False,CANCELLED,PAYMENT_FAILED,1,2026-10-07 19:11:46,2026-10-07 19:11:33
ORD-20261007-03203,2026-10-07 19:10:24,False,CANCELLED,PAYMENT_FAILED,2,2026-10-07 19:10:59,
ORD-20261007-03204,2026-10-07 19:10:39,True,COMPLETED,,1,,
ORD-20261007-03205,2026-10-07 19:10:02,True,COMPLETED,,2,,
ORD-20261007-03206,2026-10-07 19:10:34,True,COMPLETED,,2,,
ORD-20261007-03207,2026-10-07 19:10:13,False,CANCELLED,PAYMENT_FAILED,1,2026-10-07 19:11:23,2026-10-07 19:11:02
ORD-20261007-03208,2026-10-07 19:10:00,False,CANCELLED,PAYMENT_FAILED,1,2026-10-07 19:10:53,2026-10-07 19:10:43
ORD-20261007-03209,2026-10-07 19:10:48,True,COMPLETED,,1,,
ORD-20261007-03210,2026-10-07 19:10:25,True,COMPLETED,,1,,
ORD-20261007-03211,2026-10-07 19:10:34,True,COMPLETED,,2,,
ORD-20261007-03212,2026-10-07 19:10:15,True,COMPLETED,,1,,
ORD-20261007-03213,2026-10-07 19:10:25,True,COMPLETED,,1,,
ORD-20261007-03214,2026-10-07 19:11:42,True,COMPLETED,,2,,
ORD-20261007-03215,2026-10-07 19:11:00,True,COMPLETED,,1,,
ORD-20261007-03216,2026-10-07 19:11:48,False,CANCELLED,PAYMENT_FAILED,2,2026-10-07 19:12:54,
ORD-20261007-03217,2026-10-07 19:11:26,False,CANCELLED,PAYMENT_FAILED,1,2026-10-07 19:12:39,2026-10-07 19:12:29
ORD-20261007-03218,2026-10-07 19:11:27,False,CANCELLED,PAYMENT_FAILED,2,2026-10-07 19:12:28,
ORD-20261007-03219,2026-10-07 19:11:16,True,COMPLETED,,1,,
ORD-20261007-03220,2026-10-07 19:11:10,True,COMPLETED,,2,,
ORD-20261007-03221,2026-10-07 19:11:17,True,COMPLETED,,2,,
ORD-20261007-03222,2026-10-07 19:11:20,True,COMPLETED,,2,,
ORD-20261007-03223,2026-10-07 19:11:02,True,COMPLETED,,2,,
ORD-20261007-03224,2026-10-07 19:11:55,True,CANCELLED,DISPATCH_TIMEOUT,2,2026-10-07 19:12:31,2026-10-07 19:12:15
ORD-20261007-03225,2026-10-07 19:11:41,False,COMPLETED,,1,,
ORD-20261007-03226,2026-10-07 19:11:24,False,COMPLETED,,2,,
ORD-20261007-03227,2026-10-07 19:11:50,False,CANCELLED,PAYMENT_FAILED,1,2026-10-07 19:12:26,2026-10-07 19:12:05
ORD-20261007-03228,2026-10-07 19:11:25,True,COMPLETED,,2,,
ORD-20261007-03229,2026-10-07 19:11:47,True,COMPLETED,,1,,
ORD-20261007-03230,2026-10-07 19:11:51,True,COMPLETED,,1,,
ORD-20261007-03231,2026-10-07 19:11:11,True,COMPLETED,,1,,
ORD-20261007-03232,2026-10-07 19:11:28,False,COMPLETED,,2,,
ORD-20261007-03233,2026-10-07 19:11:40,True,CANCELLED,RIDER_REJECTION,1,2026-10-07 19:12:57,2026-10-07 19:12:43
ORD-20261007-03234,2026-10-07 19:11:11,False,CANCELLED,PAYMENT_FAILED,2,2026-10-07 19:11:52,2026-10-07 19:11:40
ORD-20261007-03235,2026-10-07 19:11:18,False,CANCELLED,PAYMENT_FAILED,2,2026-10-07 19:12:20,2026-10-07 19:12:04
ORD-20261007-03236,2026-10-07 19:11:39,False,CANCELLED,PAYMENT_FAILED,1,2026-10-07 19:13:00,
ORD-20261007-03237,2026-10-07 19:11:48,True,COMPLETED,,1,,
ORD-20261007-03238,2026-10-07 19:11:55,False,CANCELLED,PAYMENT_FAILED,1,2026-10-07 19:12:57,2026-10-07 19:12:40
ORD-20261007-03239,2026-10-07 19:11:12,True,COMPLETED,,2,,
ORD-20261007-03240,2026-10-07 19:11:26,False,COMPLETED,,1,,
ORD-20261007-03241,2026-10-07 19:11:14,False,CANCELLED,PAYMENT_FAILED,1,2026-10-07 19:12:26,
ORD-20261007-03242,2026-10-07 19:11:30,True,COMPLETED,,2,,
ORD-20261007-03243,2026-10-07 19:11:31,True,COMPLETED,,1,,
ORD-20261007-03244,2026-10-07 19:11:13,True,COMPLETED,,1,,
ORD-20261007-03245,2026-10-07 19:11:11,False,COMPLETED,,2,,
ORD-20261007-03246,2026-10-07 19:11:23,False,CANCELLED,PAYMENT_FAILED,2,2026-10-07 19:12:34,2026-10-07 19:12:15
ORD-20261007-03247,2026-10-07 19:11:55,False,COMPLETED,,1,,
ORD-20261007-03248,2026-10-07 19:11:18,True,CANCELLED,RIDER_REJECTION,2,2026-10-07 19:12:14,2026-10-07 19:11:50
ORD-20261007-03249,2026-10-07 19:11:57,True,COMPLETED,,1,,
ORD-20261007-03250,2026-10-07 19:11:32,True,COMPLETED,,1,,
ORD-20261007-03251,2026-10-07 19:11:49,True,COMPLETED,,1,,
ORD-20261007-03252,2026-10-07 19:11:33,False,CANCELLED,PAYMENT_FAILED,1,2026-10-07 19:12:16,2026-10-07 19:12:02
ORD-20261007-03253,2026-10-07 19:11:39,True,COMPLETED,,1,,
ORD-20261007-03254,2026-10-07 19:11:49,True,COMPLETED,,2,,
ORD-20261007-03255,2026-10-07 19:11:40,True,COMPLETED,,2,,
ORD-20261007-03256,2026-10-07 19:11:47,True,COMPLETED,,1,,
ORD-20261007-03257,2026-10-07 19:12:59,True,COMPLETED,,2,,
ORD-20261007-03258,2026-10-07 19:12:06,True,COMPLETED,,2,,
ORD-20261007-03259,2026-10-07 19:12:46,True,COMPLETED,,2,,
ORD-20261007-03260,2026-10-07 19:12:31,True,COMPLETED,,1,,
ORD-20261007-03261,2026-10-07 19:12:36,True,COMPLETED,,1,,
ORD-20261007-03262,2026-10-07 19:12:45,True,COMPLETED,,2,,
ORD-20261007-03263,2026-10-07 19:12:36,True,COMPLETED,,2,,
ORD-20261007-03264,2026-10-07 19:12:40,False,CANCELLED,PAYMENT_FAILED,2,2026-10-07 19:13:45,2026-10-07 19:13:27
ORD-20261007-03265,2026-10-07 19:12:26,True,COMPLETED,,2,,
ORD-20261007-03266,2026-10-07 19:12:54,False,CANCELLED,PAYMENT_FAILED,2,2026-10-07 19:13:58,2026-10-07 19:13:34
ORD-20261007-03267,2026-10-07 19:12:35,True,COMPLETED,,1,,
ORD-20261007-03268,2026-10-07 19:12:46,True,COMPLETED,,1,,
ORD-20261007-03269,2026-10-07 19:12:16,True,COMPLETED,,1,,
ORD-20261007-03270,2026-10-07 19:12:07,True,COMPLETED,,2,,
ORD-20261007-03271,2026-10-07 19:12:57,True,COMPLETED,,2,,
ORD-20261007-03272,2026-10-07 19:12:01,False,CANCELLED,PAYMENT_FAILED,1,2026-10-07 19:13:29,2026-10-07 19:13:11
ORD-20261007-03273,2026-10-07 19:12:15,True,COMPLETED,,1,,
ORD-20261007-03274,2026-10-07 19:12:06,False,CANCELLED,PAYMENT_FAILED,1,2026-10-07 19:13:01,2026-10-07 19:12:39
ORD-20261007-03275,2026-10-07 19:12:37,True,COMPLETED,,2,,
ORD-20261007-03276,2026-10-07 19:12:17,True,CANCELLED,DISPATCH_TIMEOUT,1,2026-10-07 19:13:00,
ORD-20261007-03277,2026-10-07 19:12:56,True,COMPLETED,,1,,
ORD-20261007-03278,2026-10-07 19:12:00,True,COMPLETED,,2,,
ORD-20261007-03279,2026-10-07 19:12:41,False,CANCELLED,PAYMENT_FAILED,1,2026-10-07 19:13:13,2026-10-07 19:13:03
ORD-20261007-03280,2026-10-07 19:12:31,False,CANCELLED,PAYMENT_FAILED,1,2026-10-07 19:13:29,2026-10-07 19:13:17
ORD-20261007-03281,2026-10-07 19:12:33,True,COMPLETED,,2,,
ORD-20261007-03282,2026-10-07 19:12:54,False,COMPLETED,,1,,
ORD-20261007-03283,2026-10-07 19:12:42,True,COMPLETED,,2,,
ORD-20261007-03284,2026-10-07 19:12:44,False,CANCELLED,PAYMENT_FAILED,2,2026-10-07 19:13:29,2026-10-07 19:13:17
ORD-20261007-03285,2026-10-07 19:12:41,True,COMPLETED,,1,,
ORD-20261007-03286,2026-10-07 19:12:00,False,CANCELLED,PAYMENT_FAILED,2,2026-10-07 19:13:16,2026-10-07 19:13:05
ORD-20261007-03287,2026-10-07 19:12:26,False,COMPLETED,,1,,
ORD-20261007-03288,2026-10-07 19:12:10,True,COMPLETED,,2,,
ORD-20261007-03289,2026-10-07 19:12:50,True,COMPLETED,,2,,
ORD-20261007-03290,2026-10-07 19:12:08,False,COMPLETED,,1,,
ORD-20261007-03291,2026-10-07 19:12:14,True,COMPLETED,,2,,
ORD-20261007-03292,2026-10-07 19:12:17,False,COMPLETED,,2,,
ORD-20261007-03293,2026-10-07 19:12:46,True,COMPLETED,,2,,
ORD-20261007-03294,2026-10-07 19:12:48,False,CANCELLED,PAYMENT_FAILED,2,2026-10-07 19:13:57,2026-10-07 19:13:47
ORD-20261007-03295,2026-10-07 19:12:47,False,CANCELLED,PAYMENT_FAILED,1,2026-10-07 19:13:53,2026-10-07 19:13:35
ORD-20261007-03296,2026-10-07 19:12:21,False,CANCELLED,PAYMENT_FAILED,1,2026-10-07 19:12:52,2026-10-07 19:12:31
ORD-20261007-03297,2026-10-07 19:12:05,False,CANCELLED,PAYMENT_FAILED,2,2026-10-07 19:12:59,2026-10-07 19:12:49
ORD-20261007-03298,2026-10-07 19:12:15,True,CANCELLED,DISPATCH_TIMEOUT,2,2026-10-07 19:13:20,2026-10-07 19:12:59
ORD-20261007-03299,2026-10-07 19:12:43,False,CANCELLED,PAYMENT_FAILED,2,2026-10-07 19:13:41,2026-10-07 19:13:17
ORD-20261007-03300,2026-10-07 19:12:06,True,COMPLETED,,1,,
ORD-20261007-03301,2026-10-07 19:12:56,True,COMPLETED,,1,,
ORD-20261007-03302,2026-10-07 19:13:14,True,COMPLETED,,1,,
ORD-20261007-03303,2026-10-07 19:13:13,False,COMPLETED,,2,,
ORD-20261007-03304,2026-10-07 19:13:31,True,COMPLETED,,2,,
ORD-20261007-03305,2026-10-07 19:13:55,True,COMPLETED,,2,,
ORD-20261007-03306,2026-10-07 19:13:17,True,COMPLETED,,2,,
ORD-20261007-03307,2026-10-07 19:13:32,False,CANCELLED,PAYMENT_FAILED,1,2026-10-07 19:14:33,2026-10-07 19:14:10
ORD-20261007-03308,2026-10-07 19:13:09,False,CANCELLED,PAYMENT_FAILED,2,2026-10-07 19:14:25,
ORD-20261007-03309,2026-10-07 19:13:04,False,CANCELLED,PAYMENT_FAILED,1,2026-10-07 19:14:00,
ORD-20261007-03310,2026-10-07 19:13:42,True,COMPLETED,,1,,
ORD-20261007-03311,2026-10-07 19:13:50,False,CANCELLED,PAYMENT_FAILED,1,2026-10-07 19:14:30,2026-10-07 19:14:06
ORD-20261007-03312,2026-10-07 19:13:30,True,COMPLETED,,2,,
ORD-20261007-03313,2026-10-07 19:13:39,True,COMPLETED,,2,,
ORD-20261007-03314,2026-10-07 19:13:23,True,COMPLETED,,1,,
ORD-20261007-03315,2026-10-07 19:13:13,True,COMPLETED,,2,,
ORD-20261007-03316,2026-10-07 19:13:46,True,COMPLETED,,1,,
ORD-20261007-03317,2026-10-07 19:13:08,False,CANCELLED,PAYMENT_FAILED,2,2026-10-07 19:14:14,2026-10-07 19:13:56
ORD-20261007-03318,2026-10-07 19:13:11,True,COMPLETED,,2,,
ORD-20261007-03319,2026-10-07 19:13:22,True,COMPLETED,,2,,
ORD-20261007-03320,2026-10-07 19:13:18,False,COMPLETED,,1,,
ORD-20261007-03321,2026-10-07 19:13:13,False,CANCELLED,PAYMENT_FAILED,1,2026-10-07 19:14:26,2026-10-07 19:14:05
ORD-20261007-03322,2026-10-07 19:13:40,False,COMPLETED,,1,,
ORD-20261007-03323,2026-10-07 19:13:47,False,CANCELLED,PAYMENT_FAILED,2,2026-10-07 19:15:13,
ORD-20261007-03324,2026-10-07 19:13:11,True,COMPLETED,,1,,
ORD-20261007-03325,2026-10-07 19:13:22,True,COMPLETED,,1,,
ORD-20261007-03326,2026-10-07 19:13:57,False,CANCELLED,PAYMENT_FAILED,1,2026-10-07 19:15:21,
ORD-20261007-03327,2026-10-07 19:13:31,True,COMPLETED,,2,,
ORD-20261007-03328,2026-10-07 19:13:41,False,COMPLETED,,1,,
ORD-20261007-03329,2026-10-07 19:13:37,True,COMPLETED,,2,,
ORD-20261007-03330,2026-10-07 19:13:47,True,COMPLETED,,2,,
ORD-20261007-03331,2026-10-07 19:13:26,True,CANCELLED,DISPATCH_TIMEOUT,2,2026-10-07 19:14:00,2026-10-07 19:13:42
ORD-20261007-03332,2026-10-07 19:13:43,False,CANCELLED,PAYMENT_FAILED,2,2026-10-07 19:14:54,2026-10-07 19:14:30
ORD-20261007-03333,2026-10-07 19:13:11,True,COMPLETED,,1,,
ORD-20261007-03334,2026-10-07 19:13:19,True,COMPLETED,,1,,
ORD-20261007-03335,2026-10-07 19:13:19,False,CANCELLED,PAYMENT_FAILED,2,2026-10-07 19:14:15,2026-10-07 19:14:00
ORD-20261007-03336,2026-10-07 19:13:51,False,CANCELLED,PAYMENT_FAILED,1,2026-10-07 19:15:02,2026-10-07 19:14:45
ORD-20261007-03337,2026-10-07 19:13:20,False,CANCELLED,PAYMENT_FAILED,1,2026-10-07 19:14:32,2026-10-07 19:14:19
ORD-20261007-03338,2026-10-07 19:13:32,True,COMPLETED,,1,,
ORD-20261007-03339,2026-10-07 19:13:39,True,COMPLETED,,1,,
ORD-20261007-03340,2026-10-07 19:13:52,True,CANCELLED,DISPATCH_TIMEOUT,1,2026-10-07 19:14:39,2026-10-07 19:14:21
ORD-20261007-03341,2026-10-07 19:13:00,True,COMPLETED,,2,,
ORD-20261007-03342,2026-10-07 19:13:40,False,CANCELLED,PAYMENT_FAILED,2,2026-10-07 19:14:39,2026-10-07 19:14:17
ORD-20261007-03343,2026-10-07 19:13:33,False,CANCELLED,PAYMENT_FAILED,2,2026-10-07 19:14:34,
ORD-20261007-03344,2026-10-07 19:14:28,False,CANCELLED,PAYMENT_FAILED,2,2026-10-07 19:15:33,2026-10-07 19:15:22
ORD-20261007-03345,2026-10-07 19:14:46,True,COMPLETED,,1,,
ORD-20261007-03346,2026-10-07 19:14:36,False,CANCELLED,PAYMENT_FAILED,2,2026-10-07 19:15:12,2026-10-07 19:14:58
ORD-20261007-03347,2026-10-07 19:14:08,True,COMPLETED,,1,,
ORD-20261007-03348,2026-10-07 19:14:33,False,CANCELLED,PAYMENT_FAILED,2,2026-10-07 19:15:48,2026-10-07 19:15:36
ORD-20261007-03349,2026-10-07 19:14:49,True,COMPLETED,,2,,
ORD-20261007-03350,2026-10-07 19:14:10,True,COMPLETED,,1,,
ORD-20261007-03351,2026-10-07 19:14:30,False,CANCELLED,PAYMENT_FAILED,1,2026-10-07 19:15:00,2026-10-07 19:14:44
ORD-20261007-03352,2026-10-07 19:14:16,True,COMPLETED,,1,,
ORD-20261007-03353,2026-10-07 19:14:59,False,CANCELLED,PAYMENT_FAILED,2,2026-10-07 19:15:30,
ORD-20261007-03354,2026-10-07 19:14:07,True,COMPLETED,,2,,
ORD-20261007-03355,2026-10-07 19:14:18,False,CANCELLED,PAYMENT_FAILED,1,2026-10-07 19:15:30,2026-10-07 19:15:14
ORD-20261007-03356,2026-10-07 19:14:52,False,CANCELLED,PAYMENT_FAILED,2,2026-10-07 19:15:45,
ORD-20261007-03357,2026-10-07 19:14:56,True,COMPLETED,,2,,
ORD-20261007-03358,2026-10-07 19:14:46,True,COMPLETED,,1,,
ORD-20261007-03359,2026-10-07 19:14:50,True,COMPLETED,,1,,
ORD-20261007-03360,2026-10-07 19:14:18,True,COMPLETED,,2,,
ORD-20261007-03361,2026-10-07 19:14:10,True,COMPLETED,,2,,
ORD-20261007-03362,2026-10-07 19:14:50,False,COMPLETED,,1,,
ORD-20261007-03363,2026-10-07 19:14:54,True,COMPLETED,,1,,
ORD-20261007-03364,2026-10-07 19:14:12,False,CANCELLED,PAYMENT_FAILED,2,2026-10-07 19:14:44,2026-10-07 19:14:27
ORD-20261007-03365,2026-10-07 19:14:25,False,CANCELLED,PAYMENT_FAILED,2,2026-10-07 19:15:04,2026-10-07 19:14:52
ORD-20261007-03366,2026-10-07 19:14:25,True,COMPLETED,,1,,
ORD-20261007-03367,2026-10-07 19:14:20,False,CANCELLED,PAYMENT_FAILED,1,2026-10-07 19:14:56,2026-10-07 19:14:34
ORD-20261007-03368,2026-10-07 19:14:27,True,COMPLETED,,2,,
ORD-20261007-03369,2026-10-07 19:14:14,False,CANCELLED,PAYMENT_FAILED,2,2026-10-07 19:15:14,2026-10-07 19:15:03
ORD-20261007-03370,2026-10-07 19:14:01,False,COMPLETED,,1,,
ORD-20261007-03371,2026-10-07 19:14:48,False,COMPLETED,,1,,
ORD-20261007-03372,2026-10-07 19:14:08,True,COMPLETED,,1,,
ORD-20261007-03373,2026-10-07 19:14:18,False,CANCELLED,PAYMENT_FAILED,2,2026-10-07 19:15:11,2026-10-07 19:15:00
ORD-20261007-03374,2026-10-07 19:14:35,True,COMPLETED,,2,,
ORD-20261007-03375,2026-10-07 19:14:35,True,COMPLETED,,2,,
ORD-20261007-03376,2026-10-07 19:14:13,False,CANCELLED,PAYMENT_FAILED,1,2026-10-07 19:15:22,2026-10-07 19:15:12
ORD-20261007-03377,2026-10-07 19:14:42,True,COMPLETED,,2,,
ORD-20261007-03378,2026-10-07 19:14:44,False,CANCELLED,PAYMENT_FAILED,1,2026-10-07 19:15:21,
ORD-20261007-03379,2026-10-07 19:14:59,True,COMPLETED,,1,,
ORD-20261007-03380,2026-10-07 19:14:44,True,COMPLETED,,1,,
ORD-20261007-03381,2026-10-07 19:14:18,True,COMPLETED,,2,,
ORD-20261007-03382,2026-10-07 19:14:02,True,COMPLETED,,2,,
ORD-20261007-03383,2026-10-07 19:14:11,True,COMPLETED,,2,,
ORD-20261007-03384,2026-10-07 19:14:56,False,CANCELLED,PAYMENT_FAILED,2,2026-10-07 19:15:46,
ORD-20261007-03385,2026-10-07 19:14:43,True,COMPLETED,,2,,
ORD-20261007-03386,2026-10-07 19:14:48,False,COMPLETED,,2,,
ORD-20261007-03387,2026-10-07 19:14:42,True,COMPLETED,,1,,
ORD-20261007-03388,2026-10-07 19:14:30,True,COMPLETED,,1,,
ORD-20261007-03389,2026-10-07 19:14:36,False,CANCELLED,PAYMENT_FAILED,2,2026-10-07 19:15:37,2026-10-07 19:15:26
ORD-20261007-03390,2026-10-07 19:15:41,True,COMPLETED,,2,,
ORD-20261007-03391,2026-10-07 19:15:23,False,CANCELLED,PAYMENT_FAILED,1,2026-10-07 19:16:43,2026-10-07 19:16:23
ORD-20261007-03392,2026-10-07 19:15:16,True,COMPLETED,,1,,
ORD-20261007-03393,2026-10-07 19:15:41,False,CANCELLED,PAYMENT_FAILED,1,2026-10-07 19:16:43,
ORD-20261007-03394,2026-10-07 19:15:30,False,CANCELLED,PAYMENT_FAILED,1,2026-10-07 19:16:15,2026-10-07 19:16:02
ORD-20261007-03395,2026-10-07 19:15:11,False,CANCELLED,PAYMENT_FAILED,1,2026-10-07 19:16:01,
ORD-20261007-03396,2026-10-07 19:15:51,False,CANCELLED,PAYMENT_FAILED,2,2026-10-07 19:16:43,2026-10-07 19:16:22
ORD-20261007-03397,2026-10-07 19:15:50,True,COMPLETED,,2,,
ORD-20261007-03398,2026-10-07 19:15:17,False,COMPLETED,,1,,
ORD-20261007-03399,2026-10-07 19:15:27,False,COMPLETED,,1,,
ORD-20261007-03400,2026-10-07 19:15:17,False,CANCELLED,PAYMENT_FAILED,1,2026-10-07 19:16:13,2026-10-07 19:15:55
ORD-20261007-03401,2026-10-07 19:15:18,True,COMPLETED,,2,,
ORD-20261007-03402,2026-10-07 19:15:14,True,COMPLETED,,2,,
ORD-20261007-03403,2026-10-07 19:15:01,False,CANCELLED,PAYMENT_FAILED,2,2026-10-07 19:16:27,2026-10-07 19:16:13
ORD-20261007-03404,2026-10-07 19:15:39,False,COMPLETED,,1,,
ORD-20261007-03405,2026-10-07 19:15:57,True,COMPLETED,,2,,
ORD-20261007-03406,2026-10-07 19:15:48,True,COMPLETED,,2,,
ORD-20261007-03407,2026-10-07 19:15:39,False,CANCELLED,PAYMENT_FAILED,1,2026-10-07 19:16:37,2026-10-07 19:16:22
ORD-20261007-03408,2026-10-07 19:15:33,False,CANCELLED,PAYMENT_FAILED,2,2026-10-07 19:16:20,2026-10-07 19:16:01
ORD-20261007-03409,2026-10-07 19:15:47,False,CANCELLED,PAYMENT_FAILED,2,2026-10-07 19:16:23,2026-10-07 19:15:59
ORD-20261007-03410,2026-10-07 19:15:47,True,COMPLETED,,1,,
ORD-20261007-03411,2026-10-07 19:15:55,False,COMPLETED,,2,,
ORD-20261007-03412,2026-10-07 19:15:28,False,COMPLETED,,1,,
ORD-20261007-03413,2026-10-07 19:15:57,False,CANCELLED,PAYMENT_FAILED,2,2026-10-07 19:17:03,2026-10-07 19:16:53
ORD-20261007-03414,2026-10-07 19:15:23,False,CANCELLED,PAYMENT_FAILED,1,2026-10-07 19:16:34,
ORD-20261007-03415,2026-10-07 19:15:52,False,CANCELLED,PAYMENT_FAILED,1,2026-10-07 19:17:20,
ORD-20261007-03416,2026-10-07 19:15:29,True,COMPLETED,,2,,
ORD-20261007-03417,2026-10-07 19:15:57,True,COMPLETED,,2,,
ORD-20261007-03418,2026-10-07 19:15:07,False,COMPLETED,,2,,
ORD-20261007-03419,2026-10-07 19:15:36,True,COMPLETED,,1,,
ORD-20261007-03420,2026-10-07 19:15:53,False,CANCELLED,PAYMENT_FAILED,1,2026-10-07 19:17:22,2026-10-07 19:17:02
ORD-20261007-03421,2026-10-07 19:15:27,True,COMPLETED,,2,,
ORD-20261007-03422,2026-10-07 19:15:34,True,COMPLETED,,1,,
ORD-20261007-03423,2026-10-07 19:15:09,True,COMPLETED,,2,,
ORD-20261007-03424,2026-10-07 19:15:13,False,COMPLETED,,1,,
ORD-20261007-03425,2026-10-07 19:15:15,False,CANCELLED,PAYMENT_FAILED,2,2026-10-07 19:16:17,2026-10-07 19:16:00
ORD-20261007-03426,2026-10-07 19:15:10,False,CANCELLED,PAYMENT_FAILED,2,2026-10-07 19:15:42,
ORD-20261007-03427,2026-10-07 19:15:00,False,CANCELLED,PAYMENT_FAILED,2,2026-10-07 19:16:02,
ORD-20261007-03428,2026-10-07 19:15:02,False,CANCELLED,PAYMENT_FAILED,2,2026-10-07 19:16:19,
ORD-20261007-03429,2026-10-07 19:15:35,False,COMPLETED,,2,,
ORD-20261007-03430,2026-10-07 19:15:36,False,CANCELLED,PAYMENT_FAILED,2,2026-10-07 19:16:39,
ORD-20261007-03431,2026-10-07 19:15:17,True,COMPLETED,,2,,
ORD-20261007-03432,2026-10-07 19:15:24,True,COMPLETED,,2,,
ORD-20261007-03433,2026-10-07 19:15:25,False,CANCELLED,PAYMENT_FAILED,2,2026-10-07 19:16:35,2026-10-07 19:16:16
ORD-20261007-03434,2026-10-07 19:15:42,True,COMPLETED,,1,,
ORD-20261007-03435,2026-10-07 19:16:29,False,CANCELLED,PAYMENT_FAILED,1,2026-10-07 19:17:12,
ORD-20261007-03436,2026-10-07 19:16:51,True,CANCELLED,DISPATCH_TIMEOUT,1,2026-10-07 19:17:52,2026-10-07 19:17:35
ORD-20261007-03437,2026-10-07 19:16:09,True,CANCELLED,RIDER_REJECTION,1,2026-10-07 19:17:12,
ORD-20261007-03438,2026-10-07 19:16:19,True,COMPLETED,,2,,
ORD-20261007-03439,2026-10-07 19:16:48,False,CANCELLED,PAYMENT_FAILED,1,2026-10-07 19:17:57,2026-10-07 19:17:37
ORD-20261007-03440,2026-10-07 19:16:08,False,COMPLETED,,1,,
ORD-20261007-03441,2026-10-07 19:16:25,True,COMPLETED,,1,,
ORD-20261007-03442,2026-10-07 19:16:12,False,COMPLETED,,1,,
ORD-20261007-03443,2026-10-07 19:16:04,True,COMPLETED,,1,,
ORD-20261007-03444,2026-10-07 19:16:13,True,COMPLETED,,1,,
ORD-20261007-03445,2026-10-07 19:16:20,False,CANCELLED,PAYMENT_FAILED,1,2026-10-07 19:17:43,2026-10-07 19:17:22
ORD-20261007-03446,2026-10-07 19:16:57,False,COMPLETED,,1,,
ORD-20261007-03447,2026-10-07 19:16:19,False,CANCELLED,PAYMENT_FAILED,1,2026-10-07 19:17:14,2026-10-07 19:17:04
ORD-20261007-03448,2026-10-07 19:16:13,False,CANCELLED,PAYMENT_FAILED,2,2026-10-07 19:16:54,2026-10-07 19:16:35
ORD-20261007-03449,2026-10-07 19:16:42,False,COMPLETED,,1,,
ORD-20261007-03450,2026-10-07 19:16:43,False,COMPLETED,,1,,
ORD-20261007-03451,2026-10-07 19:16:35,True,COMPLETED,,2,,
ORD-20261007-03452,2026-10-07 19:16:40,True,COMPLETED,,2,,
ORD-20261007-03453,2026-10-07 19:16:48,True,COMPLETED,,2,,
ORD-20261007-03454,2026-10-07 19:16:09,False,COMPLETED,,2,,
ORD-20261007-03455,2026-10-07 19:16:05,True,COMPLETED,,2,,
ORD-20261007-03456,2026-10-07 19:16:52,True,COMPLETED,,1,,
ORD-20261007-03457,2026-10-07 19:16:27,True,COMPLETED,,1,,
ORD-20261007-03458,2026-10-07 19:16:23,True,COMPLETED,,2,,
ORD-20261007-03459,2026-10-07 19:16:25,True,COMPLETED,,1,,
ORD-20261007-03460,2026-10-07 19:16:09,True,COMPLETED,,2,,
ORD-20261007-03461,2026-10-07 19:16:40,False,CANCELLED,PAYMENT_FAILED,2,2026-10-07 19:17:15,2026-10-07 19:17:03
ORD-20261007-03462,2026-10-07 19:16:57,True,COMPLETED,,1,,
ORD-20261007-03463,2026-10-07 19:16:13,True,COMPLETED,,2,,
ORD-20261007-03464,2026-10-07 19:16:14,True,COMPLETED,,1,,
ORD-20261007-03465,2026-10-07 19:16:58,False,CANCELLED,PAYMENT_FAILED,2,2026-10-07 19:17:41,
ORD-20261007-03466,2026-10-07 19:16:21,True,COMPLETED,,1,,
ORD-20261007-03467,2026-10-07 19:16:06,False,CANCELLED,PAYMENT_FAILED,2,2026-10-07 19:16:53,2026-10-07 19:16:41
ORD-20261007-03468,2026-10-07 19:16:30,True,COMPLETED,,1,,
ORD-20261007-03469,2026-10-07 19:16:30,True,COMPLETED,,2,,
ORD-20261007-03470,2026-10-07 19:16:20,False,CANCELLED,PAYMENT_FAILED,1,2026-10-07 19:17:03,
ORD-20261007-03471,2026-10-07 19:16:02,False,CANCELLED,PAYMENT_FAILED,1,2026-10-07 19:17:03,2026-10-07 19:16:51
ORD-20261007-03472,2026-10-07 19:16:43,False,COMPLETED,,2,,
ORD-20261007-03473,2026-10-07 19:16:49,True,COMPLETED,,1,,
ORD-20261007-03474,2026-10-07 19:16:53,False,CANCELLED,PAYMENT_FAILED,2,2026-10-07 19:17:48,
ORD-20261007-03475,2026-10-07 19:16:55,False,CANCELLED,PAYMENT_FAILED,1,2026-10-07 19:18:13,2026-10-07 19:17:56
ORD-20261007-03476,2026-10-07 19:16:49,False,CANCELLED,PAYMENT_FAILED,1,2026-10-07 19:18:01,2026-10-07 19:17:48
ORD-20261007-03477,2026-10-07 19:16:29,False,CANCELLED,PAYMENT_FAILED,1,2026-10-07 19:17:36,
ORD-20261007-03478,2026-10-07 19:16:23,True,COMPLETED,,2,,
ORD-20261007-03479,2026-10-07 19:17:21,True,COMPLETED,,2,,
ORD-20261007-03480,2026-10-07 19:17:39,True,COMPLETED,,1,,
ORD-20261007-03481,2026-10-07 19:17:36,True,COMPLETED,,1,,
ORD-20261007-03482,2026-10-07 19:17:09,True,COMPLETED,,1,,
ORD-20261007-03483,2026-10-07 19:17:07,True,COMPLETED,,1,,
ORD-20261007-03484,2026-10-07 19:17:07,True,COMPLETED,,2,,
ORD-20261007-03485,2026-10-07 19:17:38,False,CANCELLED,PAYMENT_FAILED,1,2026-10-07 19:19:06,
ORD-20261007-03486,2026-10-07 19:17:43,True,COMPLETED,,1,,
ORD-20261007-03487,2026-10-07 19:17:56,False,CANCELLED,PAYMENT_FAILED,1,2026-10-07 19:18:31,
ORD-20261007-03488,2026-10-07 19:17:31,True,COMPLETED,,2,,
ORD-20261007-03489,2026-10-07 19:17:04,True,COMPLETED,,1,,
ORD-20261007-03490,2026-10-07 19:17:14,True,COMPLETED,,1,,
ORD-20261007-03491,2026-10-07 19:17:40,True,CANCELLED,RIDER_REJECTION,1,2026-10-07 19:18:24,2026-10-07 19:18:00
ORD-20261007-03492,2026-10-07 19:17:49,False,CANCELLED,PAYMENT_FAILED,2,2026-10-07 19:18:30,
ORD-20261007-03493,2026-10-07 19:17:43,True,COMPLETED,,2,,
ORD-20261007-03494,2026-10-07 19:17:51,True,COMPLETED,,1,,
ORD-20261007-03495,2026-10-07 19:17:54,True,COMPLETED,,2,,
ORD-20261007-03496,2026-10-07 19:17:51,True,COMPLETED,,1,,
ORD-20261007-03497,2026-10-07 19:17:34,False,CANCELLED,PAYMENT_FAILED,2,2026-10-07 19:18:31,2026-10-07 19:18:19
ORD-20261007-03498,2026-10-07 19:17:47,True,COMPLETED,,1,,
ORD-20261007-03499,2026-10-07 19:17:00,True,COMPLETED,,1,,
ORD-20261007-03500,2026-10-07 19:17:42,True,COMPLETED,,2,,
ORD-20261007-03501,2026-10-07 19:17:43,True,COMPLETED,,1,,
ORD-20261007-03502,2026-10-07 19:17:38,True,COMPLETED,,2,,
ORD-20261007-03503,2026-10-07 19:17:19,False,COMPLETED,,1,,
ORD-20261007-03504,2026-10-07 19:17:02,True,COMPLETED,,1,,
ORD-20261007-03505,2026-10-07 19:17:46,True,COMPLETED,,1,,
ORD-20261007-03506,2026-10-07 19:17:51,True,COMPLETED,,1,,
ORD-20261007-03507,2026-10-07 19:17:28,False,COMPLETED,,2,,
ORD-20261007-03508,2026-10-07 19:17:45,True,CANCELLED,DISPATCH_TIMEOUT,2,2026-10-07 19:18:32,2026-10-07 19:18:16
ORD-20261007-03509,2026-10-07 19:17:17,True,COMPLETED,,2,,
ORD-20261007-03510,2026-10-07 19:17:39,False,COMPLETED,,2,,
ORD-20261007-03511,2026-10-07 19:17:59,False,CANCELLED,PAYMENT_FAILED,1,2026-10-07 19:19:12,2026-10-07 19:18:53
ORD-20261007-03512,2026-10-07 19:17:26,False,CANCELLED,PAYMENT_FAILED,1,2026-10-07 19:18:55,2026-10-07 19:18:34
ORD-20261007-03513,2026-10-07 19:17:29,False,CANCELLED,PAYMENT_FAILED,1,2026-10-07 19:18:14,2026-10-07 19:18:01
ORD-20261007-03514,2026-10-07 19:17:02,True,COMPLETED,,2,,
ORD-20261007-03515,2026-10-07 19:17:52,True,COMPLETED,,1,,
ORD-20261007-03516,2026-10-07 19:17:00,True,COMPLETED,,1,,
ORD-20261007-03517,2026-10-07 19:17:38,True,COMPLETED,,1,,
ORD-20261007-03518,2026-10-07 19:17:30,True,COMPLETED,,2,,
ORD-20261007-03519,2026-10-07 19:17:05,True,COMPLETED,,2,,
ORD-20261007-03520,2026-10-07 19:17:54,False,COMPLETED,,2,,
ORD-20261007-03521,2026-10-07 19:17:38,True,COMPLETED,,1,,
ORD-20261007-03522,2026-10-07 19:18:34,True,COMPLETED,,1,,
ORD-20261007-03523,2026-10-07 19:18:30,True,COMPLETED,,2,,
ORD-20261007-03524,2026-10-07 19:18:16,True,COMPLETED,,1,,
ORD-20261007-03525,2026-10-07 19:18:16,True,COMPLETED,,2,,
ORD-20261007-03526,2026-10-07 19:18:09,False,COMPLETED,,1,,
ORD-20261007-03527,2026-10-07 19:18:05,True,COMPLETED,,1,,
ORD-20261007-03528,2026-10-07 19:18:25,True,COMPLETED,,1,,
ORD-20261007-03529,2026-10-07 19:18:50,False,CANCELLED,PAYMENT_FAILED,2,2026-10-07 19:19:51,
ORD-20261007-03530,2026-10-07 19:18:06,False,COMPLETED,,1,,
ORD-20261007-03531,2026-10-07 19:18:18,False,COMPLETED,,1,,
ORD-20261007-03532,2026-10-07 19:18:10,False,CANCELLED,PAYMENT_FAILED,2,2026-10-07 19:19:07,2026-10-07 19:18:46
ORD-20261007-03533,2026-10-07 19:18:26,False,COMPLETED,,2,,
ORD-20261007-03534,2026-10-07 19:18:03,False,COMPLETED,,1,,
ORD-20261007-03535,2026-10-07 19:18:18,True,COMPLETED,,1,,
ORD-20261007-03536,2026-10-07 19:18:38,True,COMPLETED,,1,,
ORD-20261007-03537,2026-10-07 19:18:32,True,COMPLETED,,1,,
ORD-20261007-03538,2026-10-07 19:18:08,True,COMPLETED,,1,,
ORD-20261007-03539,2026-10-07 19:18:17,True,COMPLETED,,2,,
ORD-20261007-03540,2026-10-07 19:18:42,False,COMPLETED,,2,,
ORD-20261007-03541,2026-10-07 19:18:40,False,CANCELLED,PAYMENT_FAILED,2,2026-10-07 19:19:26,
ORD-20261007-03542,2026-10-07 19:18:57,True,COMPLETED,,2,,
ORD-20261007-03543,2026-10-07 19:18:17,True,COMPLETED,,1,,
ORD-20261007-03544,2026-10-07 19:18:24,True,COMPLETED,,2,,
ORD-20261007-03545,2026-10-07 19:18:04,True,COMPLETED,,1,,
ORD-20261007-03546,2026-10-07 19:18:03,False,COMPLETED,,2,,
ORD-20261007-03547,2026-10-07 19:18:14,False,CANCELLED,PAYMENT_FAILED,2,2026-10-07 19:19:28,
ORD-20261007-03548,2026-10-07 19:18:48,False,CANCELLED,PAYMENT_FAILED,1,2026-10-07 19:20:13,2026-10-07 19:19:51
ORD-20261007-03549,2026-10-07 19:18:04,True,COMPLETED,,2,,
ORD-20261007-03550,2026-10-07 19:18:09,False,COMPLETED,,2,,
ORD-20261007-03551,2026-10-07 19:18:07,True,COMPLETED,,1,,
ORD-20261007-03552,2026-10-07 19:18:50,True,COMPLETED,,1,,
ORD-20261007-03553,2026-10-07 19:18:20,True,COMPLETED,,2,,
ORD-20261007-03554,2026-10-07 19:18:50,True,COMPLETED,,2,,
ORD-20261007-03555,2026-10-07 19:18:16,True,COMPLETED,,1,,
ORD-20261007-03556,2026-10-07 19:18:01,False,CANCELLED,PAYMENT_FAILED,1,2026-10-07 19:19:22,2026-10-07 19:19:07
ORD-20261007-03557,2026-10-07 19:18:50,False,CANCELLED,PAYMENT_FAILED,1,2026-10-07 19:20:06,
ORD-20261007-03558,2026-10-07 19:18:21,True,COMPLETED,,1,,
ORD-20261007-03559,2026-10-07 19:18:03,True,COMPLETED,,2,,
ORD-20261007-03560,2026-10-07 19:18:40,True,COMPLETED,,1,,
ORD-20261007-03561,2026-10-07 19:18:40,False,CANCELLED,PAYMENT_FAILED,2,2026-10-07 19:20:02,
ORD-20261007-03562,2026-10-07 19:18:21,False,CANCELLED,PAYMENT_FAILED,1,2026-10-07 19:19:09,2026-10-07 19:18:59
ORD-20261007-03563,2026-10-07 19:18:04,True,COMPLETED,,2,,
ORD-20261007-03564,2026-10-07 19:18:09,False,CANCELLED,PAYMENT_FAILED,2,2026-10-07 19:19:20,2026-10-07 19:19:03
ORD-20261007-03565,2026-10-07 19:18:37,True,COMPLETED,,2,,
ORD-20261007-03566,2026-10-07 19:18:16,False,COMPLETED,,2,,
ORD-20261007-03567,2026-10-07 19:19:52,True,COMPLETED,,2,,
ORD-20261007-03568,2026-10-07 19:19:06,True,COMPLETED,,2,,
ORD-20261007-03569,2026-10-07 19:19:10,True,COMPLETED,,2,,
ORD-20261007-03570,2026-10-07 19:19:00,False,CANCELLED,PAYMENT_FAILED,2,2026-10-07 19:19:46,2026-10-07 19:19:26
ORD-20261007-03571,2026-10-07 19:19:31,True,COMPLETED,,2,,
ORD-20261007-03572,2026-10-07 19:19:53,True,COMPLETED,,1,,
ORD-20261007-03573,2026-10-07 19:19:00,False,CANCELLED,PAYMENT_FAILED,1,2026-10-07 19:20:06,
ORD-20261007-03574,2026-10-07 19:19:55,True,COMPLETED,,2,,
ORD-20261007-03575,2026-10-07 19:19:40,False,CANCELLED,PAYMENT_FAILED,1,2026-10-07 19:20:31,2026-10-07 19:20:18
ORD-20261007-03576,2026-10-07 19:19:05,False,COMPLETED,,1,,
ORD-20261007-03577,2026-10-07 19:19:38,False,CANCELLED,PAYMENT_FAILED,2,2026-10-07 19:20:08,
ORD-20261007-03578,2026-10-07 19:19:04,False,CANCELLED,PAYMENT_FAILED,2,2026-10-07 19:20:05,2026-10-07 19:19:52
ORD-20261007-03579,2026-10-07 19:19:03,False,CANCELLED,PAYMENT_FAILED,1,2026-10-07 19:19:36,2026-10-07 19:19:21
ORD-20261007-03580,2026-10-07 19:19:09,False,CANCELLED,PAYMENT_FAILED,2,2026-10-07 19:20:17,2026-10-07 19:20:02
ORD-20261007-03581,2026-10-07 19:19:25,False,CANCELLED,PAYMENT_FAILED,1,2026-10-07 19:20:33,2026-10-07 19:20:14
ORD-20261007-03582,2026-10-07 19:19:20,True,COMPLETED,,1,,
ORD-20261007-03583,2026-10-07 19:19:08,False,CANCELLED,PAYMENT_FAILED,2,2026-10-07 19:20:04,
ORD-20261007-03584,2026-10-07 19:19:38,False,COMPLETED,,1,,
ORD-20261007-03585,2026-10-07 19:19:16,False,COMPLETED,,2,,
ORD-20261007-03586,2026-10-07 19:19:49,True,COMPLETED,,2,,
ORD-20261007-03587,2026-10-07 19:19:24,True,COMPLETED,,1,,
ORD-20261007-03588,2026-10-07 19:19:42,True,COMPLETED,,2,,
ORD-20261007-03589,2026-10-07 19:19:13,False,CANCELLED,PAYMENT_FAILED,1,2026-10-07 19:20:32,
ORD-20261007-03590,2026-10-07 19:19:54,True,COMPLETED,,2,,
ORD-20261007-03591,2026-10-07 19:19:13,True,COMPLETED,,1,,
ORD-20261007-03592,2026-10-07 19:19:29,False,CANCELLED,PAYMENT_FAILED,1,2026-10-07 19:20:58,
ORD-20261007-03593,2026-10-07 19:19:09,False,CANCELLED,PAYMENT_FAILED,2,2026-10-07 19:20:37,2026-10-07 19:20:26
ORD-20261007-03594,2026-10-07 19:19:47,False,COMPLETED,,1,,
ORD-20261007-03595,2026-10-07 19:19:46,True,COMPLETED,,2,,
ORD-20261007-03596,2026-10-07 19:19:56,True,COMPLETED,,1,,
ORD-20261007-03597,2026-10-07 19:19:46,False,CANCELLED,PAYMENT_FAILED,2,2026-10-07 19:20:21,
ORD-20261007-03598,2026-10-07 19:19:15,True,COMPLETED,,1,,
ORD-20261007-03599,2026-10-07 19:19:38,True,COMPLETED,,1,,
ORD-20261007-03600,2026-10-07 19:19:00,True,COMPLETED,,1,,
ORD-20261007-03601,2026-10-07 19:19:13,False,CANCELLED,PAYMENT_FAILED,2,2026-10-07 19:19:47,2026-10-07 19:19:33
ORD-20261007-03602,2026-10-07 19:19:08,True,COMPLETED,,2,,
ORD-20261007-03603,2026-10-07 19:19:47,True,COMPLETED,,2,,
ORD-20261007-03604,2026-10-07 19:19:40,False,CANCELLED,PAYMENT_FAILED,1,2026-10-07 19:20:21,
ORD-20261007-03605,2026-10-07 19:19:09,True,COMPLETED,,1,,
ORD-20261007-03606,2026-10-07 19:19:01,True,COMPLETED,,2,,
ORD-20261007-03607,2026-10-07 19:19:01,True,COMPLETED,,1,,
ORD-20261007-03608,2026-10-07 19:19:22,True,CANCELLED,RIDER_REJECTION,1,2026-10-07 19:20:34,2026-10-07 19:20:14
ORD-20261007-03609,2026-10-07 19:19:05,True,COMPLETED,,1,,
ORD-20261007-03610,2026-10-07 19:19:12,True,COMPLETED,,1,,
ORD-20261007-03611,2026-10-07 19:19:20,False,CANCELLED,PAYMENT_FAILED,2,2026-10-07 19:20:10,2026-10-07 19:19:53
ORD-20261007-03612,2026-10-07 19:19:12,True,COMPLETED,,2,,
ORD-20261007-03613,2026-10-07 19:20:53,True,COMPLETED,,1,,
ORD-20261007-03614,2026-10-07 19:20:23,False,CANCELLED,PAYMENT_FAILED,1,2026-10-07 19:21:52,2026-10-07 19:21:38
ORD-20261007-03615,2026-10-07 19:20:10,True,COMPLETED,,2,,
ORD-20261007-03616,2026-10-07 19:20:38,True,COMPLETED,,2,,
ORD-20261007-03617,2026-10-07 19:20:28,True,COMPLETED,,1,,
ORD-20261007-03618,2026-10-07 19:20:24,True,COMPLETED,,2,,
ORD-20261007-03619,2026-10-07 19:20:22,False,CANCELLED,PAYMENT_FAILED,2,2026-10-07 19:21:09,2026-10-07 19:20:54
ORD-20261007-03620,2026-10-07 19:20:56,True,CANCELLED,RIDER_REJECTION,1,2026-10-07 19:21:53,
ORD-20261007-03621,2026-10-07 19:20:50,True,COMPLETED,,1,,
ORD-20261007-03622,2026-10-07 19:20:35,True,COMPLETED,,1,,
ORD-20261007-03623,2026-10-07 19:20:44,True,COMPLETED,,1,,
ORD-20261007-03624,2026-10-07 19:20:18,False,CANCELLED,PAYMENT_FAILED,2,2026-10-07 19:21:47,
ORD-20261007-03625,2026-10-07 19:20:18,True,COMPLETED,,2,,
ORD-20261007-03626,2026-10-07 19:20:47,True,COMPLETED,,1,,
ORD-20261007-03627,2026-10-07 19:20:43,True,COMPLETED,,1,,
ORD-20261007-03628,2026-10-07 19:20:21,True,COMPLETED,,1,,
ORD-20261007-03629,2026-10-07 19:20:54,True,COMPLETED,,1,,
ORD-20261007-03630,2026-10-07 19:20:43,False,CANCELLED,PAYMENT_FAILED,1,2026-10-07 19:22:03,2026-10-07 19:21:43
ORD-20261007-03631,2026-10-07 19:20:31,True,COMPLETED,,2,,
ORD-20261007-03632,2026-10-07 19:20:33,True,COMPLETED,,2,,
ORD-20261007-03633,2026-10-07 19:20:45,True,COMPLETED,,1,,
ORD-20261007-03634,2026-10-07 19:20:28,False,COMPLETED,,2,,
ORD-20261007-03635,2026-10-07 19:20:49,False,CANCELLED,PAYMENT_FAILED,1,2026-10-07 19:21:41,
ORD-20261007-03636,2026-10-07 19:20:50,False,CANCELLED,PAYMENT_FAILED,2,2026-10-07 19:21:26,
ORD-20261007-03637,2026-10-07 19:20:04,False,COMPLETED,,2,,
ORD-20261007-03638,2026-10-07 19:20:24,False,COMPLETED,,1,,
ORD-20261007-03639,2026-10-07 19:20:59,True,COMPLETED,,1,,
ORD-20261007-03640,2026-10-07 19:20:37,False,CANCELLED,PAYMENT_FAILED,2,2026-10-07 19:21:52,2026-10-07 19:21:33
ORD-20261007-03641,2026-10-07 19:20:25,False,COMPLETED,,2,,
ORD-20261007-03642,2026-10-07 19:20:18,True,COMPLETED,,1,,
ORD-20261007-03643,2026-10-07 19:20:43,True,COMPLETED,,1,,
ORD-20261007-03644,2026-10-07 19:20:54,False,CANCELLED,PAYMENT_FAILED,1,2026-10-07 19:21:32,
ORD-20261007-03645,2026-10-07 19:20:35,True,COMPLETED,,2,,
ORD-20261007-03646,2026-10-07 19:20:22,True,COMPLETED,,2,,
ORD-20261007-03647,2026-10-07 19:20:38,True,COMPLETED,,2,,
ORD-20261007-03648,2026-10-07 19:20:00,True,COMPLETED,,1,,
ORD-20261007-03649,2026-10-07 19:20:56,True,COMPLETED,,2,,
ORD-20261007-03650,2026-10-07 19:20:34,True,COMPLETED,,1,,
ORD-20261007-03651,2026-10-07 19:20:00,True,COMPLETED,,1,,
ORD-20261007-03652,2026-10-07 19:20:46,True,COMPLETED,,2,,
ORD-20261007-03653,2026-10-07 19:20:37,True,COMPLETED,,1,,
ORD-20261007-03654,2026-10-07 19:20:40,False,CANCELLED,PAYMENT_FAILED,1,2026-10-07 19:21:30,2026-10-07 19:21:13
ORD-20261007-03655,2026-10-07 19:20:17,False,CANCELLED,PAYMENT_FAILED,1,2026-10-07 19:21:40,
ORD-20261007-03656,2026-10-07 19:20:33,True,COMPLETED,,2,,
ORD-20261007-03657,2026-10-07 19:20:06,True,COMPLETED,,2,,
ORD-20261007-03658,2026-10-07 19:20:32,False,COMPLETED,,2,,
ORD-20261007-03659,2026-10-07 19:20:06,True,COMPLETED,,2,,
ORD-20261007-03660,2026-10-07 19:20:16,True,COMPLETED,,2,,
ORD-20261007-03661,2026-10-07 19:21:57,False,CANCELLED,PAYMENT_FAILED,1,2026-10-07 19:22:54,2026-10-07 19:22:33
ORD-20261007-03662,2026-10-07 19:21:04,True,COMPLETED,,2,,
ORD-20261007-03663,2026-10-07 19:21:40,True,COMPLETED,,1,,
ORD-20261007-03664,2026-10-07 19:21:02,True,COMPLETED,,1,,
ORD-20261007-03665,2026-10-07 19:21:05,False,COMPLETED,,1,,
ORD-20261007-03666,2026-10-07 19:21:53,False,CANCELLED,PAYMENT_FAILED,2,2026-10-07 19:22:54,
ORD-20261007-03667,2026-10-07 19:21:00,False,CANCELLED,PAYMENT_FAILED,2,2026-10-07 19:22:26,2026-10-07 19:22:09
ORD-20261007-03668,2026-10-07 19:21:28,False,CANCELLED,PAYMENT_FAILED,2,2026-10-07 19:22:18,2026-10-07 19:21:56
ORD-20261007-03669,2026-10-07 19:21:07,True,COMPLETED,,2,,
ORD-20261007-03670,2026-10-07 19:21:53,True,COMPLETED,,2,,
ORD-20261007-03671,2026-10-07 19:21:13,True,COMPLETED,,2,,
ORD-20261007-03672,2026-10-07 19:21:31,False,CANCELLED,PAYMENT_FAILED,2,2026-10-07 19:22:59,
ORD-20261007-03673,2026-10-07 19:21:44,True,COMPLETED,,1,,
ORD-20261007-03674,2026-10-07 19:21:44,True,COMPLETED,,2,,
ORD-20261007-03675,2026-10-07 19:21:56,True,COMPLETED,,1,,
ORD-20261007-03676,2026-10-07 19:21:24,True,COMPLETED,,1,,
ORD-20261007-03677,2026-10-07 19:21:53,True,COMPLETED,,2,,
ORD-20261007-03678,2026-10-07 19:21:42,True,COMPLETED,,2,,
ORD-20261007-03679,2026-10-07 19:21:26,False,CANCELLED,PAYMENT_FAILED,2,2026-10-07 19:22:31,
ORD-20261007-03680,2026-10-07 19:21:23,True,COMPLETED,,1,,
ORD-20261007-03681,2026-10-07 19:21:00,True,COMPLETED,,1,,
ORD-20261007-03682,2026-10-07 19:21:35,False,CANCELLED,PAYMENT_FAILED,1,2026-10-07 19:23:03,2026-10-07 19:22:43
ORD-20261007-03683,2026-10-07 19:21:15,False,COMPLETED,,2,,
ORD-20261007-03684,2026-10-07 19:21:06,True,COMPLETED,,1,,
ORD-20261007-03685,2026-10-07 19:21:16,True,COMPLETED,,1,,
ORD-20261007-03686,2026-10-07 19:21:37,False,CANCELLED,PAYMENT_FAILED,1,2026-10-07 19:22:08,
ORD-20261007-03687,2026-10-07 19:21:10,False,CANCELLED,PAYMENT_FAILED,1,2026-10-07 19:22:31,
ORD-20261007-03688,2026-10-07 19:21:59,True,CANCELLED,RIDER_REJECTION,2,2026-10-07 19:23:06,2026-10-07 19:22:47
ORD-20261007-03689,2026-10-07 19:21:44,True,COMPLETED,,2,,
ORD-20261007-03690,2026-10-07 19:21:45,True,COMPLETED,,2,,
ORD-20261007-03691,2026-10-07 19:21:23,False,CANCELLED,PAYMENT_FAILED,2,2026-10-07 19:22:25,
ORD-20261007-03692,2026-10-07 19:21:17,True,COMPLETED,,2,,
ORD-20261007-03693,2026-10-07 19:21:50,False,COMPLETED,,2,,
ORD-20261007-03694,2026-10-07 19:21:52,True,COMPLETED,,2,,
ORD-20261007-03695,2026-10-07 19:21:12,True,COMPLETED,,2,,
ORD-20261007-03696,2026-10-07 19:21:24,True,COMPLETED,,1,,
ORD-20261007-03697,2026-10-07 19:21:22,True,COMPLETED,,1,,
ORD-20261007-03698,2026-10-07 19:21:30,False,CANCELLED,PAYMENT_FAILED,1,2026-10-07 19:22:26,
ORD-20261007-03699,2026-10-07 19:21:04,False,CANCELLED,PAYMENT_FAILED,2,2026-10-07 19:22:19,2026-10-07 19:22:07
ORD-20261007-03700,2026-10-07 19:21:45,True,COMPLETED,,1,,
ORD-20261007-03701,2026-10-07 19:21:10,False,CANCELLED,PAYMENT_FAILED,1,2026-10-07 19:22:26,2026-10-07 19:22:02
ORD-20261007-03702,2026-10-07 19:21:43,True,COMPLETED,,1,,
ORD-20261007-03703,2026-10-07 19:21:19,True,CANCELLED,DISPATCH_TIMEOUT,1,2026-10-07 19:22:32,2026-10-07 19:22:21
ORD-20261007-03704,2026-10-07 19:21:06,True,COMPLETED,,2,,
ORD-20261007-03705,2026-10-07 19:21:28,False,COMPLETED,,2,,
ORD-20261007-03706,2026-10-07 19:22:31,True,COMPLETED,,1,,
ORD-20261007-03707,2026-10-07 19:22:11,True,COMPLETED,,1,,
ORD-20261007-03708,2026-10-07 19:22:06,False,COMPLETED,,2,,
ORD-20261007-03709,2026-10-07 19:22:40,False,CANCELLED,PAYMENT_FAILED,1,2026-10-07 19:23:50,2026-10-07 19:23:38
ORD-20261007-03710,2026-10-07 19:22:08,False,CANCELLED,PAYMENT_FAILED,1,2026-10-07 19:23:11,
ORD-20261007-03711,2026-10-07 19:22:22,True,COMPLETED,,2,,
ORD-20261007-03712,2026-10-07 19:22:53,False,CANCELLED,PAYMENT_FAILED,1,2026-10-07 19:23:27,2026-10-07 19:23:14
ORD-20261007-03713,2026-10-07 19:22:23,False,CANCELLED,PAYMENT_FAILED,2,2026-10-07 19:23:47,2026-10-07 19:23:23
ORD-20261007-03714,2026-10-07 19:22:45,True,COMPLETED,,2,,
ORD-20261007-03715,2026-10-07 19:22:27,True,CANCELLED,DISPATCH_TIMEOUT,2,2026-10-07 19:23:00,2026-10-07 19:22:42
ORD-20261007-03716,2026-10-07 19:22:59,True,COMPLETED,,1,,
ORD-20261007-03717,2026-10-07 19:22:47,True,COMPLETED,,1,,
ORD-20261007-03718,2026-10-07 19:22:44,True,COMPLETED,,2,,
ORD-20261007-03719,2026-10-07 19:22:58,True,COMPLETED,,2,,
ORD-20261007-03720,2026-10-07 19:22:25,True,COMPLETED,,2,,
ORD-20261007-03721,2026-10-07 19:22:48,True,COMPLETED,,2,,
ORD-20261007-03722,2026-10-07 19:22:42,True,COMPLETED,,2,,
ORD-20261007-03723,2026-10-07 19:22:41,False,CANCELLED,PAYMENT_FAILED,2,2026-10-07 19:23:59,
ORD-20261007-03724,2026-10-07 19:22:07,True,COMPLETED,,2,,
ORD-20261007-03725,2026-10-07 19:22:32,True,COMPLETED,,2,,
ORD-20261007-03726,2026-10-07 19:22:08,True,COMPLETED,,2,,
ORD-20261007-03727,2026-10-07 19:22:55,True,COMPLETED,,2,,
ORD-20261007-03728,2026-10-07 19:22:54,True,COMPLETED,,1,,
ORD-20261007-03729,2026-10-07 19:22:06,False,CANCELLED,PAYMENT_FAILED,2,2026-10-07 19:22:49,2026-10-07 19:22:36
ORD-20261007-03730,2026-10-07 19:22:26,False,COMPLETED,,1,,
ORD-20261007-03731,2026-10-07 19:22:05,True,COMPLETED,,2,,
ORD-20261007-03732,2026-10-07 19:22:09,True,COMPLETED,,1,,
ORD-20261007-03733,2026-10-07 19:22:33,True,CANCELLED,RIDER_REJECTION,1,2026-10-07 19:23:38,2026-10-07 19:23:21
ORD-20261007-03734,2026-10-07 19:22:23,False,CANCELLED,PAYMENT_FAILED,2,2026-10-07 19:23:09,2026-10-07 19:22:47
ORD-20261007-03735,2026-10-07 19:22:53,False,CANCELLED,PAYMENT_FAILED,2,2026-10-07 19:23:31,2026-10-07 19:23:11
ORD-20261007-03736,2026-10-07 19:22:36,True,COMPLETED,,2,,
ORD-20261007-03737,2026-10-07 19:22:17,True,COMPLETED,,1,,
ORD-20261007-03738,2026-10-07 19:22:23,True,COMPLETED,,1,,
ORD-20261007-03739,2026-10-07 19:22:51,True,COMPLETED,,2,,
ORD-20261007-03740,2026-10-07 19:22:25,True,COMPLETED,,1,,
ORD-20261007-03741,2026-10-07 19:22:36,True,COMPLETED,,1,,
ORD-20261007-03742,2026-10-07 19:22:06,True,COMPLETED,,2,,
ORD-20261007-03743,2026-10-07 19:22:27,True,COMPLETED,,1,,
ORD-20261007-03744,2026-10-07 19:22:10,True,COMPLETED,,1,,
ORD-20261007-03745,2026-10-07 19:22:22,False,CANCELLED,PAYMENT_FAILED,1,2026-10-07 19:23:34,2026-10-07 19:23:16
ORD-20261007-03746,2026-10-07 19:22:42,False,COMPLETED,,1,,
ORD-20261007-03747,2026-10-07 19:22:59,False,CANCELLED,PAYMENT_FAILED,1,2026-10-07 19:24:28,2026-10-07 19:24:09
ORD-20261007-03748,2026-10-07 19:22:52,True,COMPLETED,,1,,
ORD-20261007-03749,2026-10-07 19:23:19,False,CANCELLED,PAYMENT_FAILED,2,2026-10-07 19:24:01,2026-10-07 19:23:45
ORD-20261007-03750,2026-10-07 19:23:45,False,CANCELLED,PAYMENT_FAILED,2,2026-10-07 19:24:56,2026-10-07 19:24:33
ORD-20261007-03751,2026-10-07 19:23:51,True,COMPLETED,,2,,
ORD-20261007-03752,2026-10-07 19:23:03,True,COMPLETED,,2,,
ORD-20261007-03753,2026-10-07 19:23:11,True,COMPLETED,,1,,
ORD-20261007-03754,2026-10-07 19:23:53,False,CANCELLED,PAYMENT_FAILED,2,2026-10-07 19:24:49,2026-10-07 19:24:35
ORD-20261007-03755,2026-10-07 19:23:50,True,CANCELLED,RIDER_REJECTION,1,2026-10-07 19:24:51,2026-10-07 19:24:41
ORD-20261007-03756,2026-10-07 19:23:37,True,COMPLETED,,1,,
ORD-20261007-03757,2026-10-07 19:23:04,True,COMPLETED,,2,,
ORD-20261007-03758,2026-10-07 19:23:59,True,COMPLETED,,1,,
ORD-20261007-03759,2026-10-07 19:23:31,False,CANCELLED,PAYMENT_FAILED,1,2026-10-07 19:24:04,
ORD-20261007-03760,2026-10-07 19:23:55,False,COMPLETED,,1,,
ORD-20261007-03761,2026-10-07 19:23:46,True,COMPLETED,,1,,
ORD-20261007-03762,2026-10-07 19:23:06,False,CANCELLED,PAYMENT_FAILED,2,2026-10-07 19:24:24,2026-10-07 19:24:05
ORD-20261007-03763,2026-10-07 19:23:08,True,COMPLETED,,1,,
ORD-20261007-03764,2026-10-07 19:23:16,True,COMPLETED,,1,,
ORD-20261007-03765,2026-10-07 19:23:34,True,COMPLETED,,1,,
ORD-20261007-03766,2026-10-07 19:23:16,True,COMPLETED,,1,,
ORD-20261007-03767,2026-10-07 19:23:33,False,CANCELLED,PAYMENT_FAILED,1,2026-10-07 19:24:35,2026-10-07 19:24:14
ORD-20261007-03768,2026-10-07 19:23:29,True,COMPLETED,,2,,
ORD-20261007-03769,2026-10-07 19:23:02,True,COMPLETED,,1,,
ORD-20261007-03770,2026-10-07 19:23:23,False,CANCELLED,PAYMENT_FAILED,1,2026-10-07 19:24:01,
ORD-20261007-03771,2026-10-07 19:23:40,True,COMPLETED,,2,,
ORD-20261007-03772,2026-10-07 19:23:25,False,COMPLETED,,2,,
ORD-20261007-03773,2026-10-07 19:23:41,False,CANCELLED,PAYMENT_FAILED,2,2026-10-07 19:24:31,
ORD-20261007-03774,2026-10-07 19:23:36,True,COMPLETED,,1,,
ORD-20261007-03775,2026-10-07 19:23:43,False,CANCELLED,PAYMENT_FAILED,1,2026-10-07 19:24:43,
ORD-20261007-03776,2026-10-07 19:23:30,True,COMPLETED,,1,,
ORD-20261007-03777,2026-10-07 19:23:55,False,CANCELLED,PAYMENT_FAILED,2,2026-10-07 19:24:46,
ORD-20261007-03778,2026-10-07 19:23:06,True,COMPLETED,,2,,
ORD-20261007-03779,2026-10-07 19:23:05,False,CANCELLED,PAYMENT_FAILED,1,2026-10-07 19:24:05,2026-10-07 19:23:47
ORD-20261007-03780,2026-10-07 19:23:31,True,COMPLETED,,2,,
ORD-20261007-03781,2026-10-07 19:23:31,True,COMPLETED,,1,,
ORD-20261007-03782,2026-10-07 19:23:56,False,COMPLETED,,1,,
ORD-20261007-03783,2026-10-07 19:23:45,True,COMPLETED,,2,,
ORD-20261007-03784,2026-10-07 19:23:41,True,COMPLETED,,2,,
ORD-20261007-03785,2026-10-07 19:23:37,True,COMPLETED,,1,,
ORD-20261007-03786,2026-10-07 19:23:52,True,COMPLETED,,1,,
ORD-20261007-03787,2026-10-07 19:23:19,False,COMPLETED,,1,,
ORD-20261007-03788,2026-10-07 19:23:29,True,COMPLETED,,1,,
ORD-20261007-03789,2026-10-07 19:23:21,False,COMPLETED,,2,,
ORD-20261007-03790,2026-10-07 19:23:41,True,COMPLETED,,2,,
ORD-20261007-03791,2026-10-07 19:23:48,True,CANCELLED,RIDER_REJECTION,2,2026-10-07 19:24:20,2026-10-07 19:24:06
ORD-20261007-03792,2026-10-07 19:23:08,True,COMPLETED,,1,,
ORD-20261007-03793,2026-10-07 19:23:06,True,COMPLETED,,2,,
ORD-20261007-03794,2026-10-07 19:23:05,True,COMPLETED,,2,,
ORD-20261007-03795,2026-10-07 19:23:09,True,CANCELLED,RIDER_REJECTION,2,2026-10-07 19:24:18,2026-10-07 19:24:08
ORD-20261007-03796,2026-10-07 19:24:27,True,COMPLETED,,1,,
ORD-20261007-03797,2026-10-07 19:24:59,True,COMPLETED,,2,,
ORD-20261007-03798,2026-10-07 19:24:08,True,COMPLETED,,1,,
ORD-20261007-03799,2026-10-07 19:24:55,False,COMPLETED,,2,,
ORD-20261007-03800,2026-10-07 19:24:51,True,COMPLETED,,1,,
ORD-20261007-03801,2026-10-07 19:24:33,True,COMPLETED,,2,,
ORD-20261007-03802,2026-10-07 19:24:45,False,COMPLETED,,2,,
ORD-20261007-03803,2026-10-07 19:24:30,True,COMPLETED,,1,,
ORD-20261007-03804,2026-10-07 19:24:45,True,COMPLETED,,1,,
ORD-20261007-03805,2026-10-07 19:24:11,True,COMPLETED,,2,,
ORD-20261007-03806,2026-10-07 19:24:44,True,COMPLETED,,2,,
ORD-20261007-03807,2026-10-07 19:24:21,True,COMPLETED,,2,,
ORD-20261007-03808,2026-10-07 19:24:15,True,COMPLETED,,1,,
ORD-20261007-03809,2026-10-07 19:24:42,True,COMPLETED,,2,,
ORD-20261007-03810,2026-10-07 19:24:51,False,COMPLETED,,2,,
ORD-20261007-03811,2026-10-07 19:24:34,True,COMPLETED,,2,,
ORD-20261007-03812,2026-10-07 19:24:26,False,CANCELLED,PAYMENT_FAILED,2,2026-10-07 19:25:05,2026-10-07 19:24:42
ORD-20261007-03813,2026-10-07 19:24:10,True,COMPLETED,,1,,
ORD-20261007-03814,2026-10-07 19:24:39,False,CANCELLED,PAYMENT_FAILED,2,2026-10-07 19:25:34,
ORD-20261007-03815,2026-10-07 19:24:55,True,COMPLETED,,1,,
ORD-20261007-03816,2026-10-07 19:24:10,False,COMPLETED,,1,,
ORD-20261007-03817,2026-10-07 19:24:53,False,CANCELLED,PAYMENT_FAILED,1,2026-10-07 19:26:09,2026-10-07 19:25:56
ORD-20261007-03818,2026-10-07 19:24:53,True,COMPLETED,,1,,
ORD-20261007-03819,2026-10-07 19:24:00,True,COMPLETED,,1,,
ORD-20261007-03820,2026-10-07 19:24:04,False,CANCELLED,PAYMENT_FAILED,2,2026-10-07 19:24:52,
ORD-20261007-03821,2026-10-07 19:24:01,False,CANCELLED,PAYMENT_FAILED,1,2026-10-07 19:24:56,2026-10-07 19:24:38
ORD-20261007-03822,2026-10-07 19:24:21,True,COMPLETED,,1,,
ORD-20261007-03823,2026-10-07 19:24:30,True,COMPLETED,,2,,
ORD-20261007-03824,2026-10-07 19:24:18,True,COMPLETED,,2,,
ORD-20261007-03825,2026-10-07 19:24:11,True,COMPLETED,,1,,
ORD-20261007-03826,2026-10-07 19:24:53,True,COMPLETED,,1,,
ORD-20261007-03827,2026-10-07 19:24:03,True,COMPLETED,,2,,
ORD-20261007-03828,2026-10-07 19:24:42,False,CANCELLED,PAYMENT_FAILED,2,2026-10-07 19:26:08,2026-10-07 19:25:55
ORD-20261007-03829,2026-10-07 19:24:36,True,COMPLETED,,2,,
ORD-20261007-03830,2026-10-07 19:24:43,False,CANCELLED,PAYMENT_FAILED,2,2026-10-07 19:26:07,
ORD-20261007-03831,2026-10-07 19:24:57,True,COMPLETED,,2,,
ORD-20261007-03832,2026-10-07 19:24:10,True,COMPLETED,,2,,
ORD-20261007-03833,2026-10-07 19:24:28,True,COMPLETED,,2,,
ORD-20261007-03834,2026-10-07 19:24:01,False,COMPLETED,,1,,
ORD-20261007-03835,2026-10-07 19:24:59,True,COMPLETED,,1,,
ORD-20261007-03836,2026-10-07 19:24:51,False,COMPLETED,,2,,
ORD-20261007-03837,2026-10-07 19:24:42,True,COMPLETED,,2,,
ORD-20261007-03838,2026-10-07 19:24:01,True,COMPLETED,,2,,
ORD-20261007-03839,2026-10-07 19:24:50,True,COMPLETED,,2,,
ORD-20261007-03840,2026-10-07 19:24:13,True,COMPLETED,,1,,
ORD-20261007-03841,2026-10-07 19:24:40,True,COMPLETED,,2,,
ORD-20261007-03842,2026-10-07 19:25:26,True,COMPLETED,,2,,
ORD-20261007-03843,2026-10-07 19:25:41,False,CANCELLED,PAYMENT_FAILED,2,2026-10-07 19:26:53,2026-10-07 19:26:29
ORD-20261007-03844,2026-10-07 19:25:24,False,CANCELLED,PAYMENT_FAILED,1,2026-10-07 19:26:30,2026-10-07 19:26:08
ORD-20261007-03845,2026-10-07 19:25:07,True,COMPLETED,,2,,
ORD-20261007-03846,2026-10-07 19:25:46,True,COMPLETED,,1,,
ORD-20261007-03847,2026-10-07 19:25:14,True,COMPLETED,,2,,
ORD-20261007-03848,2026-10-07 19:25:12,True,COMPLETED,,2,,
ORD-20261007-03849,2026-10-07 19:25:35,True,COMPLETED,,1,,
ORD-20261007-03850,2026-10-07 19:25:34,False,CANCELLED,PAYMENT_FAILED,1,2026-10-07 19:26:25,2026-10-07 19:26:03
ORD-20261007-03851,2026-10-07 19:25:05,False,CANCELLED,PAYMENT_FAILED,2,2026-10-07 19:26:17,2026-10-07 19:25:58
ORD-20261007-03852,2026-10-07 19:25:26,False,CANCELLED,PAYMENT_FAILED,1,2026-10-07 19:26:46,2026-10-07 19:26:27
ORD-20261007-03853,2026-10-07 19:25:29,True,CANCELLED,DISPATCH_TIMEOUT,2,2026-10-07 19:26:45,2026-10-07 19:26:30
ORD-20261007-03854,2026-10-07 19:25:23,True,COMPLETED,,2,,
ORD-20261007-03855,2026-10-07 19:25:44,True,COMPLETED,,1,,
ORD-20261007-03856,2026-10-07 19:25:53,True,COMPLETED,,2,,
ORD-20261007-03857,2026-10-07 19:25:42,False,COMPLETED,,1,,
ORD-20261007-03858,2026-10-07 19:25:40,True,COMPLETED,,1,,
ORD-20261007-03859,2026-10-07 19:25:15,True,COMPLETED,,1,,
ORD-20261007-03860,2026-10-07 19:25:44,True,COMPLETED,,1,,
ORD-20261007-03861,2026-10-07 19:25:06,True,COMPLETED,,2,,
ORD-20261007-03862,2026-10-07 19:25:33,False,CANCELLED,PAYMENT_FAILED,1,2026-10-07 19:26:44,2026-10-07 19:26:33
ORD-20261007-03863,2026-10-07 19:25:42,True,COMPLETED,,2,,
ORD-20261007-03864,2026-10-07 19:25:09,True,COMPLETED,,1,,
ORD-20261007-03865,2026-10-07 19:25:22,True,COMPLETED,,2,,
ORD-20261007-03866,2026-10-07 19:25:57,True,COMPLETED,,1,,
ORD-20261007-03867,2026-10-07 19:25:51,True,COMPLETED,,1,,
ORD-20261007-03868,2026-10-07 19:25:33,True,COMPLETED,,1,,
ORD-20261007-03869,2026-10-07 19:25:25,False,CANCELLED,PAYMENT_FAILED,2,2026-10-07 19:26:21,2026-10-07 19:26:01
ORD-20261007-03870,2026-10-07 19:25:23,True,COMPLETED,,2,,
ORD-20261007-03871,2026-10-07 19:25:37,False,COMPLETED,,2,,
ORD-20261007-03872,2026-10-07 19:25:24,True,COMPLETED,,2,,
ORD-20261007-03873,2026-10-07 19:25:36,True,COMPLETED,,1,,
ORD-20261007-03874,2026-10-07 19:25:20,False,CANCELLED,PAYMENT_FAILED,2,2026-10-07 19:26:00,2026-10-07 19:25:50
ORD-20261007-03875,2026-10-07 19:25:25,False,COMPLETED,,2,,
ORD-20261007-03876,2026-10-07 19:25:27,False,COMPLETED,,2,,
ORD-20261007-03877,2026-10-07 19:25:37,True,COMPLETED,,1,,
ORD-20261007-03878,2026-10-07 19:25:24,False,COMPLETED,,1,,
ORD-20261007-03879,2026-10-07 19:25:16,True,COMPLETED,,1,,
ORD-20261007-03880,2026-10-07 19:25:10,True,COMPLETED,,1,,
ORD-20261007-03881,2026-10-07 19:25:38,True,COMPLETED,,1,,
ORD-20261007-03882,2026-10-07 19:25:28,True,COMPLETED,,1,,
ORD-20261007-03883,2026-10-07 19:25:38,False,CANCELLED,PAYMENT_FAILED,2,2026-10-07 19:26:27,2026-10-07 19:26:06
ORD-20261007-03884,2026-10-07 19:25:44,False,CANCELLED,PAYMENT_FAILED,1,2026-10-07 19:27:05,2026-10-07 19:26:51
ORD-20261007-03885,2026-10-07 19:25:44,False,CANCELLED,PAYMENT_FAILED,2,2026-10-07 19:26:22,2026-10-07 19:25:59
ORD-20261007-03886,2026-10-07 19:25:45,False,COMPLETED,,1,,
ORD-20261007-03887,2026-10-07 19:25:18,False,CANCELLED,PAYMENT_FAILED,2,2026-10-07 19:26:20,2026-10-07 19:25:59
ORD-20261007-03888,2026-10-07 19:26:42,True,COMPLETED,,1,,
ORD-20261007-03889,2026-10-07 19:26:33,True,COMPLETED,,2,,
ORD-20261007-03890,2026-10-07 19:26:59,False,CANCELLED,PAYMENT_FAILED,2,2026-10-07 19:28:15,2026-10-07 19:28:01
ORD-20261007-03891,2026-10-07 19:26:56,True,COMPLETED,,2,,
ORD-20261007-03892,2026-10-07 19:26:16,True,COMPLETED,,2,,
ORD-20261007-03893,2026-10-07 19:26:20,False,CANCELLED,PAYMENT_FAILED,2,2026-10-07 19:27:37,2026-10-07 19:27:19
ORD-20261007-03894,2026-10-07 19:26:39,True,COMPLETED,,2,,
ORD-20261007-03895,2026-10-07 19:26:31,True,COMPLETED,,2,,
ORD-20261007-03896,2026-10-07 19:26:30,True,COMPLETED,,1,,
ORD-20261007-03897,2026-10-07 19:26:24,False,CANCELLED,PAYMENT_FAILED,1,2026-10-07 19:27:31,2026-10-07 19:27:07
ORD-20261007-03898,2026-10-07 19:26:25,True,COMPLETED,,1,,
ORD-20261007-03899,2026-10-07 19:26:06,True,COMPLETED,,1,,
ORD-20261007-03900,2026-10-07 19:26:28,True,COMPLETED,,1,,
ORD-20261007-03901,2026-10-07 19:26:56,False,COMPLETED,,2,,
ORD-20261007-03902,2026-10-07 19:26:19,True,COMPLETED,,1,,
ORD-20261007-03903,2026-10-07 19:26:11,True,COMPLETED,,2,,
ORD-20261007-03904,2026-10-07 19:26:41,False,COMPLETED,,2,,
ORD-20261007-03905,2026-10-07 19:26:16,False,CANCELLED,PAYMENT_FAILED,1,2026-10-07 19:27:06,2026-10-07 19:26:56
ORD-20261007-03906,2026-10-07 19:26:10,True,COMPLETED,,2,,
ORD-20261007-03907,2026-10-07 19:26:13,False,COMPLETED,,2,,
ORD-20261007-03908,2026-10-07 19:26:18,True,COMPLETED,,1,,
ORD-20261007-03909,2026-10-07 19:26:07,True,COMPLETED,,1,,
ORD-20261007-03910,2026-10-07 19:26:17,True,COMPLETED,,1,,
ORD-20261007-03911,2026-10-07 19:26:18,False,COMPLETED,,1,,
ORD-20261007-03912,2026-10-07 19:26:17,True,COMPLETED,,1,,
ORD-20261007-03913,2026-10-07 19:26:41,False,CANCELLED,PAYMENT_FAILED,2,2026-10-07 19:28:04,2026-10-07 19:27:48
ORD-20261007-03914,2026-10-07 19:26:43,True,COMPLETED,,1,,
ORD-20261007-03915,2026-10-07 19:26:22,False,CANCELLED,PAYMENT_FAILED,1,2026-10-07 19:26:56,2026-10-07 19:26:43
ORD-20261007-03916,2026-10-07 19:26:15,True,COMPLETED,,2,,
ORD-20261007-03917,2026-10-07 19:26:39,True,COMPLETED,,2,,
ORD-20261007-03918,2026-10-07 19:26:15,True,COMPLETED,,1,,
ORD-20261007-03919,2026-10-07 19:26:23,True,COMPLETED,,1,,
ORD-20261007-03920,2026-10-07 19:26:05,False,COMPLETED,,1,,
ORD-20261007-03921,2026-10-07 19:26:05,False,COMPLETED,,1,,
ORD-20261007-03922,2026-10-07 19:26:39,True,COMPLETED,,1,,
ORD-20261007-03923,2026-10-07 19:26:56,True,COMPLETED,,2,,
ORD-20261007-03924,2026-10-07 19:26:51,False,CANCELLED,PAYMENT_FAILED,2,2026-10-07 19:28:15,
ORD-20261007-03925,2026-10-07 19:26:24,True,CANCELLED,DISPATCH_TIMEOUT,2,2026-10-07 19:27:14,2026-10-07 19:27:02
ORD-20261007-03926,2026-10-07 19:26:37,False,CANCELLED,PAYMENT_FAILED,2,2026-10-07 19:27:41,2026-10-07 19:27:19
ORD-20261007-03927,2026-10-07 19:26:46,False,COMPLETED,,1,,
ORD-20261007-03928,2026-10-07 19:26:10,True,COMPLETED,,1,,
ORD-20261007-03929,2026-10-07 19:26:29,False,CANCELLED,PAYMENT_FAILED,2,2026-10-07 19:27:54,2026-10-07 19:27:40
ORD-20261007-03930,2026-10-07 19:27:36,False,CANCELLED,PAYMENT_FAILED,2,2026-10-07 19:28:30,
ORD-20261007-03931,2026-10-07 19:27:25,True,COMPLETED,,1,,
ORD-20261007-03932,2026-10-07 19:27:06,True,COMPLETED,,1,,
ORD-20261007-03933,2026-10-07 19:27:08,True,COMPLETED,,1,,
ORD-20261007-03934,2026-10-07 19:27:41,True,COMPLETED,,2,,
ORD-20261007-03935,2026-10-07 19:27:03,True,COMPLETED,,1,,
ORD-20261007-03936,2026-10-07 19:27:28,False,CANCELLED,PAYMENT_FAILED,1,2026-10-07 19:28:29,2026-10-07 19:28:12
ORD-20261007-03937,2026-10-07 19:27:30,True,COMPLETED,,1,,
ORD-20261007-03938,2026-10-07 19:27:42,False,CANCELLED,PAYMENT_FAILED,2,2026-10-07 19:28:51,2026-10-07 19:28:30
ORD-20261007-03939,2026-10-07 19:27:08,True,COMPLETED,,2,,
ORD-20261007-03940,2026-10-07 19:27:11,False,COMPLETED,,1,,
ORD-20261007-03941,2026-10-07 19:27:02,True,COMPLETED,,1,,
ORD-20261007-03942,2026-10-07 19:27:55,True,COMPLETED,,2,,
ORD-20261007-03943,2026-10-07 19:27:08,True,COMPLETED,,1,,
ORD-20261007-03944,2026-10-07 19:27:55,False,CANCELLED,PAYMENT_FAILED,2,2026-10-07 19:28:57,
ORD-20261007-03945,2026-10-07 19:27:04,True,COMPLETED,,2,,
ORD-20261007-03946,2026-10-07 19:27:52,False,COMPLETED,,1,,
ORD-20261007-03947,2026-10-07 19:27:46,True,COMPLETED,,2,,
ORD-20261007-03948,2026-10-07 19:27:20,True,COMPLETED,,1,,
ORD-20261007-03949,2026-10-07 19:27:38,True,COMPLETED,,2,,
ORD-20261007-03950,2026-10-07 19:27:26,True,COMPLETED,,2,,
ORD-20261007-03951,2026-10-07 19:27:30,True,COMPLETED,,1,,
ORD-20261007-03952,2026-10-07 19:27:08,True,COMPLETED,,1,,
ORD-20261007-03953,2026-10-07 19:27:38,False,CANCELLED,PAYMENT_FAILED,2,2026-10-07 19:28:15,
ORD-20261007-03954,2026-10-07 19:27:30,True,COMPLETED,,2,,
ORD-20261007-03955,2026-10-07 19:27:55,True,COMPLETED,,1,,
ORD-20261007-03956,2026-10-07 19:27:32,True,COMPLETED,,2,,
ORD-20261007-03957,2026-10-07 19:27:02,True,COMPLETED,,1,,
ORD-20261007-03958,2026-10-07 19:27:58,True,COMPLETED,,2,,
ORD-20261007-03959,2026-10-07 19:27:55,True,COMPLETED,,1,,
ORD-20261007-03960,2026-10-07 19:27:04,False,CANCELLED,PAYMENT_FAILED,2,2026-10-07 19:27:45,
ORD-20261007-03961,2026-10-07 19:27:49,True,COMPLETED,,1,,
ORD-20261007-03962,2026-10-07 19:27:39,True,COMPLETED,,2,,
ORD-20261007-03963,2026-10-07 19:27:25,False,COMPLETED,,1,,
ORD-20261007-03964,2026-10-07 19:27:11,True,COMPLETED,,1,,
ORD-20261007-03965,2026-10-07 19:27:24,True,COMPLETED,,1,,
ORD-20261007-03966,2026-10-07 19:27:12,True,COMPLETED,,1,,
ORD-20261007-03967,2026-10-07 19:27:28,True,COMPLETED,,1,,
ORD-20261007-03968,2026-10-07 19:27:27,False,CANCELLED,PAYMENT_FAILED,1,2026-10-07 19:28:48,2026-10-07 19:28:34
ORD-20261007-03969,2026-10-07 19:27:59,True,COMPLETED,,2,,
ORD-20261007-03970,2026-10-07 19:27:28,True,COMPLETED,,2,,
ORD-20261007-03971,2026-10-07 19:27:11,True,COMPLETED,,2,,
ORD-20261007-03972,2026-10-07 19:27:06,False,CANCELLED,PAYMENT_FAILED,1,2026-10-07 19:28:11,
ORD-20261007-03973,2026-10-07 19:27:14,False,CANCELLED,PAYMENT_FAILED,2,2026-10-07 19:28:17,
ORD-20261007-03974,2026-10-07 19:28:16,True,COMPLETED,,2,,
ORD-20261007-03975,2026-10-07 19:28:33,True,COMPLETED,,1,,
ORD-20261007-03976,2026-10-07 19:28:59,False,CANCELLED,PAYMENT_FAILED,1,2026-10-07 19:29:46,2026-10-07 19:29:22
ORD-20261007-03977,2026-10-07 19:28:35,True,COMPLETED,,2,,
ORD-20261007-03978,2026-10-07 19:28:57,False,CANCELLED,PAYMENT_FAILED,1,2026-10-07 19:30:00,
ORD-20261007-03979,2026-10-07 19:28:12,True,COMPLETED,,2,,
ORD-20261007-03980,2026-10-07 19:28:03,True,COMPLETED,,2,,
ORD-20261007-03981,2026-10-07 19:28:33,True,COMPLETED,,2,,
ORD-20261007-03982,2026-10-07 19:28:44,False,CANCELLED,PAYMENT_FAILED,1,2026-10-07 19:29:19,2026-10-07 19:29:03
ORD-20261007-03983,2026-10-07 19:28:45,True,COMPLETED,,1,,
ORD-20261007-03984,2026-10-07 19:28:26,True,COMPLETED,,1,,
ORD-20261007-03985,2026-10-07 19:28:30,True,COMPLETED,,2,,
ORD-20261007-03986,2026-10-07 19:28:30,True,COMPLETED,,2,,
ORD-20261007-03987,2026-10-07 19:28:23,True,COMPLETED,,2,,
ORD-20261007-03988,2026-10-07 19:28:32,False,CANCELLED,PAYMENT_FAILED,1,2026-10-07 19:29:50,2026-10-07 19:29:28
ORD-20261007-03989,2026-10-07 19:28:58,False,CANCELLED,PAYMENT_FAILED,1,2026-10-07 19:29:35,
ORD-20261007-03990,2026-10-07 19:28:10,True,COMPLETED,,2,,
ORD-20261007-03991,2026-10-07 19:28:52,True,COMPLETED,,2,,
ORD-20261007-03992,2026-10-07 19:28:41,True,COMPLETED,,1,,
ORD-20261007-03993,2026-10-07 19:28:05,False,CANCELLED,PAYMENT_FAILED,2,2026-10-07 19:29:24,2026-10-07 19:29:13
ORD-20261007-03994,2026-10-07 19:28:49,True,COMPLETED,,1,,
ORD-20261007-03995,2026-10-07 19:28:32,True,COMPLETED,,1,,
ORD-20261007-03996,2026-10-07 19:28:53,True,COMPLETED,,2,,
ORD-20261007-03997,2026-10-07 19:28:08,True,COMPLETED,,2,,
ORD-20261007-03998,2026-10-07 19:28:44,True,COMPLETED,,1,,
ORD-20261007-03999,2026-10-07 19:28:27,True,COMPLETED,,1,,
ORD-20261007-04000,2026-10-07 19:28:25,False,CANCELLED,PAYMENT_FAILED,1,2026-10-07 19:29:17,2026-10-07 19:28:55
ORD-20261007-04001,2026-10-07 19:28:14,True,COMPLETED,,1,,
ORD-20261007-04002,2026-10-07 19:28:18,True,COMPLETED,,1,,
ORD-20261007-04003,2026-10-07 19:28:29,True,COMPLETED,,2,,
ORD-20261007-04004,2026-10-07 19:28:36,True,COMPLETED,,1,,
ORD-20261007-04005,2026-10-07 19:28:53,True,COMPLETED,,2,,
ORD-20261007-04006,2026-10-07 19:28:45,True,COMPLETED,,1,,
ORD-20261007-04007,2026-10-07 19:28:38,False,COMPLETED,,1,,
ORD-20261007-04008,2026-10-07 19:28:44,True,COMPLETED,,1,,
ORD-20261007-04009,2026-10-07 19:28:32,True,COMPLETED,,1,,
ORD-20261007-04010,2026-10-07 19:28:07,True,COMPLETED,,1,,
ORD-20261007-04011,2026-10-07 19:28:24,True,COMPLETED,,1,,
ORD-20261007-04012,2026-10-07 19:28:55,True,COMPLETED,,1,,
ORD-20261007-04013,2026-10-07 19:28:50,True,COMPLETED,,2,,
ORD-20261007-04014,2026-10-07 19:28:38,False,CANCELLED,PAYMENT_FAILED,1,2026-10-07 19:30:07,
ORD-20261007-04015,2026-10-07 19:28:06,False,CANCELLED,PAYMENT_FAILED,2,2026-10-07 19:28:47,2026-10-07 19:28:27
ORD-20261007-04016,2026-10-07 19:28:58,True,COMPLETED,,1,,
ORD-20261007-04017,2026-10-07 19:28:49,True,COMPLETED,,2,,
ORD-20261007-04018,2026-10-07 19:28:16,True,COMPLETED,,1,,
ORD-20261007-04019,2026-10-07 19:28:33,True,COMPLETED,,1,,
ORD-20261007-04020,2026-10-07 19:28:18,True,CANCELLED,RIDER_REJECTION,2,2026-10-07 19:29:03,2026-10-07 19:28:53
ORD-20261007-04021,2026-10-07 19:29:00,False,CANCELLED,PAYMENT_FAILED,2,2026-10-07 19:30:14,2026-10-07 19:30:04
ORD-20261007-04022,2026-10-07 19:29:39,True,COMPLETED,,2,,
ORD-20261007-04023,2026-10-07 19:29:14,False,COMPLETED,,1,,
ORD-20261007-04024,2026-10-07 19:29:29,True,CANCELLED,RIDER_REJECTION,2,2026-10-07 19:30:54,2026-10-07 19:30:38
ORD-20261007-04025,2026-10-07 19:29:25,True,COMPLETED,,1,,
ORD-20261007-04026,2026-10-07 19:29:29,False,CANCELLED,PAYMENT_FAILED,1,2026-10-07 19:30:25,
ORD-20261007-04027,2026-10-07 19:29:17,True,COMPLETED,,2,,
ORD-20261007-04028,2026-10-07 19:29:54,False,CANCELLED,PAYMENT_FAILED,1,2026-10-07 19:30:53,2026-10-07 19:30:35
ORD-20261007-04029,2026-10-07 19:29:39,False,CANCELLED,PAYMENT_FAILED,2,2026-10-07 19:30:19,2026-10-07 19:30:09
ORD-20261007-04030,2026-10-07 19:29:54,False,CANCELLED,PAYMENT_FAILED,2,2026-10-07 19:30:48,
ORD-20261007-04031,2026-10-07 19:29:44,True,COMPLETED,,2,,
ORD-20261007-04032,2026-10-07 19:29:07,True,COMPLETED,,2,,
ORD-20261007-04033,2026-10-07 19:29:03,True,COMPLETED,,1,,
ORD-20261007-04034,2026-10-07 19:29:50,False,COMPLETED,,1,,
ORD-20261007-04035,2026-10-07 19:29:32,True,COMPLETED,,1,,
ORD-20261007-04036,2026-10-07 19:29:32,False,COMPLETED,,2,,
ORD-20261007-04037,2026-10-07 19:29:56,True,COMPLETED,,2,,
ORD-20261007-04038,2026-10-07 19:29:38,True,COMPLETED,,2,,
ORD-20261007-04039,2026-10-07 19:29:39,False,CANCELLED,PAYMENT_FAILED,1,2026-10-07 19:30:16,2026-10-07 19:29:58
ORD-20261007-04040,2026-10-07 19:29:55,True,COMPLETED,,1,,
ORD-20261007-04041,2026-10-07 19:29:17,False,CANCELLED,PAYMENT_FAILED,2,2026-10-07 19:30:05,2026-10-07 19:29:45
ORD-20261007-04042,2026-10-07 19:29:45,True,COMPLETED,,1,,
ORD-20261007-04043,2026-10-07 19:29:57,True,COMPLETED,,1,,
ORD-20261007-04044,2026-10-07 19:29:14,False,CANCELLED,PAYMENT_FAILED,2,2026-10-07 19:30:05,2026-10-07 19:29:51
ORD-20261007-04045,2026-10-07 19:29:54,False,CANCELLED,PAYMENT_FAILED,1,2026-10-07 19:30:52,
ORD-20261007-04046,2026-10-07 19:29:42,True,COMPLETED,,1,,
ORD-20261007-04047,2026-10-07 19:29:23,True,COMPLETED,,2,,
ORD-20261007-04048,2026-10-07 19:29:05,True,COMPLETED,,2,,
ORD-20261007-04049,2026-10-07 19:29:04,False,COMPLETED,,1,,
ORD-20261007-04050,2026-10-07 19:29:03,False,CANCELLED,PAYMENT_FAILED,2,2026-10-07 19:29:42,2026-10-07 19:29:31
ORD-20261007-04051,2026-10-07 19:29:03,True,COMPLETED,,2,,
ORD-20261007-04052,2026-10-07 19:29:58,False,COMPLETED,,2,,
ORD-20261007-04053,2026-10-07 19:29:00,True,COMPLETED,,1,,
ORD-20261007-04054,2026-10-07 19:29:01,True,COMPLETED,,1,,
ORD-20261007-04055,2026-10-07 19:29:36,False,CANCELLED,PAYMENT_FAILED,1,2026-10-07 19:30:10,2026-10-07 19:29:46
ORD-20261007-04056,2026-10-07 19:29:01,True,COMPLETED,,1,,
ORD-20261007-04057,2026-10-07 19:29:59,False,CANCELLED,PAYMENT_FAILED,1,2026-10-07 19:31:21,
ORD-20261007-04058,2026-10-07 19:29:24,True,COMPLETED,,2,,
ORD-20261007-04059,2026-10-07 19:29:15,True,COMPLETED,,2,,
ORD-20261007-04060,2026-10-07 19:29:23,True,CANCELLED,DISPATCH_TIMEOUT,2,2026-10-07 19:29:54,
ORD-20261007-04061,2026-10-07 19:29:48,True,COMPLETED,,1,,
ORD-20261007-04062,2026-10-07 19:29:10,False,COMPLETED,,2,,
ORD-20261007-04063,2026-10-07 19:29:36,True,COMPLETED,,2,,
ORD-20261007-04064,2026-10-07 19:29:39,True,COMPLETED,,2,,
ORD-20261007-04065,2026-10-07 19:29:13,True,COMPLETED,,1,,
ORD-20261007-04066,2026-10-07 19:29:59,True,COMPLETED,,2,,
ORD-20261007-04067,2026-10-07 19:29:05,True,COMPLETED,,2,,
ORD-20261007-04068,2026-10-07 19:30:44,True,COMPLETED,,2,,
ORD-20261007-04069,2026-10-07 19:30:54,True,COMPLETED,,1,,
ORD-20261007-04070,2026-10-07 19:30:16,True,COMPLETED,,1,,
ORD-20261007-04071,2026-10-07 19:30:19,False,CANCELLED,PAYMENT_FAILED,2,2026-10-07 19:31:07,
ORD-20261007-04072,2026-10-07 19:30:17,True,CANCELLED,DISPATCH_TIMEOUT,1,2026-10-07 19:30:50,2026-10-07 19:30:37
ORD-20261007-04073,2026-10-07 19:30:45,True,COMPLETED,,1,,
ORD-20261007-04074,2026-10-07 19:30:14,True,COMPLETED,,1,,
ORD-20261007-04075,2026-10-07 19:30:27,True,COMPLETED,,2,,
ORD-20261007-04076,2026-10-07 19:30:53,True,COMPLETED,,2,,
ORD-20261007-04077,2026-10-07 19:30:13,True,COMPLETED,,1,,
ORD-20261007-04078,2026-10-07 19:30:30,True,COMPLETED,,1,,
ORD-20261007-04079,2026-10-07 19:30:25,False,CANCELLED,PAYMENT_FAILED,1,2026-10-07 19:31:37,
ORD-20261007-04080,2026-10-07 19:30:40,False,COMPLETED,,1,,
ORD-20261007-04081,2026-10-07 19:30:36,False,CANCELLED,PAYMENT_FAILED,1,2026-10-07 19:31:37,2026-10-07 19:31:19
ORD-20261007-04082,2026-10-07 19:30:01,False,CANCELLED,PAYMENT_FAILED,1,2026-10-07 19:30:31,2026-10-07 19:30:07
ORD-20261007-04083,2026-10-07 19:30:11,False,CANCELLED,PAYMENT_FAILED,2,2026-10-07 19:31:35,
ORD-20261007-04084,2026-10-07 19:30:59,True,COMPLETED,,1,,
ORD-20261007-04085,2026-10-07 19:30:11,True,COMPLETED,,2,,
ORD-20261007-04086,2026-10-07 19:30:26,True,COMPLETED,,1,,
ORD-20261007-04087,2026-10-07 19:30:39,False,COMPLETED,,2,,
ORD-20261007-04088,2026-10-07 19:30:57,False,CANCELLED,PAYMENT_FAILED,2,2026-10-07 19:31:38,
ORD-20261007-04089,2026-10-07 19:30:53,True,COMPLETED,,1,,
ORD-20261007-04090,2026-10-07 19:30:45,True,COMPLETED,,2,,
ORD-20261007-04091,2026-10-07 19:30:35,True,COMPLETED,,2,,
ORD-20261007-04092,2026-10-07 19:30:46,True,COMPLETED,,1,,
ORD-20261007-04093,2026-10-07 19:30:36,True,COMPLETED,,1,,
ORD-20261007-04094,2026-10-07 19:30:04,False,CANCELLED,PAYMENT_FAILED,1,2026-10-07 19:31:20,
ORD-20261007-04095,2026-10-07 19:30:35,True,COMPLETED,,2,,
ORD-20261007-04096,2026-10-07 19:30:30,True,COMPLETED,,1,,
ORD-20261007-04097,2026-10-07 19:30:27,True,COMPLETED,,1,,
ORD-20261007-04098,2026-10-07 19:30:22,False,COMPLETED,,1,,
ORD-20261007-04099,2026-10-07 19:30:42,True,COMPLETED,,1,,
ORD-20261007-04100,2026-10-07 19:30:05,True,COMPLETED,,2,,
ORD-20261007-04101,2026-10-07 19:30:09,False,CANCELLED,PAYMENT_FAILED,2,2026-10-07 19:31:16,2026-10-07 19:30:53
ORD-20261007-04102,2026-10-07 19:30:43,False,CANCELLED,PAYMENT_FAILED,2,2026-10-07 19:32:05,
ORD-20261007-04103,2026-10-07 19:30:08,True,COMPLETED,,2,,
ORD-20261007-04104,2026-10-07 19:30:16,True,COMPLETED,,1,,
ORD-20261007-04105,2026-10-07 19:30:36,True,COMPLETED,,1,,
ORD-20261007-04106,2026-10-07 19:30:24,True,COMPLETED,,2,,
ORD-20261007-04107,2026-10-07 19:30:53,True,COMPLETED,,1,,
ORD-20261007-04108,2026-10-07 19:30:34,True,COMPLETED,,2,,
ORD-20261007-04109,2026-10-07 19:30:41,False,COMPLETED,,1,,
ORD-20261007-04110,2026-10-07 19:30:39,True,COMPLETED,,2,,
ORD-20261007-04111,2026-10-07 19:30:11,False,CANCELLED,PAYMENT_FAILED,1,2026-10-07 19:31:28,2026-10-07 19:31:12
ORD-20261007-04112,2026-10-07 19:30:42,True,COMPLETED,,1,,
ORD-20261007-04113,2026-10-07 19:31:36,False,CANCELLED,PAYMENT_FAILED,1,2026-10-07 19:32:20,
ORD-20261007-04114,2026-10-07 19:31:59,False,CANCELLED,PAYMENT_FAILED,2,2026-10-07 19:33:00,2026-10-07 19:32:41
ORD-20261007-04115,2026-10-07 19:31:54,True,COMPLETED,,1,,
ORD-20261007-04116,2026-10-07 19:31:36,True,COMPLETED,,1,,
ORD-20261007-04117,2026-10-07 19:31:27,True,COMPLETED,,1,,
ORD-20261007-04118,2026-10-07 19:31:04,True,COMPLETED,,1,,
ORD-20261007-04119,2026-10-07 19:31:36,True,COMPLETED,,2,,
ORD-20261007-04120,2026-10-07 19:31:48,True,COMPLETED,,2,,
ORD-20261007-04121,2026-10-07 19:31:16,True,COMPLETED,,1,,
ORD-20261007-04122,2026-10-07 19:31:52,True,COMPLETED,,1,,
ORD-20261007-04123,2026-10-07 19:31:32,True,COMPLETED,,1,,
ORD-20261007-04124,2026-10-07 19:31:59,True,COMPLETED,,1,,
ORD-20261007-04125,2026-10-07 19:31:20,False,CANCELLED,PAYMENT_FAILED,1,2026-10-07 19:31:58,
ORD-20261007-04126,2026-10-07 19:31:28,True,COMPLETED,,2,,
ORD-20261007-04127,2026-10-07 19:31:30,False,CANCELLED,PAYMENT_FAILED,2,2026-10-07 19:32:40,2026-10-07 19:32:26
ORD-20261007-04128,2026-10-07 19:31:18,True,COMPLETED,,1,,
ORD-20261007-04129,2026-10-07 19:31:12,True,COMPLETED,,1,,
ORD-20261007-04130,2026-10-07 19:31:07,False,COMPLETED,,1,,
ORD-20261007-04131,2026-10-07 19:31:56,False,CANCELLED,PAYMENT_FAILED,1,2026-10-07 19:32:33,2026-10-07 19:32:17
ORD-20261007-04132,2026-10-07 19:31:09,True,COMPLETED,,1,,
ORD-20261007-04133,2026-10-07 19:31:48,True,COMPLETED,,2,,
ORD-20261007-04134,2026-10-07 19:31:58,True,COMPLETED,,2,,
ORD-20261007-04135,2026-10-07 19:31:08,True,COMPLETED,,1,,
ORD-20261007-04136,2026-10-07 19:31:17,True,COMPLETED,,2,,
ORD-20261007-04137,2026-10-07 19:31:07,True,COMPLETED,,2,,
ORD-20261007-04138,2026-10-07 19:31:40,False,CANCELLED,PAYMENT_FAILED,2,2026-10-07 19:32:49,2026-10-07 19:32:38
ORD-20261007-04139,2026-10-07 19:31:17,True,COMPLETED,,2,,
ORD-20261007-04140,2026-10-07 19:31:31,False,CANCELLED,PAYMENT_FAILED,2,2026-10-07 19:32:46,2026-10-07 19:32:34
ORD-20261007-04141,2026-10-07 19:31:55,False,COMPLETED,,1,,
ORD-20261007-04142,2026-10-07 19:31:07,True,COMPLETED,,1,,
ORD-20261007-04143,2026-10-07 19:31:01,True,COMPLETED,,2,,
ORD-20261007-04144,2026-10-07 19:31:31,True,COMPLETED,,2,,
ORD-20261007-04145,2026-10-07 19:31:38,True,COMPLETED,,1,,
ORD-20261007-04146,2026-10-07 19:31:27,True,COMPLETED,,1,,
ORD-20261007-04147,2026-10-07 19:31:37,True,COMPLETED,,1,,
ORD-20261007-04148,2026-10-07 19:31:01,True,COMPLETED,,1,,
ORD-20261007-04149,2026-10-07 19:31:23,True,COMPLETED,,2,,
ORD-20261007-04150,2026-10-07 19:31:25,True,COMPLETED,,1,,
ORD-20261007-04151,2026-10-07 19:31:19,False,COMPLETED,,2,,
ORD-20261007-04152,2026-10-07 19:31:17,True,COMPLETED,,1,,
ORD-20261007-04153,2026-10-07 19:31:58,True,COMPLETED,,2,,
ORD-20261007-04154,2026-10-07 19:31:01,True,COMPLETED,,2,,
ORD-20261007-04155,2026-10-07 19:31:50,False,CANCELLED,PAYMENT_FAILED,1,2026-10-07 19:32:26,2026-10-07 19:32:07
ORD-20261007-04156,2026-10-07 19:31:06,True,COMPLETED,,2,,
ORD-20261007-04157,2026-10-07 19:31:59,True,COMPLETED,,2,,
ORD-20261007-04158,2026-10-07 19:31:09,False,CANCELLED,PAYMENT_FAILED,2,2026-10-07 19:32:23,2026-10-07 19:32:00
ORD-20261007-04159,2026-10-07 19:31:51,True,COMPLETED,,2,,
ORD-20261007-04160,2026-10-07 19:32:41,True,CANCELLED,RIDER_REJECTION,2,2026-10-07 19:33:16,2026-10-07 19:33:02
ORD-20261007-04161,2026-10-07 19:32:15,True,COMPLETED,,1,,
ORD-20261007-04162,2026-10-07 19:32:03,True,CANCELLED,DISPATCH_TIMEOUT,2,2026-10-07 19:32:36,2026-10-07 19:32:25
ORD-20261007-04163,2026-10-07 19:32:09,False,CANCELLED,PAYMENT_FAILED,1,2026-10-07 19:33:38,2026-10-07 19:33:28
ORD-20261007-04164,2026-10-07 19:32:16,True,COMPLETED,,2,,
ORD-20261007-04165,2026-10-07 19:32:57,True,COMPLETED,,2,,
ORD-20261007-04166,2026-10-07 19:32:16,False,CANCELLED,PAYMENT_FAILED,1,2026-10-07 19:33:09,
ORD-20261007-04167,2026-10-07 19:32:03,True,COMPLETED,,2,,
ORD-20261007-04168,2026-10-07 19:32:49,False,COMPLETED,,2,,
ORD-20261007-04169,2026-10-07 19:32:51,True,COMPLETED,,1,,
ORD-20261007-04170,2026-10-07 19:32:16,True,COMPLETED,,2,,
ORD-20261007-04171,2026-10-07 19:32:31,False,CANCELLED,PAYMENT_FAILED,1,2026-10-07 19:33:26,2026-10-07 19:33:13
ORD-20261007-04172,2026-10-07 19:32:31,True,COMPLETED,,2,,
ORD-20261007-04173,2026-10-07 19:32:38,True,COMPLETED,,2,,
ORD-20261007-04174,2026-10-07 19:32:28,True,COMPLETED,,1,,
ORD-20261007-04175,2026-10-07 19:32:20,True,COMPLETED,,1,,
ORD-20261007-04176,2026-10-07 19:32:03,True,COMPLETED,,1,,
ORD-20261007-04177,2026-10-07 19:32:11,True,COMPLETED,,2,,
ORD-20261007-04178,2026-10-07 19:32:58,True,COMPLETED,,2,,
ORD-20261007-04179,2026-10-07 19:32:55,True,COMPLETED,,1,,
ORD-20261007-04180,2026-10-07 19:32:41,False,CANCELLED,PAYMENT_FAILED,1,2026-10-07 19:33:21,
ORD-20261007-04181,2026-10-07 19:32:26,False,CANCELLED,PAYMENT_FAILED,2,2026-10-07 19:32:56,
ORD-20261007-04182,2026-10-07 19:32:33,False,CANCELLED,PAYMENT_FAILED,1,2026-10-07 19:34:00,
ORD-20261007-04183,2026-10-07 19:32:34,False,CANCELLED,PAYMENT_FAILED,2,2026-10-07 19:33:22,
ORD-20261007-04184,2026-10-07 19:32:09,False,CANCELLED,PAYMENT_FAILED,1,2026-10-07 19:33:30,2026-10-07 19:33:20
ORD-20261007-04185,2026-10-07 19:32:00,False,COMPLETED,,2,,
ORD-20261007-04186,2026-10-07 19:32:08,True,COMPLETED,,1,,
ORD-20261007-04187,2026-10-07 19:32:24,True,COMPLETED,,1,,
ORD-20261007-04188,2026-10-07 19:32:47,True,COMPLETED,,2,,
ORD-20261007-04189,2026-10-07 19:32:05,True,COMPLETED,,1,,
ORD-20261007-04190,2026-10-07 19:32:15,True,COMPLETED,,2,,
ORD-20261007-04191,2026-10-07 19:32:20,False,COMPLETED,,1,,
ORD-20261007-04192,2026-10-07 19:32:28,True,COMPLETED,,2,,
ORD-20261007-04193,2026-10-07 19:32:36,False,COMPLETED,,1,,
ORD-20261007-04194,2026-10-07 19:32:24,False,CANCELLED,PAYMENT_FAILED,1,2026-10-07 19:33:27,
ORD-20261007-04195,2026-10-07 19:32:22,False,CANCELLED,PAYMENT_FAILED,1,2026-10-07 19:33:29,2026-10-07 19:33:06
ORD-20261007-04196,2026-10-07 19:32:09,False,COMPLETED,,1,,
ORD-20261007-04197,2026-10-07 19:32:40,True,COMPLETED,,1,,
ORD-20261007-04198,2026-10-07 19:32:49,True,COMPLETED,,1,,
ORD-20261007-04199,2026-10-07 19:32:07,False,CANCELLED,PAYMENT_FAILED,2,2026-10-07 19:32:38,2026-10-07 19:32:26
ORD-20261007-04200,2026-10-07 19:32:43,True,COMPLETED,,1,,
ORD-20261007-04201,2026-10-07 19:32:53,True,COMPLETED,,1,,
ORD-20261007-04202,2026-10-07 19:32:33,True,COMPLETED,,1,,
ORD-20261007-04203,2026-10-07 19:32:19,True,COMPLETED,,1,,
ORD-20261007-04204,2026-10-07 19:32:05,False,CANCELLED,PAYMENT_FAILED,2,2026-10-07 19:32:38,2026-10-07 19:32:27
ORD-20261007-04205,2026-10-07 19:32:47,False,CANCELLED,PAYMENT_FAILED,2,2026-10-07 19:33:24,
ORD-20261007-04206,2026-10-07 19:32:27,True,COMPLETED,,2,,
ORD-20261007-04207,2026-10-07 19:33:36,False,CANCELLED,PAYMENT_FAILED,1,2026-10-07 19:34:36,2026-10-07 19:34:25
ORD-20261007-04208,2026-10-07 19:33:38,True,COMPLETED,,1,,
ORD-20261007-04209,2026-10-07 19:33:05,True,COMPLETED,,1,,
ORD-20261007-04210,2026-10-07 19:33:40,True,CANCELLED,RIDER_REJECTION,2,2026-10-07 19:34:15,2026-10-07 19:33:54
ORD-20261007-04211,2026-10-07 19:33:40,False,COMPLETED,,2,,
ORD-20261007-04212,2026-10-07 19:33:36,True,COMPLETED,,2,,
ORD-20261007-04213,2026-10-07 19:33:45,False,CANCELLED,PAYMENT_FAILED,2,2026-10-07 19:34:20,2026-10-07 19:34:05
ORD-20261007-04214,2026-10-07 19:33:56,True,COMPLETED,,2,,
ORD-20261007-04215,2026-10-07 19:33:35,True,COMPLETED,,2,,
ORD-20261007-04216,2026-10-07 19:33:33,False,CANCELLED,PAYMENT_FAILED,2,2026-10-07 19:34:15,2026-10-07 19:33:55
ORD-20261007-04217,2026-10-07 19:33:34,True,COMPLETED,,2,,
ORD-20261007-04218,2026-10-07 19:33:53,True,COMPLETED,,1,,
ORD-20261007-04219,2026-10-07 19:33:51,False,CANCELLED,PAYMENT_FAILED,1,2026-10-07 19:34:44,2026-10-07 19:34:25
ORD-20261007-04220,2026-10-07 19:33:27,True,COMPLETED,,1,,
ORD-20261007-04221,2026-10-07 19:33:18,True,COMPLETED,,1,,
ORD-20261007-04222,2026-10-07 19:33:39,True,COMPLETED,,2,,
ORD-20261007-04223,2026-10-07 19:33:21,False,CANCELLED,PAYMENT_FAILED,1,2026-10-07 19:34:45,2026-10-07 19:34:24
ORD-20261007-04224,2026-10-07 19:33:52,True,COMPLETED,,2,,
ORD-20261007-04225,2026-10-07 19:33:50,True,COMPLETED,,1,,
ORD-20261007-04226,2026-10-07 19:33:23,False,CANCELLED,PAYMENT_FAILED,2,2026-10-07 19:34:23,
ORD-20261007-04227,2026-10-07 19:33:30,True,COMPLETED,,2,,
ORD-20261007-04228,2026-10-07 19:33:14,True,COMPLETED,,1,,
ORD-20261007-04229,2026-10-07 19:33:36,True,COMPLETED,,2,,
ORD-20261007-04230,2026-10-07 19:33:17,True,COMPLETED,,1,,
ORD-20261007-04231,2026-10-07 19:33:46,True,COMPLETED,,1,,
ORD-20261007-04232,2026-10-07 19:33:07,False,CANCELLED,PAYMENT_FAILED,1,2026-10-07 19:33:56,2026-10-07 19:33:38
ORD-20261007-04233,2026-10-07 19:33:24,True,COMPLETED,,1,,
ORD-20261007-04234,2026-10-07 19:33:04,False,CANCELLED,PAYMENT_FAILED,2,2026-10-07 19:34:10,2026-10-07 19:33:50
ORD-20261007-04235,2026-10-07 19:33:21,False,COMPLETED,,2,,
ORD-20261007-04236,2026-10-07 19:33:45,False,CANCELLED,PAYMENT_FAILED,1,2026-10-07 19:34:45,
ORD-20261007-04237,2026-10-07 19:33:48,False,CANCELLED,PAYMENT_FAILED,1,2026-10-07 19:34:58,2026-10-07 19:34:37
ORD-20261007-04238,2026-10-07 19:33:40,True,COMPLETED,,1,,
ORD-20261007-04239,2026-10-07 19:33:24,True,COMPLETED,,2,,
ORD-20261007-04240,2026-10-07 19:33:02,True,COMPLETED,,1,,
ORD-20261007-04241,2026-10-07 19:33:44,False,CANCELLED,PAYMENT_FAILED,2,2026-10-07 19:35:11,2026-10-07 19:35:00
ORD-20261007-04242,2026-10-07 19:33:30,True,COMPLETED,,1,,
ORD-20261007-04243,2026-10-07 19:33:43,True,COMPLETED,,1,,
ORD-20261007-04244,2026-10-07 19:33:07,False,CANCELLED,PAYMENT_FAILED,1,2026-10-07 19:34:34,2026-10-07 19:34:12
ORD-20261007-04245,2026-10-07 19:33:29,True,COMPLETED,,2,,
ORD-20261007-04246,2026-10-07 19:33:21,True,COMPLETED,,1,,
ORD-20261007-04247,2026-10-07 19:33:54,True,COMPLETED,,1,,
ORD-20261007-04248,2026-10-07 19:33:51,True,COMPLETED,,1,,
ORD-20261007-04249,2026-10-07 19:33:26,True,COMPLETED,,2,,
ORD-20261007-04250,2026-10-07 19:33:07,True,COMPLETED,,2,,
ORD-20261007-04251,2026-10-07 19:34:08,False,CANCELLED,PAYMENT_FAILED,1,2026-10-07 19:34:50,
ORD-20261007-04252,2026-10-07 19:34:39,True,COMPLETED,,2,,
ORD-20261007-04253,2026-10-07 19:34:35,True,COMPLETED,,1,,
ORD-20261007-04254,2026-10-07 19:34:05,True,COMPLETED,,1,,
ORD-20261007-04255,2026-10-07 19:34:24,True,COMPLETED,,1,,
ORD-20261007-04256,2026-10-07 19:34:00,True,CANCELLED,DISPATCH_TIMEOUT,1,2026-10-07 19:35:04,2026-10-07 19:34:44
ORD-20261007-04257,2026-10-07 19:34:34,True,CANCELLED,DISPATCH_TIMEOUT,2,2026-10-07 19:35:59,2026-10-07 19:35:42
ORD-20261007-04258,2026-10-07 19:34:17,True,COMPLETED,,2,,
ORD-20261007-04259,2026-10-07 19:34:48,True,COMPLETED,,1,,
ORD-20261007-04260,2026-10-07 19:34:04,True,COMPLETED,,2,,
ORD-20261007-04261,2026-10-07 19:34:56,False,CANCELLED,PAYMENT_FAILED,2,2026-10-07 19:35:29,2026-10-07 19:35:13
ORD-20261007-04262,2026-10-07 19:34:45,True,COMPLETED,,1,,
ORD-20261007-04263,2026-10-07 19:34:10,False,COMPLETED,,2,,
ORD-20261007-04264,2026-10-07 19:34:29,True,COMPLETED,,2,,
ORD-20261007-04265,2026-10-07 19:34:32,False,CANCELLED,PAYMENT_FAILED,1,2026-10-07 19:35:21,2026-10-07 19:35:04
ORD-20261007-04266,2026-10-07 19:34:40,True,COMPLETED,,2,,
ORD-20261007-04267,2026-10-07 19:34:57,True,COMPLETED,,1,,
ORD-20261007-04268,2026-10-07 19:34:18,False,CANCELLED,PAYMENT_FAILED,1,2026-10-07 19:35:23,2026-10-07 19:35:05
ORD-20261007-04269,2026-10-07 19:34:33,False,COMPLETED,,2,,
ORD-20261007-04270,2026-10-07 19:34:29,False,COMPLETED,,1,,
ORD-20261007-04271,2026-10-07 19:34:46,True,COMPLETED,,2,,
ORD-20261007-04272,2026-10-07 19:34:31,True,COMPLETED,,1,,
ORD-20261007-04273,2026-10-07 19:34:47,False,COMPLETED,,2,,
ORD-20261007-04274,2026-10-07 19:34:50,False,CANCELLED,PAYMENT_FAILED,2,2026-10-07 19:35:46,
ORD-20261007-04275,2026-10-07 19:34:54,False,CANCELLED,PAYMENT_FAILED,2,2026-10-07 19:35:45,2026-10-07 19:35:30
ORD-20261007-04276,2026-10-07 19:34:45,False,COMPLETED,,2,,
ORD-20261007-04277,2026-10-07 19:34:12,False,CANCELLED,PAYMENT_FAILED,1,2026-10-07 19:35:04,
ORD-20261007-04278,2026-10-07 19:34:45,True,COMPLETED,,1,,
ORD-20261007-04279,2026-10-07 19:34:14,False,CANCELLED,PAYMENT_FAILED,1,2026-10-07 19:35:32,2026-10-07 19:35:22
ORD-20261007-04280,2026-10-07 19:34:53,False,CANCELLED,PAYMENT_FAILED,1,2026-10-07 19:35:33,
ORD-20261007-04281,2026-10-07 19:34:56,False,CANCELLED,PAYMENT_FAILED,2,2026-10-07 19:36:23,
ORD-20261007-04282,2026-10-07 19:34:18,False,CANCELLED,PAYMENT_FAILED,1,2026-10-07 19:35:30,
ORD-20261007-04283,2026-10-07 19:34:03,False,CANCELLED,PAYMENT_FAILED,1,2026-10-07 19:35:11,2026-10-07 19:35:01
ORD-20261007-04284,2026-10-07 19:34:33,True,COMPLETED,,2,,
ORD-20261007-04285,2026-10-07 19:34:14,True,COMPLETED,,1,,
ORD-20261007-04286,2026-10-07 19:34:14,True,COMPLETED,,2,,
ORD-20261007-04287,2026-10-07 19:34:42,True,COMPLETED,,1,,
ORD-20261007-04288,2026-10-07 19:34:02,True,CANCELLED,RIDER_REJECTION,2,2026-10-07 19:34:56,
ORD-20261007-04289,2026-10-07 19:34:23,False,CANCELLED,PAYMENT_FAILED,2,2026-10-07 19:35:31,
ORD-20261007-04290,2026-10-07 19:34:47,False,CANCELLED,PAYMENT_FAILED,1,2026-10-07 19:35:51,2026-10-07 19:35:34
ORD-20261007-04291,2026-10-07 19:34:22,False,CANCELLED,PAYMENT_FAILED,2,2026-10-07 19:35:38,
ORD-20261007-04292,2026-10-07 19:34:53,True,COMPLETED,,1,,
ORD-20261007-04293,2026-10-07 19:34:16,False,CANCELLED,PAYMENT_FAILED,1,2026-10-07 19:35:17,2026-10-07 19:34:56
ORD-20261007-04294,2026-10-07 19:34:20,True,COMPLETED,,2,,
ORD-20261007-04295,2026-10-07 19:34:44,False,COMPLETED,,2,,
ORD-20261007-04296,2026-10-07 19:34:47,False,CANCELLED,PAYMENT_FAILED,1,2026-10-07 19:35:35,
ORD-20261007-04297,2026-10-07 19:34:33,False,CANCELLED,PAYMENT_FAILED,2,2026-10-07 19:35:35,2026-10-07 19:35:25
ORD-20261007-04298,2026-10-07 19:34:59,False,CANCELLED,PAYMENT_FAILED,1,2026-10-07 19:36:16,2026-10-07 19:36:01
ORD-20261007-04299,2026-10-07 19:35:50,False,CANCELLED,PAYMENT_FAILED,2,2026-10-07 19:36:52,2026-10-07 19:36:28
ORD-20261007-04300,2026-10-07 19:35:31,True,COMPLETED,,2,,
ORD-20261007-04301,2026-10-07 19:35:06,True,COMPLETED,,1,,
ORD-20261007-04302,2026-10-07 19:35:45,True,COMPLETED,,1,,
ORD-20261007-04303,2026-10-07 19:35:35,False,CANCELLED,PAYMENT_FAILED,2,2026-10-07 19:36:32,
ORD-20261007-04304,2026-10-07 19:35:27,True,COMPLETED,,2,,
ORD-20261007-04305,2026-10-07 19:35:02,True,COMPLETED,,2,,
ORD-20261007-04306,2026-10-07 19:35:59,True,COMPLETED,,1,,
ORD-20261007-04307,2026-10-07 19:35:23,True,COMPLETED,,2,,
ORD-20261007-04308,2026-10-07 19:35:41,True,COMPLETED,,1,,
ORD-20261007-04309,2026-10-07 19:35:24,True,COMPLETED,,1,,
ORD-20261007-04310,2026-10-07 19:35:20,True,COMPLETED,,1,,
ORD-20261007-04311,2026-10-07 19:35:17,False,CANCELLED,PAYMENT_FAILED,2,2026-10-07 19:36:21,2026-10-07 19:36:11
ORD-20261007-04312,2026-10-07 19:35:17,False,COMPLETED,,2,,
ORD-20261007-04313,2026-10-07 19:35:30,True,COMPLETED,,2,,
ORD-20261007-04314,2026-10-07 19:35:28,False,CANCELLED,PAYMENT_FAILED,1,2026-10-07 19:36:52,
ORD-20261007-04315,2026-10-07 19:35:19,True,COMPLETED,,1,,
ORD-20261007-04316,2026-10-07 19:35:41,False,CANCELLED,PAYMENT_FAILED,1,2026-10-07 19:36:25,2026-10-07 19:36:14
ORD-20261007-04317,2026-10-07 19:35:24,False,COMPLETED,,2,,
ORD-20261007-04318,2026-10-07 19:35:01,True,COMPLETED,,2,,
ORD-20261007-04319,2026-10-07 19:35:28,True,COMPLETED,,1,,
ORD-20261007-04320,2026-10-07 19:35:32,False,COMPLETED,,2,,
ORD-20261007-04321,2026-10-07 19:35:19,False,COMPLETED,,1,,
ORD-20261007-04322,2026-10-07 19:35:17,False,CANCELLED,PAYMENT_FAILED,2,2026-10-07 19:35:53,2026-10-07 19:35:40
ORD-20261007-04323,2026-10-07 19:35:43,True,COMPLETED,,1,,
ORD-20261007-04324,2026-10-07 19:35:58,True,COMPLETED,,1,,
ORD-20261007-04325,2026-10-07 19:35:30,True,COMPLETED,,1,,
ORD-20261007-04326,2026-10-07 19:35:47,True,COMPLETED,,1,,
ORD-20261007-04327,2026-10-07 19:35:21,False,CANCELLED,PAYMENT_FAILED,2,2026-10-07 19:36:37,2026-10-07 19:36:21
ORD-20261007-04328,2026-10-07 19:35:26,False,CANCELLED,PAYMENT_FAILED,1,2026-10-07 19:36:51,
ORD-20261007-04329,2026-10-07 19:35:35,False,CANCELLED,PAYMENT_FAILED,2,2026-10-07 19:36:49,2026-10-07 19:36:25
ORD-20261007-04330,2026-10-07 19:35:30,False,CANCELLED,PAYMENT_FAILED,2,2026-10-07 19:36:37,2026-10-07 19:36:26
ORD-20261007-04331,2026-10-07 19:35:54,False,CANCELLED,PAYMENT_FAILED,2,2026-10-07 19:36:57,
ORD-20261007-04332,2026-10-07 19:35:46,True,COMPLETED,,2,,
ORD-20261007-04333,2026-10-07 19:35:33,True,COMPLETED,,2,,
ORD-20261007-04334,2026-10-07 19:35:32,False,CANCELLED,PAYMENT_FAILED,1,2026-10-07 19:36:55,2026-10-07 19:36:34
ORD-20261007-04335,2026-10-07 19:35:50,True,COMPLETED,,1,,
ORD-20261007-04336,2026-10-07 19:35:55,True,COMPLETED,,1,,
ORD-20261007-04337,2026-10-07 19:35:26,False,CANCELLED,PAYMENT_FAILED,2,2026-10-07 19:36:51,
ORD-20261007-04338,2026-10-07 19:35:20,True,CANCELLED,DISPATCH_TIMEOUT,1,2026-10-07 19:36:33,2026-10-07 19:36:12
ORD-20261007-04339,2026-10-07 19:35:14,False,CANCELLED,PAYMENT_FAILED,2,2026-10-07 19:36:02,
ORD-20261007-04340,2026-10-07 19:35:32,True,CANCELLED,DISPATCH_TIMEOUT,2,2026-10-07 19:36:29,2026-10-07 19:36:07
ORD-20261007-04341,2026-10-07 19:35:45,False,CANCELLED,PAYMENT_FAILED,1,2026-10-07 19:36:21,
ORD-20261007-04342,2026-10-07 19:35:36,True,COMPLETED,,2,,
ORD-20261007-04343,2026-10-07 19:36:37,False,COMPLETED,,1,,
ORD-20261007-04344,2026-10-07 19:36:06,False,CANCELLED,PAYMENT_FAILED,1,2026-10-07 19:37:15,2026-10-07 19:36:59
ORD-20261007-04345,2026-10-07 19:36:15,False,CANCELLED,PAYMENT_FAILED,2,2026-10-07 19:37:36,2026-10-07 19:37:12
ORD-20261007-04346,2026-10-07 19:36:44,False,CANCELLED,PAYMENT_FAILED,2,2026-10-07 19:37:33,2026-10-07 19:37:10
ORD-20261007-04347,2026-10-07 19:36:23,True,COMPLETED,,2,,
ORD-20261007-04348,2026-10-07 19:36:28,False,CANCELLED,PAYMENT_FAILED,1,2026-10-07 19:37:24,2026-10-07 19:37:05
ORD-20261007-04349,2026-10-07 19:36:20,True,COMPLETED,,1,,
ORD-20261007-04350,2026-10-07 19:36:56,True,COMPLETED,,1,,
ORD-20261007-04351,2026-10-07 19:36:40,True,COMPLETED,,2,,
ORD-20261007-04352,2026-10-07 19:36:02,False,CANCELLED,PAYMENT_FAILED,2,2026-10-07 19:36:58,2026-10-07 19:36:38
ORD-20261007-04353,2026-10-07 19:36:02,False,CANCELLED,PAYMENT_FAILED,2,2026-10-07 19:37:26,2026-10-07 19:37:10
ORD-20261007-04354,2026-10-07 19:36:43,True,COMPLETED,,2,,
ORD-20261007-04355,2026-10-07 19:36:29,True,COMPLETED,,1,,
ORD-20261007-04356,2026-10-07 19:36:55,False,CANCELLED,PAYMENT_FAILED,1,2026-10-07 19:38:02,2026-10-07 19:37:43
ORD-20261007-04357,2026-10-07 19:36:40,True,CANCELLED,DISPATCH_TIMEOUT,1,2026-10-07 19:38:04,2026-10-07 19:37:40
ORD-20261007-04358,2026-10-07 19:36:54,True,COMPLETED,,2,,
ORD-20261007-04359,2026-10-07 19:36:59,True,COMPLETED,,2,,
ORD-20261007-04360,2026-10-07 19:36:11,False,CANCELLED,PAYMENT_FAILED,2,2026-10-07 19:36:51,2026-10-07 19:36:34
ORD-20261007-04361,2026-10-07 19:36:24,True,COMPLETED,,2,,
ORD-20261007-04362,2026-10-07 19:36:12,False,CANCELLED,PAYMENT_FAILED,1,2026-10-07 19:37:04,
ORD-20261007-04363,2026-10-07 19:36:35,False,COMPLETED,,1,,
ORD-20261007-04364,2026-10-07 19:36:08,True,COMPLETED,,1,,
ORD-20261007-04365,2026-10-07 19:36:33,False,CANCELLED,PAYMENT_FAILED,2,2026-10-07 19:37:48,2026-10-07 19:37:33
ORD-20261007-04366,2026-10-07 19:36:55,True,COMPLETED,,1,,
ORD-20261007-04367,2026-10-07 19:36:59,True,COMPLETED,,2,,
ORD-20261007-04368,2026-10-07 19:36:02,True,COMPLETED,,1,,
ORD-20261007-04369,2026-10-07 19:36:28,False,CANCELLED,PAYMENT_FAILED,1,2026-10-07 19:37:24,
ORD-20261007-04370,2026-10-07 19:36:59,True,COMPLETED,,2,,
ORD-20261007-04371,2026-10-07 19:36:55,False,CANCELLED,PAYMENT_FAILED,2,2026-10-07 19:38:06,2026-10-07 19:37:50
ORD-20261007-04372,2026-10-07 19:36:07,False,COMPLETED,,1,,
ORD-20261007-04373,2026-10-07 19:36:57,True,COMPLETED,,1,,
ORD-20261007-04374,2026-10-07 19:36:51,True,COMPLETED,,1,,
ORD-20261007-04375,2026-10-07 19:36:26,True,COMPLETED,,1,,
ORD-20261007-04376,2026-10-07 19:36:59,True,COMPLETED,,1,,
ORD-20261007-04377,2026-10-07 19:36:43,True,COMPLETED,,1,,
ORD-20261007-04378,2026-10-07 19:36:25,True,COMPLETED,,1,,
ORD-20261007-04379,2026-10-07 19:36:18,False,CANCELLED,PAYMENT_FAILED,1,2026-10-07 19:37:41,
ORD-20261007-04380,2026-10-07 19:36:00,True,COMPLETED,,1,,
ORD-20261007-04381,2026-10-07 19:36:55,True,CANCELLED,RIDER_REJECTION,1,2026-10-07 19:37:56,2026-10-07 19:37:41
ORD-20261007-04382,2026-10-07 19:36:27,True,COMPLETED,,1,,
ORD-20261007-04383,2026-10-07 19:36:58,True,COMPLETED,,2,,
ORD-20261007-04384,2026-10-07 19:36:46,True,CANCELLED,DISPATCH_TIMEOUT,2,2026-10-07 19:37:27,
ORD-20261007-04385,2026-10-07 19:36:51,False,COMPLETED,,2,,
ORD-20261007-04386,2026-10-07 19:37:38,True,COMPLETED,,1,,
ORD-20261007-04387,2026-10-07 19:37:49,False,COMPLETED,,1,,
ORD-20261007-04388,2026-10-07 19:37:04,True,COMPLETED,,1,,
ORD-20261007-04389,2026-10-07 19:37:45,True,COMPLETED,,2,,
ORD-20261007-04390,2026-10-07 19:37:21,True,COMPLETED,,2,,
ORD-20261007-04391,2026-10-07 19:37:58,True,COMPLETED,,1,,
ORD-20261007-04392,2026-10-07 19:37:40,False,COMPLETED,,1,,
ORD-20261007-04393,2026-10-07 19:37:40,True,COMPLETED,,2,,
ORD-20261007-04394,2026-10-07 19:37:41,True,COMPLETED,,1,,
ORD-20261007-04395,2026-10-07 19:37:15,False,COMPLETED,,1,,
ORD-20261007-04396,2026-10-07 19:37:20,True,CANCELLED,DISPATCH_TIMEOUT,2,2026-10-07 19:38:34,2026-10-07 19:38:20
ORD-20261007-04397,2026-10-07 19:37:40,True,COMPLETED,,1,,
ORD-20261007-04398,2026-10-07 19:37:08,True,COMPLETED,,1,,
ORD-20261007-04399,2026-10-07 19:37:59,False,COMPLETED,,1,,
ORD-20261007-04400,2026-10-07 19:37:15,True,COMPLETED,,2,,
ORD-20261007-04401,2026-10-07 19:37:11,True,COMPLETED,,2,,
ORD-20261007-04402,2026-10-07 19:37:14,True,COMPLETED,,2,,
ORD-20261007-04403,2026-10-07 19:37:42,True,COMPLETED,,1,,
ORD-20261007-04404,2026-10-07 19:37:15,True,COMPLETED,,2,,
ORD-20261007-04405,2026-10-07 19:37:29,False,CANCELLED,PAYMENT_FAILED,2,2026-10-07 19:38:47,2026-10-07 19:38:26
ORD-20261007-04406,2026-10-07 19:37:45,True,COMPLETED,,2,,
ORD-20261007-04407,2026-10-07 19:37:15,True,COMPLETED,,1,,
ORD-20261007-04408,2026-10-07 19:37:49,True,COMPLETED,,1,,
ORD-20261007-04409,2026-10-07 19:37:39,True,COMPLETED,,2,,
ORD-20261007-04410,2026-10-07 19:37:00,True,CANCELLED,DISPATCH_TIMEOUT,1,2026-10-07 19:38:13,2026-10-07 19:38:02
ORD-20261007-04411,2026-10-07 19:37:24,True,COMPLETED,,2,,
ORD-20261007-04412,2026-10-07 19:37:07,True,COMPLETED,,1,,
ORD-20261007-04413,2026-10-07 19:37:51,True,COMPLETED,,2,,
ORD-20261007-04414,2026-10-07 19:37:24,False,CANCELLED,PAYMENT_FAILED,1,2026-10-07 19:38:09,2026-10-07 19:37:58
ORD-20261007-04415,2026-10-07 19:37:37,False,CANCELLED,PAYMENT_FAILED,2,2026-10-07 19:38:25,2026-10-07 19:38:15
ORD-20261007-04416,2026-10-07 19:37:25,True,COMPLETED,,1,,
ORD-20261007-04417,2026-10-07 19:37:34,False,CANCELLED,PAYMENT_FAILED,2,2026-10-07 19:38:31,
ORD-20261007-04418,2026-10-07 19:37:28,False,COMPLETED,,2,,
ORD-20261007-04419,2026-10-07 19:37:16,True,COMPLETED,,1,,
ORD-20261007-04420,2026-10-07 19:37:10,False,CANCELLED,PAYMENT_FAILED,1,2026-10-07 19:38:29,
ORD-20261007-04421,2026-10-07 19:37:02,True,CANCELLED,DISPATCH_TIMEOUT,2,2026-10-07 19:38:14,2026-10-07 19:38:00
ORD-20261007-04422,2026-10-07 19:37:14,True,COMPLETED,,2,,
ORD-20261007-04423,2026-10-07 19:37:03,False,COMPLETED,,2,,
ORD-20261007-04424,2026-10-07 19:37:00,False,CANCELLED,PAYMENT_FAILED,2,2026-10-07 19:37:59,
ORD-20261007-04425,2026-10-07 19:37:40,True,COMPLETED,,2,,
ORD-20261007-04426,2026-10-07 19:37:55,False,CANCELLED,PAYMENT_FAILED,2,2026-10-07 19:38:25,2026-10-07 19:38:01
ORD-20261007-04427,2026-10-07 19:37:33,True,COMPLETED,,1,,
ORD-20261007-04428,2026-10-07 19:37:02,True,COMPLETED,,2,,
ORD-20261007-04429,2026-10-07 19:37:18,True,COMPLETED,,2,,
ORD-20261007-04430,2026-10-07 19:37:48,True,CANCELLED,DISPATCH_TIMEOUT,2,2026-10-07 19:38:49,
ORD-20261007-04431,2026-10-07 19:37:17,True,COMPLETED,,1,,
ORD-20261007-04432,2026-10-07 19:38:16,True,COMPLETED,,1,,
ORD-20261007-04433,2026-10-07 19:38:55,True,COMPLETED,,2,,
ORD-20261007-04434,2026-10-07 19:38:35,False,CANCELLED,PAYMENT_FAILED,2,2026-10-07 19:40:04,
ORD-20261007-04435,2026-10-07 19:38:47,False,COMPLETED,,1,,
ORD-20261007-04436,2026-10-07 19:38:03,True,COMPLETED,,2,,
ORD-20261007-04437,2026-10-07 19:38:02,True,COMPLETED,,2,,
ORD-20261007-04438,2026-10-07 19:38:17,True,COMPLETED,,2,,
ORD-20261007-04439,2026-10-07 19:38:48,True,COMPLETED,,2,,
ORD-20261007-04440,2026-10-07 19:38:01,False,CANCELLED,PAYMENT_FAILED,1,2026-10-07 19:38:57,2026-10-07 19:38:37
ORD-20261007-04441,2026-10-07 19:38:55,False,CANCELLED,PAYMENT_FAILED,2,2026-10-07 19:39:26,2026-10-07 19:39:16
ORD-20261007-04442,2026-10-07 19:38:39,True,COMPLETED,,2,,
ORD-20261007-04443,2026-10-07 19:38:59,False,CANCELLED,PAYMENT_FAILED,1,2026-10-07 19:40:04,2026-10-07 19:39:52
ORD-20261007-04444,2026-10-07 19:38:29,True,COMPLETED,,2,,
ORD-20261007-04445,2026-10-07 19:38:04,True,COMPLETED,,2,,
ORD-20261007-04446,2026-10-07 19:38:46,True,COMPLETED,,1,,
ORD-20261007-04447,2026-10-07 19:38:39,False,CANCELLED,PAYMENT_FAILED,1,2026-10-07 19:39:36,2026-10-07 19:39:22
ORD-20261007-04448,2026-10-07 19:38:38,False,COMPLETED,,1,,
ORD-20261007-04449,2026-10-07 19:38:58,False,CANCELLED,PAYMENT_FAILED,2,2026-10-07 19:39:42,2026-10-07 19:39:23
ORD-20261007-04450,2026-10-07 19:38:11,True,COMPLETED,,2,,
ORD-20261007-04451,2026-10-07 19:38:44,False,CANCELLED,PAYMENT_FAILED,2,2026-10-07 19:40:08,
ORD-20261007-04452,2026-10-07 19:38:58,False,CANCELLED,PAYMENT_FAILED,1,2026-10-07 19:40:21,
ORD-20261007-04453,2026-10-07 19:38:31,False,CANCELLED,PAYMENT_FAILED,1,2026-10-07 19:39:48,2026-10-07 19:39:24
ORD-20261007-04454,2026-10-07 19:38:17,False,CANCELLED,PAYMENT_FAILED,1,2026-10-07 19:39:09,
ORD-20261007-04455,2026-10-07 19:38:32,True,COMPLETED,,1,,
ORD-20261007-04456,2026-10-07 19:38:51,False,CANCELLED,PAYMENT_FAILED,2,2026-10-07 19:39:52,2026-10-07 19:39:28
ORD-20261007-04457,2026-10-07 19:38:38,True,COMPLETED,,2,,
ORD-20261007-04458,2026-10-07 19:38:40,True,COMPLETED,,1,,
ORD-20261007-04459,2026-10-07 19:38:50,False,CANCELLED,PAYMENT_FAILED,2,2026-10-07 19:40:10,
ORD-20261007-04460,2026-10-07 19:38:38,True,COMPLETED,,1,,
ORD-20261007-04461,2026-10-07 19:38:52,True,COMPLETED,,1,,
ORD-20261007-04462,2026-10-07 19:38:39,True,CANCELLED,DISPATCH_TIMEOUT,1,2026-10-07 19:39:22,2026-10-07 19:39:07
ORD-20261007-04463,2026-10-07 19:38:50,False,CANCELLED,PAYMENT_FAILED,2,2026-10-07 19:40:19,2026-10-07 19:39:57
ORD-20261007-04464,2026-10-07 19:38:26,True,COMPLETED,,1,,
ORD-20261007-04465,2026-10-07 19:38:06,False,CANCELLED,PAYMENT_FAILED,1,2026-10-07 19:39:35,2026-10-07 19:39:17
ORD-20261007-04466,2026-10-07 19:38:38,True,COMPLETED,,1,,
ORD-20261007-04467,2026-10-07 19:38:30,True,COMPLETED,,1,,
ORD-20261007-04468,2026-10-07 19:38:03,False,CANCELLED,PAYMENT_FAILED,1,2026-10-07 19:39:29,2026-10-07 19:39:10
ORD-20261007-04469,2026-10-07 19:38:11,True,COMPLETED,,2,,
ORD-20261007-04470,2026-10-07 19:38:57,True,COMPLETED,,1,,
ORD-20261007-04471,2026-10-07 19:38:43,True,COMPLETED,,2,,
ORD-20261007-04472,2026-10-07 19:38:51,False,CANCELLED,PAYMENT_FAILED,2,2026-10-07 19:39:55,2026-10-07 19:39:40
ORD-20261007-04473,2026-10-07 19:38:55,True,COMPLETED,,1,,
ORD-20261007-04474,2026-10-07 19:38:45,False,CANCELLED,PAYMENT_FAILED,2,2026-10-07 19:39:42,
ORD-20261007-04475,2026-10-07 19:38:18,False,CANCELLED,PAYMENT_FAILED,1,2026-10-07 19:39:00,
ORD-20261007-04476,2026-10-07 19:38:10,True,COMPLETED,,2,,
ORD-20261007-04477,2026-10-07 19:38:58,True,COMPLETED,,1,,
ORD-20261007-04478,2026-10-07 19:39:01,True,COMPLETED,,2,,
ORD-20261007-04479,2026-10-07 19:39:19,True,COMPLETED,,2,,
ORD-20261007-04480,2026-10-07 19:39:41,True,COMPLETED,,1,,
ORD-20261007-04481,2026-10-07 19:39:55,True,COMPLETED,,2,,
ORD-20261007-04482,2026-10-07 19:39:02,True,COMPLETED,,2,,
ORD-20261007-04483,2026-10-07 19:39:02,False,COMPLETED,,2,,
ORD-20261007-04484,2026-10-07 19:39:13,False,CANCELLED,PAYMENT_FAILED,2,2026-10-07 19:40:35,
ORD-20261007-04485,2026-10-07 19:39:53,False,COMPLETED,,2,,
ORD-20261007-04486,2026-10-07 19:39:02,False,CANCELLED,PAYMENT_FAILED,2,2026-10-07 19:40:01,
ORD-20261007-04487,2026-10-07 19:39:08,True,COMPLETED,,1,,
ORD-20261007-04488,2026-10-07 19:39:44,True,COMPLETED,,2,,
ORD-20261007-04489,2026-10-07 19:39:47,True,COMPLETED,,2,,
ORD-20261007-04490,2026-10-07 19:39:46,False,COMPLETED,,2,,
ORD-20261007-04491,2026-10-07 19:39:49,True,COMPLETED,,1,,
ORD-20261007-04492,2026-10-07 19:39:57,False,CANCELLED,PAYMENT_FAILED,1,2026-10-07 19:41:03,2026-10-07 19:40:44
ORD-20261007-04493,2026-10-07 19:39:52,False,CANCELLED,PAYMENT_FAILED,2,2026-10-07 19:40:52,
ORD-20261007-04494,2026-10-07 19:39:34,True,COMPLETED,,1,,
ORD-20261007-04495,2026-10-07 19:39:53,True,COMPLETED,,2,,
ORD-20261007-04496,2026-10-07 19:39:40,False,CANCELLED,PAYMENT_FAILED,2,2026-10-07 19:40:22,2026-10-07 19:40:05
ORD-20261007-04497,2026-10-07 19:39:46,True,COMPLETED,,1,,
ORD-20261007-04498,2026-10-07 19:39:27,True,COMPLETED,,1,,
ORD-20261007-04499,2026-10-07 19:39:59,False,CANCELLED,PAYMENT_FAILED,1,2026-10-07 19:40:34,2026-10-07 19:40:11
ORD-20261007-04500,2026-10-07 19:39:50,True,COMPLETED,,2,,
ORD-20261007-04501,2026-10-07 19:39:44,True,COMPLETED,,2,,
ORD-20261007-04502,2026-10-07 19:39:28,False,CANCELLED,PAYMENT_FAILED,1,2026-10-07 19:40:49,
ORD-20261007-04503,2026-10-07 19:39:33,False,CANCELLED,PAYMENT_FAILED,2,2026-10-07 19:40:37,2026-10-07 19:40:18
ORD-20261007-04504,2026-10-07 19:39:38,True,COMPLETED,,1,,
ORD-20261007-04505,2026-10-07 19:39:49,True,COMPLETED,,1,,
ORD-20261007-04506,2026-10-07 19:39:40,True,COMPLETED,,2,,
ORD-20261007-04507,2026-10-07 19:39:36,False,CANCELLED,PAYMENT_FAILED,2,2026-10-07 19:40:56,2026-10-07 19:40:41
ORD-20261007-04508,2026-10-07 19:39:00,False,CANCELLED,PAYMENT_FAILED,1,2026-10-07 19:39:58,2026-10-07 19:39:46
ORD-20261007-04509,2026-10-07 19:39:05,True,COMPLETED,,1,,
ORD-20261007-04510,2026-10-07 19:39:56,True,COMPLETED,,2,,
ORD-20261007-04511,2026-10-07 19:39:02,True,COMPLETED,,1,,
ORD-20261007-04512,2026-10-07 19:39:54,True,COMPLETED,,2,,
ORD-20261007-04513,2026-10-07 19:39:50,True,COMPLETED,,1,,
ORD-20261007-04514,2026-10-07 19:39:53,True,COMPLETED,,2,,
ORD-20261007-04515,2026-10-07 19:39:52,False,COMPLETED,,2,,
ORD-20261007-04516,2026-10-07 19:39:23,True,COMPLETED,,2,,
ORD-20261007-04517,2026-10-07 19:39:31,True,COMPLETED,,1,,
ORD-20261007-04518,2026-10-07 19:39:24,True,COMPLETED,,2,,
ORD-20261007-04519,2026-10-07 19:39:02,True,COMPLETED,,2,,
ORD-20261007-04520,2026-10-07 19:40:26,True,COMPLETED,,2,,
ORD-20261007-04521,2026-10-07 19:40:35,False,CANCELLED,PAYMENT_FAILED,2,2026-10-07 19:41:58,
ORD-20261007-04522,2026-10-07 19:40:36,True,COMPLETED,,2,,
ORD-20261007-04523,2026-10-07 19:40:46,True,COMPLETED,,1,,
ORD-20261007-04524,2026-10-07 19:40:18,True,COMPLETED,,2,,
ORD-20261007-04525,2026-10-07 19:40:34,True,COMPLETED,,1,,
ORD-20261007-04526,2026-10-07 19:40:41,True,COMPLETED,,1,,
ORD-20261007-04527,2026-10-07 19:40:42,False,CANCELLED,PAYMENT_FAILED,2,2026-10-07 19:41:45,2026-10-07 19:41:27
ORD-20261007-04528,2026-10-07 19:40:02,False,CANCELLED,PAYMENT_FAILED,1,2026-10-07 19:41:13,
ORD-20261007-04529,2026-10-07 19:40:05,True,COMPLETED,,2,,
ORD-20261007-04530,2026-10-07 19:40:05,True,COMPLETED,,1,,
ORD-20261007-04531,2026-10-07 19:40:41,True,COMPLETED,,1,,
ORD-20261007-04532,2026-10-07 19:40:51,False,COMPLETED,,1,,
ORD-20261007-04533,2026-10-07 19:40:21,False,COMPLETED,,2,,
ORD-20261007-04534,2026-10-07 19:40:24,False,CANCELLED,PAYMENT_FAILED,1,2026-10-07 19:41:06,2026-10-07 19:40:52
ORD-20261007-04535,2026-10-07 19:40:36,False,CANCELLED,PAYMENT_FAILED,1,2026-10-07 19:42:04,2026-10-07 19:41:41
ORD-20261007-04536,2026-10-07 19:40:20,True,COMPLETED,,1,,
ORD-20261007-04537,2026-10-07 19:40:06,True,COMPLETED,,2,,
ORD-20261007-04538,2026-10-07 19:40:15,True,COMPLETED,,1,,
ORD-20261007-04539,2026-10-07 19:40:24,True,COMPLETED,,2,,
ORD-20261007-04540,2026-10-07 19:40:46,True,COMPLETED,,2,,
ORD-20261007-04541,2026-10-07 19:40:28,True,COMPLETED,,1,,
ORD-20261007-04542,2026-10-07 19:40:22,True,COMPLETED,,1,,
ORD-20261007-04543,2026-10-07 19:40:40,True,COMPLETED,,2,,
ORD-20261007-04544,2026-10-07 19:40:27,True,COMPLETED,,1,,
ORD-20261007-04545,2026-10-07 19:40:11,True,CANCELLED,DISPATCH_TIMEOUT,1,2026-10-07 19:41:06,2026-10-07 19:40:55
ORD-20261007-04546,2026-10-07 19:40:31,True,COMPLETED,,1,,
ORD-20261007-04547,2026-10-07 19:40:12,False,COMPLETED,,1,,
ORD-20261007-04548,2026-10-07 19:40:38,True,COMPLETED,,1,,
ORD-20261007-04549,2026-10-07 19:40:26,True,COMPLETED,,1,,
ORD-20261007-04550,2026-10-07 19:40:48,True,COMPLETED,,2,,
ORD-20261007-04551,2026-10-07 19:40:42,True,COMPLETED,,2,,
ORD-20261007-04552,2026-10-07 19:40:43,True,COMPLETED,,2,,
ORD-20261007-04553,2026-10-07 19:40:19,False,CANCELLED,PAYMENT_FAILED,1,2026-10-07 19:41:29,2026-10-07 19:41:06
ORD-20261007-04554,2026-10-07 19:40:03,False,CANCELLED,PAYMENT_FAILED,2,2026-10-07 19:40:53,
ORD-20261007-04555,2026-10-07 19:40:08,True,CANCELLED,RIDER_REJECTION,1,2026-10-07 19:40:59,
ORD-20261007-04556,2026-10-07 19:40:44,True,COMPLETED,,2,,
ORD-20261007-04557,2026-10-07 19:40:05,False,CANCELLED,PAYMENT_FAILED,1,2026-10-07 19:41:27,
ORD-20261007-04558,2026-10-07 19:40:26,True,COMPLETED,,2,,
ORD-20261007-04559,2026-10-07 19:40:19,False,COMPLETED,,2,,
ORD-20261007-04560,2026-10-07 19:40:43,False,CANCELLED,PAYMENT_FAILED,2,2026-10-07 19:42:02,
ORD-20261007-04561,2026-10-07 19:40:28,False,CANCELLED,PAYMENT_FAILED,1,2026-10-07 19:40:58,2026-10-07 19:40:45
ORD-20261007-04562,2026-10-07 19:40:46,False,CANCELLED,PAYMENT_FAILED,2,2026-10-07 19:41:25,2026-10-07 19:41:04
ORD-20261007-04563,2026-10-07 19:40:51,True,COMPLETED,,1,,
ORD-20261007-04564,2026-10-07 19:40:18,False,CANCELLED,PAYMENT_FAILED,1,2026-10-07 19:41:21,2026-10-07 19:41:07
ORD-20261007-04565,2026-10-07 19:40:57,True,COMPLETED,,2,,
ORD-20261007-04566,2026-10-07 19:40:09,True,COMPLETED,,1,,
ORD-20261007-04567,2026-10-07 19:41:47,False,COMPLETED,,2,,
ORD-20261007-04568,2026-10-07 19:41:22,False,CANCELLED,PAYMENT_FAILED,1,2026-10-07 19:42:18,
ORD-20261007-04569,2026-10-07 19:41:06,False,CANCELLED,PAYMENT_FAILED,2,2026-10-07 19:42:30,
ORD-20261007-04570,2026-10-07 19:41:48,True,COMPLETED,,1,,
ORD-20261007-04571,2026-10-07 19:41:39,False,COMPLETED,,2,,
ORD-20261007-04572,2026-10-07 19:41:28,True,COMPLETED,,2,,
ORD-20261007-04573,2026-10-07 19:41:50,False,COMPLETED,,2,,
ORD-20261007-04574,2026-10-07 19:41:03,True,COMPLETED,,2,,
ORD-20261007-04575,2026-10-07 19:41:24,False,CANCELLED,PAYMENT_FAILED,1,2026-10-07 19:42:00,2026-10-07 19:41:48
ORD-20261007-04576,2026-10-07 19:41:53,True,COMPLETED,,1,,
ORD-20261007-04577,2026-10-07 19:41:39,False,CANCELLED,PAYMENT_FAILED,2,2026-10-07 19:42:35,2026-10-07 19:42:18
ORD-20261007-04578,2026-10-07 19:41:33,False,CANCELLED,PAYMENT_FAILED,2,2026-10-07 19:42:47,
ORD-20261007-04579,2026-10-07 19:41:59,True,COMPLETED,,2,,
ORD-20261007-04580,2026-10-07 19:41:30,True,COMPLETED,,2,,
ORD-20261007-04581,2026-10-07 19:41:39,True,COMPLETED,,2,,
ORD-20261007-04582,2026-10-07 19:41:50,True,COMPLETED,,2,,
ORD-20261007-04583,2026-10-07 19:41:37,False,CANCELLED,PAYMENT_FAILED,2,2026-10-07 19:42:08,2026-10-07 19:41:49
ORD-20261007-04584,2026-10-07 19:41:28,True,COMPLETED,,2,,
ORD-20261007-04585,2026-10-07 19:41:46,True,COMPLETED,,2,,
ORD-20261007-04586,2026-10-07 19:41:32,True,COMPLETED,,2,,
ORD-20261007-04587,2026-10-07 19:41:38,False,CANCELLED,PAYMENT_FAILED,1,2026-10-07 19:42:27,2026-10-07 19:42:06
ORD-20261007-04588,2026-10-07 19:41:09,True,COMPLETED,,2,,
ORD-20261007-04589,2026-10-07 19:41:48,False,CANCELLED,PAYMENT_FAILED,1,2026-10-07 19:42:30,
ORD-20261007-04590,2026-10-07 19:41:57,True,COMPLETED,,1,,
ORD-20261007-04591,2026-10-07 19:41:13,True,COMPLETED,,1,,
ORD-20261007-04592,2026-10-07 19:41:44,True,COMPLETED,,1,,
ORD-20261007-04593,2026-10-07 19:41:39,True,COMPLETED,,2,,
ORD-20261007-04594,2026-10-07 19:41:27,False,CANCELLED,PAYMENT_FAILED,1,2026-10-07 19:42:46,
ORD-20261007-04595,2026-10-07 19:41:36,True,COMPLETED,,2,,
ORD-20261007-04596,2026-10-07 19:41:02,False,CANCELLED,PAYMENT_FAILED,1,2026-10-07 19:41:35,2026-10-07 19:41:19
ORD-20261007-04597,2026-10-07 19:41:07,True,COMPLETED,,2,,
ORD-20261007-04598,2026-10-07 19:41:34,True,COMPLETED,,1,,
ORD-20261007-04599,2026-10-07 19:41:43,True,COMPLETED,,1,,
ORD-20261007-04600,2026-10-07 19:41:23,True,COMPLETED,,2,,
ORD-20261007-04601,2026-10-07 19:41:43,True,COMPLETED,,2,,
ORD-20261007-04602,2026-10-07 19:41:40,True,COMPLETED,,1,,
ORD-20261007-04603,2026-10-07 19:41:23,False,COMPLETED,,1,,
ORD-20261007-04604,2026-10-07 19:41:39,True,COMPLETED,,1,,
ORD-20261007-04605,2026-10-07 19:41:11,True,CANCELLED,RIDER_REJECTION,1,2026-10-07 19:41:47,
ORD-20261007-04606,2026-10-07 19:41:18,False,COMPLETED,,1,,
ORD-20261007-04607,2026-10-07 19:41:50,True,COMPLETED,,2,,
ORD-20261007-04608,2026-10-07 19:41:47,True,COMPLETED,,1,,
ORD-20261007-04609,2026-10-07 19:41:37,True,COMPLETED,,2,,
ORD-20261007-04610,2026-10-07 19:42:14,False,CANCELLED,PAYMENT_FAILED,1,2026-10-07 19:42:54,2026-10-07 19:42:41
ORD-20261007-04611,2026-10-07 19:42:11,True,COMPLETED,,1,,
ORD-20261007-04612,2026-10-07 19:42:40,True,COMPLETED,,2,,
ORD-20261007-04613,2026-10-07 19:42:22,True,CANCELLED,DISPATCH_TIMEOUT,1,2026-10-07 19:43:44,2026-10-07 19:43:27
ORD-20261007-04614,2026-10-07 19:42:02,True,COMPLETED,,1,,
ORD-20261007-04615,2026-10-07 19:42:27,False,CANCELLED,PAYMENT_FAILED,2,2026-10-07 19:43:37,
ORD-20261007-04616,2026-10-07 19:42:33,True,COMPLETED,,1,,
ORD-20261007-04617,2026-10-07 19:42:41,True,COMPLETED,,1,,
ORD-20261007-04618,2026-10-07 19:42:17,True,COMPLETED,,1,,
ORD-20261007-04619,2026-10-07 19:42:31,True,CANCELLED,DISPATCH_TIMEOUT,1,2026-10-07 19:43:36,2026-10-07 19:43:25
ORD-20261007-04620,2026-10-07 19:42:29,True,COMPLETED,,2,,
ORD-20261007-04621,2026-10-07 19:42:50,False,CANCELLED,PAYMENT_FAILED,2,2026-10-07 19:43:57,2026-10-07 19:43:37
ORD-20261007-04622,2026-10-07 19:42:23,True,COMPLETED,,2,,
ORD-20261007-04623,2026-10-07 19:42:22,True,COMPLETED,,2,,
ORD-20261007-04624,2026-10-07 19:42:02,True,COMPLETED,,2,,
ORD-20261007-04625,2026-10-07 19:42:53,False,CANCELLED,PAYMENT_FAILED,2,2026-10-07 19:43:49,2026-10-07 19:43:32
ORD-20261007-04626,2026-10-07 19:42:28,True,COMPLETED,,2,,
ORD-20261007-04627,2026-10-07 19:42:25,True,COMPLETED,,2,,
ORD-20261007-04628,2026-10-07 19:42:44,True,COMPLETED,,2,,
ORD-20261007-04629,2026-10-07 19:42:25,False,CANCELLED,PAYMENT_FAILED,1,2026-10-07 19:43:34,2026-10-07 19:43:17
ORD-20261007-04630,2026-10-07 19:42:14,True,COMPLETED,,2,,
ORD-20261007-04631,2026-10-07 19:42:22,True,COMPLETED,,2,,
ORD-20261007-04632,2026-10-07 19:42:50,False,COMPLETED,,2,,
ORD-20261007-04633,2026-10-07 19:42:28,False,CANCELLED,PAYMENT_FAILED,2,2026-10-07 19:43:51,2026-10-07 19:43:37
ORD-20261007-04634,2026-10-07 19:42:43,False,CANCELLED,PAYMENT_FAILED,2,2026-10-07 19:43:20,2026-10-07 19:42:57
ORD-20261007-04635,2026-10-07 19:42:40,True,COMPLETED,,1,,
ORD-20261007-04636,2026-10-07 19:42:11,True,COMPLETED,,1,,
ORD-20261007-04637,2026-10-07 19:42:16,False,CANCELLED,PAYMENT_FAILED,2,2026-10-07 19:43:04,2026-10-07 19:42:51
ORD-20261007-04638,2026-10-07 19:42:28,True,COMPLETED,,1,,
ORD-20261007-04639,2026-10-07 19:42:59,True,COMPLETED,,1,,
ORD-20261007-04640,2026-10-07 19:42:25,True,COMPLETED,,2,,
ORD-20261007-04641,2026-10-07 19:42:58,False,CANCELLED,PAYMENT_FAILED,1,2026-10-07 19:44:05,
ORD-20261007-04642,2026-10-07 19:42:47,False,CANCELLED,PAYMENT_FAILED,2,2026-10-07 19:44:10,
ORD-20261007-04643,2026-10-07 19:42:17,True,COMPLETED,,2,,
ORD-20261007-04644,2026-10-07 19:42:28,True,COMPLETED,,2,,
ORD-20261007-04645,2026-10-07 19:42:27,False,CANCELLED,PAYMENT_FAILED,2,2026-10-07 19:43:21,2026-10-07 19:43:01
ORD-20261007-04646,2026-10-07 19:42:03,True,COMPLETED,,2,,
ORD-20261007-04647,2026-10-07 19:42:48,False,COMPLETED,,1,,
ORD-20261007-04648,2026-10-07 19:42:23,True,COMPLETED,,1,,
ORD-20261007-04649,2026-10-07 19:42:41,True,COMPLETED,,1,,
ORD-20261007-04650,2026-10-07 19:42:31,False,CANCELLED,PAYMENT_FAILED,1,2026-10-07 19:43:24,2026-10-07 19:43:10
ORD-20261007-04651,2026-10-07 19:42:47,True,COMPLETED,,2,,
ORD-20261007-04652,2026-10-07 19:42:19,True,COMPLETED,,1,,
ORD-20261007-04653,2026-10-07 19:42:17,True,COMPLETED,,1,,
ORD-20261007-04654,2026-10-07 19:42:55,True,COMPLETED,,2,,
ORD-20261007-04655,2026-10-07 19:42:18,False,CANCELLED,PAYMENT_FAILED,2,2026-10-07 19:42:52,2026-10-07 19:42:38
ORD-20261007-04656,2026-10-07 19:42:18,True,COMPLETED,,2,,
ORD-20261007-04657,2026-10-07 19:43:28,True,COMPLETED,,2,,
ORD-20261007-04658,2026-10-07 19:43:01,True,COMPLETED,,1,,
ORD-20261007-04659,2026-10-07 19:43:33,False,CANCELLED,PAYMENT_FAILED,1,2026-10-07 19:44:15,
ORD-20261007-04660,2026-10-07 19:43:12,True,COMPLETED,,2,,
ORD-20261007-04661,2026-10-07 19:43:31,False,CANCELLED,PAYMENT_FAILED,1,2026-10-07 19:44:06,2026-10-07 19:43:46
ORD-20261007-04662,2026-10-07 19:43:16,True,COMPLETED,,2,,
ORD-20261007-04663,2026-10-07 19:43:53,False,CANCELLED,PAYMENT_FAILED,1,2026-10-07 19:44:28,2026-10-07 19:44:11
ORD-20261007-04664,2026-10-07 19:43:18,True,COMPLETED,,2,,
ORD-20261007-04665,2026-10-07 19:43:50,True,COMPLETED,,1,,
ORD-20261007-04666,2026-10-07 19:43:53,False,COMPLETED,,2,,
ORD-20261007-04667,2026-10-07 19:43:48,True,COMPLETED,,2,,
ORD-20261007-04668,2026-10-07 19:43:17,True,CANCELLED,DISPATCH_TIMEOUT,1,2026-10-07 19:44:16,2026-10-07 19:43:54
ORD-20261007-04669,2026-10-07 19:43:44,False,COMPLETED,,2,,
ORD-20261007-04670,2026-10-07 19:43:02,False,COMPLETED,,2,,
ORD-20261007-04671,2026-10-07 19:43:16,False,COMPLETED,,1,,
ORD-20261007-04672,2026-10-07 19:43:49,True,COMPLETED,,1,,
ORD-20261007-04673,2026-10-07 19:43:13,True,COMPLETED,,1,,
ORD-20261007-04674,2026-10-07 19:43:07,True,COMPLETED,,1,,
ORD-20261007-04675,2026-10-07 19:43:51,True,COMPLETED,,1,,
ORD-20261007-04676,2026-10-07 19:43:55,True,CANCELLED,RIDER_REJECTION,1,2026-10-07 19:44:43,2026-10-07 19:44:25
ORD-20261007-04677,2026-10-07 19:43:17,True,COMPLETED,,2,,
ORD-20261007-04678,2026-10-07 19:43:41,False,COMPLETED,,2,,
ORD-20261007-04679,2026-10-07 19:43:14,True,COMPLETED,,1,,
ORD-20261007-04680,2026-10-07 19:43:08,False,CANCELLED,PAYMENT_FAILED,2,2026-10-07 19:44:18,
ORD-20261007-04681,2026-10-07 19:43:29,True,COMPLETED,,1,,
ORD-20261007-04682,2026-10-07 19:43:46,True,COMPLETED,,2,,
ORD-20261007-04683,2026-10-07 19:43:59,True,COMPLETED,,2,,
ORD-20261007-04684,2026-10-07 19:43:13,True,COMPLETED,,1,,
ORD-20261007-04685,2026-10-07 19:43:05,False,CANCELLED,PAYMENT_FAILED,1,2026-10-07 19:44:27,
ORD-20261007-04686,2026-10-07 19:43:47,False,COMPLETED,,2,,
ORD-20261007-04687,2026-10-07 19:43:48,True,COMPLETED,,1,,
ORD-20261007-04688,2026-10-07 19:43:20,False,COMPLETED,,2,,
ORD-20261007-04689,2026-10-07 19:43:36,False,COMPLETED,,1,,
ORD-20261007-04690,2026-10-07 19:43:42,False,COMPLETED,,2,,
ORD-20261007-04691,2026-10-07 19:43:20,True,COMPLETED,,1,,
ORD-20261007-04692,2026-10-07 19:43:55,True,COMPLETED,,2,,
ORD-20261007-04693,2026-10-07 19:43:39,False,CANCELLED,PAYMENT_FAILED,1,2026-10-07 19:44:24,
ORD-20261007-04694,2026-10-07 19:43:41,True,COMPLETED,,2,,
ORD-20261007-04695,2026-10-07 19:43:52,True,COMPLETED,,1,,
ORD-20261007-04696,2026-10-07 19:43:45,True,COMPLETED,,2,,
ORD-20261007-04697,2026-10-07 19:43:15,False,CANCELLED,PAYMENT_FAILED,1,2026-10-07 19:43:48,2026-10-07 19:43:37
ORD-20261007-04698,2026-10-07 19:43:38,True,COMPLETED,,1,,
ORD-20261007-04699,2026-10-07 19:44:35,True,COMPLETED,,2,,
ORD-20261007-04700,2026-10-07 19:44:08,False,CANCELLED,PAYMENT_FAILED,2,2026-10-07 19:44:57,2026-10-07 19:44:43
ORD-20261007-04701,2026-10-07 19:44:17,True,COMPLETED,,1,,
ORD-20261007-04702,2026-10-07 19:44:03,False,CANCELLED,PAYMENT_FAILED,1,2026-10-07 19:44:39,2026-10-07 19:44:20
ORD-20261007-04703,2026-10-07 19:44:14,False,CANCELLED,PAYMENT_FAILED,1,2026-10-07 19:45:37,2026-10-07 19:45:14
ORD-20261007-04704,2026-10-07 19:44:09,True,COMPLETED,,1,,
ORD-20261007-04705,2026-10-07 19:44:08,True,COMPLETED,,1,,
ORD-20261007-04706,2026-10-07 19:44:52,False,CANCELLED,PAYMENT_FAILED,1,2026-10-07 19:45:57,2026-10-07 19:45:33
ORD-20261007-04707,2026-10-07 19:44:56,False,CANCELLED,PAYMENT_FAILED,1,2026-10-07 19:46:13,2026-10-07 19:46:02
ORD-20261007-04708,2026-10-07 19:44:58,False,COMPLETED,,1,,
ORD-20261007-04709,2026-10-07 19:44:52,True,COMPLETED,,1,,
ORD-20261007-04710,2026-10-07 19:44:15,True,COMPLETED,,2,,
ORD-20261007-04711,2026-10-07 19:44:33,True,COMPLETED,,2,,
ORD-20261007-04712,2026-10-07 19:44:41,True,COMPLETED,,1,,
ORD-20261007-04713,2026-10-07 19:44:44,True,COMPLETED,,2,,
ORD-20261007-04714,2026-10-07 19:44:21,False,COMPLETED,,2,,
ORD-20261007-04715,2026-10-07 19:44:07,False,COMPLETED,,2,,
ORD-20261007-04716,2026-10-07 19:44:53,True,COMPLETED,,2,,
ORD-20261007-04717,2026-10-07 19:44:44,False,COMPLETED,,1,,
ORD-20261007-04718,2026-10-07 19:44:34,True,COMPLETED,,1,,
ORD-20261007-04719,2026-10-07 19:44:23,False,CANCELLED,PAYMENT_FAILED,1,2026-10-07 19:45:25,2026-10-07 19:45:07
ORD-20261007-04720,2026-10-07 19:44:55,False,CANCELLED,PAYMENT_FAILED,2,2026-10-07 19:46:09,2026-10-07 19:45:54
ORD-20261007-04721,2026-10-07 19:44:50,True,COMPLETED,,2,,
ORD-20261007-04722,2026-10-07 19:44:37,True,COMPLETED,,2,,
ORD-20261007-04723,2026-10-07 19:44:40,False,COMPLETED,,2,,
ORD-20261007-04724,2026-10-07 19:44:03,False,CANCELLED,PAYMENT_FAILED,2,2026-10-07 19:45:09,
ORD-20261007-04725,2026-10-07 19:44:49,True,COMPLETED,,1,,
ORD-20261007-04726,2026-10-07 19:44:00,False,COMPLETED,,2,,
ORD-20261007-04727,2026-10-07 19:44:16,False,CANCELLED,PAYMENT_FAILED,2,2026-10-07 19:45:16,
ORD-20261007-04728,2026-10-07 19:44:13,True,COMPLETED,,1,,
ORD-20261007-04729,2026-10-07 19:44:57,True,COMPLETED,,1,,
ORD-20261007-04730,2026-10-07 19:44:10,False,CANCELLED,PAYMENT_FAILED,2,2026-10-07 19:44:46,2026-10-07 19:44:35
ORD-20261007-04731,2026-10-07 19:44:30,False,CANCELLED,PAYMENT_FAILED,2,2026-10-07 19:45:08,2026-10-07 19:44:58
ORD-20261007-04732,2026-10-07 19:44:18,True,COMPLETED,,1,,
ORD-20261007-04733,2026-10-07 19:44:47,True,COMPLETED,,1,,
ORD-20261007-04734,2026-10-07 19:44:33,True,COMPLETED,,2,,
ORD-20261007-04735,2026-10-07 19:44:48,True,COMPLETED,,2,,
ORD-20261007-04736,2026-10-07 19:44:51,True,COMPLETED,,1,,
ORD-20261007-04737,2026-10-07 19:44:56,True,COMPLETED,,1,,
ORD-20261007-04738,2026-10-07 19:44:39,True,COMPLETED,,1,,
ORD-20261007-04739,2026-10-07 19:44:55,True,CANCELLED,RIDER_REJECTION,2,2026-10-07 19:46:01,2026-10-07 19:45:48
ORD-20261007-04740,2026-10-07 19:44:52,False,CANCELLED,PAYMENT_FAILED,1,2026-10-07 19:45:40,
ORD-20261007-04741,2026-10-07 19:44:18,True,COMPLETED,,2,,
ORD-20261007-04742,2026-10-07 19:44:27,True,COMPLETED,,1,,
ORD-20261007-04743,2026-10-07 19:44:19,True,COMPLETED,,1,,
ORD-20261007-04744,2026-10-07 19:44:08,True,CANCELLED,DISPATCH_TIMEOUT,2,2026-10-07 19:45:21,
ORD-20261007-04745,2026-10-07 19:44:04,True,COMPLETED,,1,,
ORD-20261007-04746,2026-10-07 19:45:08,True,COMPLETED,,1,,
ORD-20261007-04747,2026-10-07 19:45:24,False,CANCELLED,PAYMENT_FAILED,2,2026-10-07 19:45:54,
ORD-20261007-04748,2026-10-07 19:45:30,True,COMPLETED,,2,,
ORD-20261007-04749,2026-10-07 19:45:37,False,CANCELLED,PAYMENT_FAILED,2,2026-10-07 19:46:44,2026-10-07 19:46:29
ORD-20261007-04750,2026-10-07 19:45:36,True,COMPLETED,,2,,
ORD-20261007-04751,2026-10-07 19:45:40,False,CANCELLED,PAYMENT_FAILED,2,2026-10-07 19:46:24,
ORD-20261007-04752,2026-10-07 19:45:14,True,COMPLETED,,2,,
ORD-20261007-04753,2026-10-07 19:45:16,False,CANCELLED,PAYMENT_FAILED,2,2026-10-07 19:46:27,
ORD-20261007-04754,2026-10-07 19:45:19,True,COMPLETED,,1,,
ORD-20261007-04755,2026-10-07 19:45:32,True,COMPLETED,,2,,
ORD-20261007-04756,2026-10-07 19:45:48,True,COMPLETED,,2,,
ORD-20261007-04757,2026-10-07 19:45:43,True,COMPLETED,,2,,
ORD-20261007-04758,2026-10-07 19:45:01,False,CANCELLED,PAYMENT_FAILED,1,2026-10-07 19:45:44,
ORD-20261007-04759,2026-10-07 19:45:49,False,COMPLETED,,1,,
ORD-20261007-04760,2026-10-07 19:45:40,True,COMPLETED,,1,,
ORD-20261007-04761,2026-10-07 19:45:01,False,CANCELLED,PAYMENT_FAILED,2,2026-10-07 19:46:18,2026-10-07 19:45:54
ORD-20261007-04762,2026-10-07 19:45:20,False,COMPLETED,,2,,
ORD-20261007-04763,2026-10-07 19:45:19,True,COMPLETED,,2,,
ORD-20261007-04764,2026-10-07 19:45:45,True,COMPLETED,,2,,
ORD-20261007-04765,2026-10-07 19:45:04,True,COMPLETED,,2,,
ORD-20261007-04766,2026-10-07 19:45:35,True,COMPLETED,,2,,
ORD-20261007-04767,2026-10-07 19:45:39,True,COMPLETED,,2,,
ORD-20261007-04768,2026-10-07 19:45:09,False,CANCELLED,PAYMENT_FAILED,2,2026-10-07 19:45:44,
ORD-20261007-04769,2026-10-07 19:45:40,False,COMPLETED,,2,,
ORD-20261007-04770,2026-10-07 19:45:45,False,CANCELLED,PAYMENT_FAILED,1,2026-10-07 19:46:31,2026-10-07 19:46:19
ORD-20261007-04771,2026-10-07 19:45:55,False,CANCELLED,PAYMENT_FAILED,1,2026-10-07 19:46:41,2026-10-07 19:46:24
ORD-20261007-04772,2026-10-07 19:45:41,False,CANCELLED,PAYMENT_FAILED,2,2026-10-07 19:47:06,
ORD-20261007-04773,2026-10-07 19:45:30,True,COMPLETED,,1,,
ORD-20261007-04774,2026-10-07 19:45:53,False,CANCELLED,PAYMENT_FAILED,2,2026-10-07 19:46:55,2026-10-07 19:46:44
ORD-20261007-04775,2026-10-07 19:45:22,True,COMPLETED,,2,,
ORD-20261007-04776,2026-10-07 19:45:21,True,COMPLETED,,1,,
ORD-20261007-04777,2026-10-07 19:45:07,True,COMPLETED,,1,,
ORD-20261007-04778,2026-10-07 19:45:46,True,COMPLETED,,1,,
ORD-20261007-04779,2026-10-07 19:45:16,True,COMPLETED,,2,,
ORD-20261007-04780,2026-10-07 19:45:16,True,COMPLETED,,2,,
ORD-20261007-04781,2026-10-07 19:45:33,True,COMPLETED,,1,,
ORD-20261007-04782,2026-10-07 19:45:29,True,COMPLETED,,2,,
ORD-20261007-04783,2026-10-07 19:45:38,True,COMPLETED,,2,,
ORD-20261007-04784,2026-10-07 19:45:48,False,COMPLETED,,1,,
ORD-20261007-04785,2026-10-07 19:45:11,False,CANCELLED,PAYMENT_FAILED,1,2026-10-07 19:45:45,2026-10-07 19:45:30
ORD-20261007-04786,2026-10-07 19:45:14,True,COMPLETED,,2,,
ORD-20261007-04787,2026-10-07 19:45:09,False,COMPLETED,,1,,
ORD-20261007-04788,2026-10-07 19:45:20,True,COMPLETED,,1,,
ORD-20261007-04789,2026-10-07 19:45:01,True,CANCELLED,DISPATCH_TIMEOUT,1,2026-10-07 19:46:13,2026-10-07 19:46:01
ORD-20261007-04790,2026-10-07 19:45:48,True,COMPLETED,,2,,
ORD-20261007-04791,2026-10-07 19:45:05,False,CANCELLED,PAYMENT_FAILED,2,2026-10-07 19:45:35,2026-10-07 19:45:17
ORD-20261007-04792,2026-10-07 19:45:32,False,CANCELLED,PAYMENT_FAILED,2,2026-10-07 19:47:01,2026-10-07 19:46:39
ORD-20261007-04793,2026-10-07 19:46:26,True,COMPLETED,,1,,
ORD-20261007-04794,2026-10-07 19:46:02,False,COMPLETED,,2,,
ORD-20261007-04795,2026-10-07 19:46:58,False,CANCELLED,PAYMENT_FAILED,1,2026-10-07 19:47:33,2026-10-07 19:47:17
ORD-20261007-04796,2026-10-07 19:46:47,False,CANCELLED,PAYMENT_FAILED,1,2026-10-07 19:48:00,2026-10-07 19:47:43
ORD-20261007-04797,2026-10-07 19:46:37,True,COMPLETED,,1,,
ORD-20261007-04798,2026-10-07 19:46:57,False,CANCELLED,PAYMENT_FAILED,2,2026-10-07 19:48:19,2026-10-07 19:47:58
ORD-20261007-04799,2026-10-07 19:46:47,True,COMPLETED,,2,,
ORD-20261007-04800,2026-10-07 19:46:48,False,COMPLETED,,2,,
ORD-20261007-04801,2026-10-07 19:46:45,True,COMPLETED,,2,,
ORD-20261007-04802,2026-10-07 19:46:46,True,COMPLETED,,2,,
ORD-20261007-04803,2026-10-07 19:46:35,True,COMPLETED,,2,,
ORD-20261007-04804,2026-10-07 19:46:06,True,CANCELLED,DISPATCH_TIMEOUT,2,2026-10-07 19:46:47,2026-10-07 19:46:32
ORD-20261007-04805,2026-10-07 19:46:10,False,COMPLETED,,2,,
ORD-20261007-04806,2026-10-07 19:46:16,False,CANCELLED,PAYMENT_FAILED,1,2026-10-07 19:47:40,
ORD-20261007-04807,2026-10-07 19:46:42,False,COMPLETED,,1,,
ORD-20261007-04808,2026-10-07 19:46:24,False,CANCELLED,PAYMENT_FAILED,2,2026-10-07 19:47:48,2026-10-07 19:47:31
ORD-20261007-04809,2026-10-07 19:46:02,False,COMPLETED,,1,,
ORD-20261007-04810,2026-10-07 19:46:13,False,CANCELLED,PAYMENT_FAILED,1,2026-10-07 19:47:32,
ORD-20261007-04811,2026-10-07 19:46:44,True,CANCELLED,RIDER_REJECTION,2,2026-10-07 19:47:53,
ORD-20261007-04812,2026-10-07 19:46:38,True,COMPLETED,,2,,
ORD-20261007-04813,2026-10-07 19:46:17,False,CANCELLED,PAYMENT_FAILED,2,2026-10-07 19:47:18,
ORD-20261007-04814,2026-10-07 19:46:29,False,CANCELLED,PAYMENT_FAILED,2,2026-10-07 19:47:04,2026-10-07 19:46:49
ORD-20261007-04815,2026-10-07 19:46:58,True,COMPLETED,,1,,
ORD-20261007-04816,2026-10-07 19:46:08,True,COMPLETED,,2,,
ORD-20261007-04817,2026-10-07 19:46:04,True,COMPLETED,,1,,
ORD-20261007-04818,2026-10-07 19:46:36,True,CANCELLED,DISPATCH_TIMEOUT,2,2026-10-07 19:47:25,2026-10-07 19:47:03
ORD-20261007-04819,2026-10-07 19:46:53,True,COMPLETED,,2,,
ORD-20261007-04820,2026-10-07 19:46:26,False,CANCELLED,PAYMENT_FAILED,2,2026-10-07 19:47:21,2026-10-07 19:47:07
ORD-20261007-04821,2026-10-07 19:46:17,True,COMPLETED,,2,,
ORD-20261007-04822,2026-10-07 19:46:22,False,COMPLETED,,1,,
ORD-20261007-04823,2026-10-07 19:46:19,False,CANCELLED,PAYMENT_FAILED,1,2026-10-07 19:46:49,2026-10-07 19:46:30
ORD-20261007-04824,2026-10-07 19:46:20,False,CANCELLED,PAYMENT_FAILED,1,2026-10-07 19:47:41,2026-10-07 19:47:26
ORD-20261007-04825,2026-10-07 19:46:13,True,COMPLETED,,2,,
ORD-20261007-04826,2026-10-07 19:46:52,True,COMPLETED,,2,,
ORD-20261007-04827,2026-10-07 19:46:06,True,COMPLETED,,2,,
ORD-20261007-04828,2026-10-07 19:46:16,True,COMPLETED,,1,,
ORD-20261007-04829,2026-10-07 19:46:00,True,COMPLETED,,1,,
ORD-20261007-04830,2026-10-07 19:46:14,True,COMPLETED,,1,,
ORD-20261007-04831,2026-10-07 19:46:29,False,CANCELLED,PAYMENT_FAILED,1,2026-10-07 19:47:13,2026-10-07 19:47:01
ORD-20261007-04832,2026-10-07 19:46:36,False,COMPLETED,,1,,
ORD-20261007-04833,2026-10-07 19:46:16,True,COMPLETED,,2,,
ORD-20261007-04834,2026-10-07 19:46:24,False,CANCELLED,PAYMENT_FAILED,2,2026-10-07 19:47:01,
ORD-20261007-04835,2026-10-07 19:46:37,True,COMPLETED,,1,,
ORD-20261007-04836,2026-10-07 19:46:33,True,COMPLETED,,1,,
ORD-20261007-04837,2026-10-07 19:46:36,True,COMPLETED,,1,,
ORD-20261007-04838,2026-10-07 19:46:42,True,COMPLETED,,1,,
ORD-20261007-04839,2026-10-07 19:46:37,False,COMPLETED,,1,,
ORD-20261007-04840,2026-10-07 19:47:04,False,CANCELLED,PAYMENT_FAILED,1,2026-10-07 19:48:05,
ORD-20261007-04841,2026-10-07 19:47:19,True,COMPLETED,,1,,
ORD-20261007-04842,2026-10-07 19:47:54,True,COMPLETED,,2,,
ORD-20261007-04843,2026-10-07 19:47:49,False,COMPLETED,,1,,
ORD-20261007-04844,2026-10-07 19:47:20,True,COMPLETED,,1,,
ORD-20261007-04845,2026-10-07 19:47:55,False,CANCELLED,PAYMENT_FAILED,1,2026-10-07 19:48:59,2026-10-07 19:48:38
ORD-20261007-04846,2026-10-07 19:47:41,True,COMPLETED,,2,,
ORD-20261007-04847,2026-10-07 19:47:56,False,COMPLETED,,1,,
ORD-20261007-04848,2026-10-07 19:47:49,True,COMPLETED,,2,,
ORD-20261007-04849,2026-10-07 19:47:48,True,COMPLETED,,2,,
ORD-20261007-04850,2026-10-07 19:47:36,True,COMPLETED,,2,,
ORD-20261007-04851,2026-10-07 19:47:40,True,COMPLETED,,1,,
ORD-20261007-04852,2026-10-07 19:47:40,False,CANCELLED,PAYMENT_FAILED,2,2026-10-07 19:48:52,
ORD-20261007-04853,2026-10-07 19:47:44,False,COMPLETED,,2,,
ORD-20261007-04854,2026-10-07 19:47:59,False,CANCELLED,PAYMENT_FAILED,2,2026-10-07 19:48:43,2026-10-07 19:48:31
ORD-20261007-04855,2026-10-07 19:47:55,False,CANCELLED,PAYMENT_FAILED,1,2026-10-07 19:49:19,2026-10-07 19:49:01
ORD-20261007-04856,2026-10-07 19:47:51,True,COMPLETED,,2,,
ORD-20261007-04857,2026-10-07 19:47:31,False,COMPLETED,,2,,
ORD-20261007-04858,2026-10-07 19:47:29,True,COMPLETED,,1,,
ORD-20261007-04859,2026-10-07 19:47:47,True,COMPLETED,,1,,
ORD-20261007-04860,2026-10-07 19:47:19,False,CANCELLED,PAYMENT_FAILED,2,2026-10-07 19:48:25,2026-10-07 19:48:06
ORD-20261007-04861,2026-10-07 19:47:58,True,CANCELLED,RIDER_REJECTION,1,2026-10-07 19:49:03,
ORD-20261007-04862,2026-10-07 19:47:27,False,CANCELLED,PAYMENT_FAILED,2,2026-10-07 19:48:41,2026-10-07 19:48:24
ORD-20261007-04863,2026-10-07 19:47:43,True,COMPLETED,,2,,
ORD-20261007-04864,2026-10-07 19:47:01,True,COMPLETED,,2,,
ORD-20261007-04865,2026-10-07 19:47:19,True,COMPLETED,,1,,
ORD-20261007-04866,2026-10-07 19:47:50,True,COMPLETED,,1,,
ORD-20261007-04867,2026-10-07 19:47:07,True,COMPLETED,,2,,
ORD-20261007-04868,2026-10-07 19:47:49,True,COMPLETED,,1,,
ORD-20261007-04869,2026-10-07 19:47:54,True,COMPLETED,,1,,
ORD-20261007-04870,2026-10-07 19:47:02,False,CANCELLED,PAYMENT_FAILED,1,2026-10-07 19:48:23,2026-10-07 19:48:09
ORD-20261007-04871,2026-10-07 19:47:08,True,COMPLETED,,2,,
ORD-20261007-04872,2026-10-07 19:47:55,True,COMPLETED,,2,,
ORD-20261007-04873,2026-10-07 19:47:29,True,COMPLETED,,2,,
ORD-20261007-04874,2026-10-07 19:47:32,False,COMPLETED,,1,,
ORD-20261007-04875,2026-10-07 19:47:53,True,COMPLETED,,2,,
ORD-20261007-04876,2026-10-07 19:47:00,True,COMPLETED,,1,,
ORD-20261007-04877,2026-10-07 19:47:42,False,COMPLETED,,1,,
ORD-20261007-04878,2026-10-07 19:47:44,False,CANCELLED,PAYMENT_FAILED,2,2026-10-07 19:49:08,
ORD-20261007-04879,2026-10-07 19:47:47,True,COMPLETED,,1,,
ORD-20261007-04880,2026-10-07 19:47:12,False,CANCELLED,PAYMENT_FAILED,2,2026-10-07 19:48:32,2026-10-07 19:48:12
ORD-20261007-04881,2026-10-07 19:47:57,True,COMPLETED,,1,,
ORD-20261007-04882,2026-10-07 19:47:37,False,CANCELLED,PAYMENT_FAILED,2,2026-10-07 19:48:59,2026-10-07 19:48:39
ORD-20261007-04883,2026-10-07 19:47:27,False,COMPLETED,,2,,
ORD-20261007-04884,2026-10-07 19:47:20,True,COMPLETED,,2,,
ORD-20261007-04885,2026-10-07 19:47:42,False,CANCELLED,PAYMENT_FAILED,1,2026-10-07 19:48:55,
ORD-20261007-04886,2026-10-07 19:48:54,True,COMPLETED,,2,,
ORD-20261007-04887,2026-10-07 19:48:45,False,CANCELLED,PAYMENT_FAILED,2,2026-10-07 19:50:14,2026-10-07 19:50:03
ORD-20261007-04888,2026-10-07 19:48:36,True,COMPLETED,,1,,
ORD-20261007-04889,2026-10-07 19:48:31,True,COMPLETED,,1,,
ORD-20261007-04890,2026-10-07 19:48:35,False,CANCELLED,PAYMENT_FAILED,1,2026-10-07 19:49:32,
ORD-20261007-04891,2026-10-07 19:48:53,False,CANCELLED,PAYMENT_FAILED,1,2026-10-07 19:50:02,2026-10-07 19:49:39
ORD-20261007-04892,2026-10-07 19:48:08,True,COMPLETED,,1,,
ORD-20261007-04893,2026-10-07 19:48:36,True,CANCELLED,DISPATCH_TIMEOUT,1,2026-10-07 19:49:37,
ORD-20261007-04894,2026-10-07 19:48:46,True,COMPLETED,,1,,
ORD-20261007-04895,2026-10-07 19:48:12,False,CANCELLED,PAYMENT_FAILED,1,2026-10-07 19:49:36,2026-10-07 19:49:16
ORD-20261007-04896,2026-10-07 19:48:07,False,CANCELLED,PAYMENT_FAILED,1,2026-10-07 19:49:33,2026-10-07 19:49:16
ORD-20261007-04897,2026-10-07 19:48:56,True,COMPLETED,,1,,
ORD-20261007-04898,2026-10-07 19:48:38,False,CANCELLED,PAYMENT_FAILED,1,2026-10-07 19:49:55,2026-10-07 19:49:41
ORD-20261007-04899,2026-10-07 19:48:57,False,CANCELLED,PAYMENT_FAILED,2,2026-10-07 19:50:26,2026-10-07 19:50:08
ORD-20261007-04900,2026-10-07 19:48:08,True,COMPLETED,,1,,
ORD-20261007-04901,2026-10-07 19:48:27,True,COMPLETED,,1,,
ORD-20261007-04902,2026-10-07 19:48:34,True,COMPLETED,,2,,
ORD-20261007-04903,2026-10-07 19:48:32,True,COMPLETED,,2,,
ORD-20261007-04904,2026-10-07 19:48:25,False,CANCELLED,PAYMENT_FAILED,2,2026-10-07 19:48:55,2026-10-07 19:48:42
ORD-20261007-04905,2026-10-07 19:48:30,True,COMPLETED,,2,,
ORD-20261007-04906,2026-10-07 19:48:46,True,COMPLETED,,1,,
ORD-20261007-04907,2026-10-07 19:48:46,True,COMPLETED,,1,,
ORD-20261007-04908,2026-10-07 19:48:11,True,COMPLETED,,2,,
ORD-20261007-04909,2026-10-07 19:48:09,False,CANCELLED,PAYMENT_FAILED,1,2026-10-07 19:49:38,2026-10-07 19:49:15
ORD-20261007-04910,2026-10-07 19:48:59,True,COMPLETED,,2,,
ORD-20261007-04911,2026-10-07 19:48:07,True,COMPLETED,,2,,
ORD-20261007-04912,2026-10-07 19:48:26,False,COMPLETED,,1,,
ORD-20261007-04913,2026-10-07 19:48:05,False,CANCELLED,PAYMENT_FAILED,1,2026-10-07 19:49:07,2026-10-07 19:48:57
ORD-20261007-04914,2026-10-07 19:48:45,True,COMPLETED,,1,,
ORD-20261007-04915,2026-10-07 19:48:33,False,CANCELLED,PAYMENT_FAILED,2,2026-10-07 19:49:26,2026-10-07 19:49:06
ORD-20261007-04916,2026-10-07 19:48:19,True,COMPLETED,,1,,
ORD-20261007-04917,2026-10-07 19:48:41,True,COMPLETED,,2,,
ORD-20261007-04918,2026-10-07 19:48:23,False,COMPLETED,,2,,
ORD-20261007-04919,2026-10-07 19:48:53,False,COMPLETED,,2,,
ORD-20261007-04920,2026-10-07 19:48:59,True,COMPLETED,,1,,
ORD-20261007-04921,2026-10-07 19:48:58,True,CANCELLED,RIDER_REJECTION,1,2026-10-07 19:50:17,2026-10-07 19:49:53
ORD-20261007-04922,2026-10-07 19:48:26,True,COMPLETED,,2,,
ORD-20261007-04923,2026-10-07 19:48:10,False,CANCELLED,PAYMENT_FAILED,1,2026-10-07 19:48:48,
ORD-20261007-04924,2026-10-07 19:48:03,False,CANCELLED,PAYMENT_FAILED,1,2026-10-07 19:48:55,
ORD-20261007-04925,2026-10-07 19:48:43,True,COMPLETED,,2,,
ORD-20261007-04926,2026-10-07 19:48:19,True,COMPLETED,,1,,
ORD-20261007-04927,2026-10-07 19:48:43,True,COMPLETED,,1,,
ORD-20261007-04928,2026-10-07 19:48:33,True,COMPLETED,,1,,
ORD-20261007-04929,2026-10-07 19:48:49,True,COMPLETED,,2,,
ORD-20261007-04930,2026-10-07 19:48:41,False,CANCELLED,PAYMENT_FAILED,1,2026-10-07 19:49:22,
ORD-20261007-04931,2026-10-07 19:49:24,False,CANCELLED,PAYMENT_FAILED,2,2026-10-07 19:50:03,
ORD-20261007-04932,2026-10-07 19:49:12,True,COMPLETED,,2,,
ORD-20261007-04933,2026-10-07 19:49:35,False,CANCELLED,PAYMENT_FAILED,1,2026-10-07 19:50:58,
ORD-20261007-04934,2026-10-07 19:49:59,True,COMPLETED,,1,,
ORD-20261007-04935,2026-10-07 19:49:20,False,CANCELLED,PAYMENT_FAILED,2,2026-10-07 19:50:03,2026-10-07 19:49:51
ORD-20261007-04936,2026-10-07 19:49:08,True,COMPLETED,,1,,
ORD-20261007-04937,2026-10-07 19:49:38,True,COMPLETED,,1,,
ORD-20261007-04938,2026-10-07 19:49:15,False,COMPLETED,,2,,
ORD-20261007-04939,2026-10-07 19:49:46,False,CANCELLED,PAYMENT_FAILED,1,2026-10-07 19:51:13,
ORD-20261007-04940,2026-10-07 19:49:08,True,COMPLETED,,2,,
ORD-20261007-04941,2026-10-07 19:49:37,True,COMPLETED,,2,,
ORD-20261007-04942,2026-10-07 19:49:23,True,COMPLETED,,2,,
ORD-20261007-04943,2026-10-07 19:49:21,False,CANCELLED,PAYMENT_FAILED,1,2026-10-07 19:50:40,2026-10-07 19:50:30
ORD-20261007-04944,2026-10-07 19:49:39,False,CANCELLED,PAYMENT_FAILED,2,2026-10-07 19:50:25,
ORD-20261007-04945,2026-10-07 19:49:24,True,COMPLETED,,2,,
ORD-20261007-04946,2026-10-07 19:49:55,True,COMPLETED,,1,,
ORD-20261007-04947,2026-10-07 19:49:53,True,COMPLETED,,2,,
ORD-20261007-04948,2026-10-07 19:49:02,True,COMPLETED,,1,,
ORD-20261007-04949,2026-10-07 19:49:24,True,COMPLETED,,1,,
ORD-20261007-04950,2026-10-07 19:49:38,False,CANCELLED,PAYMENT_FAILED,2,2026-10-07 19:51:06,
ORD-20261007-04951,2026-10-07 19:49:32,True,COMPLETED,,1,,
ORD-20261007-04952,2026-10-07 19:49:00,False,CANCELLED,PAYMENT_FAILED,2,2026-10-07 19:49:50,2026-10-07 19:49:28
ORD-20261007-04953,2026-10-07 19:49:05,True,COMPLETED,,1,,
ORD-20261007-04954,2026-10-07 19:49:36,True,COMPLETED,,1,,
ORD-20261007-04955,2026-10-07 19:49:56,False,CANCELLED,PAYMENT_FAILED,2,2026-10-07 19:51:16,2026-10-07 19:50:52
ORD-20261007-04956,2026-10-07 19:49:14,True,COMPLETED,,1,,
ORD-20261007-04957,2026-10-07 19:49:51,False,COMPLETED,,2,,
ORD-20261007-04958,2026-10-07 19:49:56,False,CANCELLED,PAYMENT_FAILED,1,2026-10-07 19:50:42,2026-10-07 19:50:25
ORD-20261007-04959,2026-10-07 19:49:35,True,COMPLETED,,1,,
ORD-20261007-04960,2026-10-07 19:49:08,True,COMPLETED,,1,,
ORD-20261007-04961,2026-10-07 19:49:55,False,CANCELLED,PAYMENT_FAILED,2,2026-10-07 19:51:04,2026-10-07 19:50:45
ORD-20261007-04962,2026-10-07 19:49:19,True,COMPLETED,,2,,
ORD-20261007-04963,2026-10-07 19:49:24,False,CANCELLED,PAYMENT_FAILED,2,2026-10-07 19:50:53,
ORD-20261007-04964,2026-10-07 19:49:28,True,COMPLETED,,1,,
ORD-20261007-04965,2026-10-07 19:49:07,True,COMPLETED,,1,,
ORD-20261007-04966,2026-10-07 19:49:45,True,COMPLETED,,2,,
ORD-20261007-04967,2026-10-07 19:49:54,True,COMPLETED,,1,,
ORD-20261007-04968,2026-10-07 19:49:27,False,CANCELLED,PAYMENT_FAILED,1,2026-10-07 19:50:56,2026-10-07 19:50:35
ORD-20261007-04969,2026-10-07 19:49:54,True,COMPLETED,,2,,
ORD-20261007-04970,2026-10-07 19:49:11,True,COMPLETED,,1,,
ORD-20261007-04971,2026-10-07 19:49:06,True,COMPLETED,,1,,
ORD-20261007-04972,2026-10-07 19:49:45,False,CANCELLED,PAYMENT_FAILED,1,2026-10-07 19:50:47,2026-10-07 19:50:25
ORD-20261007-04973,2026-10-07 19:49:42,True,CANCELLED,DISPATCH_TIMEOUT,2,2026-10-07 19:50:56,2026-10-07 19:50:41
ORD-20261007-04974,2026-10-07 19:49:15,False,CANCELLED,PAYMENT_FAILED,1,2026-10-07 19:50:35,2026-10-07 19:50:14
ORD-20261007-04975,2026-10-07 19:49:45,False,COMPLETED,,2,,
ORD-20261007-04976,2026-10-07 19:49:21,True,COMPLETED,,2,,
ORD-20261007-04977,2026-10-07 19:50:46,False,COMPLETED,,2,,
ORD-20261007-04978,2026-10-07 19:50:30,False,CANCELLED,PAYMENT_FAILED,2,2026-10-07 19:51:23,
ORD-20261007-04979,2026-10-07 19:50:20,False,CANCELLED,PAYMENT_FAILED,1,2026-10-07 19:51:11,2026-10-07 19:50:53
ORD-20261007-04980,2026-10-07 19:50:13,False,CANCELLED,PAYMENT_FAILED,2,2026-10-07 19:51:41,2026-10-07 19:51:17
ORD-20261007-04981,2026-10-07 19:50:27,True,COMPLETED,,1,,
ORD-20261007-04982,2026-10-07 19:50:30,True,COMPLETED,,2,,
ORD-20261007-04983,2026-10-07 19:50:22,False,CANCELLED,PAYMENT_FAILED,1,2026-10-07 19:51:07,2026-10-07 19:50:43
ORD-20261007-04984,2026-10-07 19:50:21,True,COMPLETED,,2,,
ORD-20261007-04985,2026-10-07 19:50:16,True,COMPLETED,,2,,
ORD-20261007-04986,2026-10-07 19:50:57,True,COMPLETED,,1,,
ORD-20261007-04987,2026-10-07 19:50:35,True,COMPLETED,,1,,
ORD-20261007-04988,2026-10-07 19:50:55,False,CANCELLED,PAYMENT_FAILED,1,2026-10-07 19:51:44,2026-10-07 19:51:25
ORD-20261007-04989,2026-10-07 19:50:14,True,COMPLETED,,2,,
ORD-20261007-04990,2026-10-07 19:50:34,True,COMPLETED,,2,,
ORD-20261007-04991,2026-10-07 19:50:57,True,COMPLETED,,1,,
ORD-20261007-04992,2026-10-07 19:50:56,True,COMPLETED,,1,,
ORD-20261007-04993,2026-10-07 19:50:03,True,COMPLETED,,1,,
ORD-20261007-04994,2026-10-07 19:50:55,False,CANCELLED,PAYMENT_FAILED,1,2026-10-07 19:52:13,2026-10-07 19:52:01
ORD-20261007-04995,2026-10-07 19:50:38,True,COMPLETED,,2,,
ORD-20261007-04996,2026-10-07 19:50:49,True,COMPLETED,,2,,
ORD-20261007-04997,2026-10-07 19:50:24,False,CANCELLED,PAYMENT_FAILED,1,2026-10-07 19:51:47,2026-10-07 19:51:33
ORD-20261007-04998,2026-10-07 19:50:52,True,COMPLETED,,1,,
ORD-20261007-04999,2026-10-07 19:50:18,True,CANCELLED,RIDER_REJECTION,1,2026-10-07 19:51:25,2026-10-07 19:51:03
ORD-20261007-05000,2026-10-07 19:50:42,True,COMPLETED,,1,,
ORD-20261007-05001,2026-10-07 19:50:37,False,CANCELLED,PAYMENT_FAILED,2,2026-10-07 19:51:07,2026-10-07 19:50:57
ORD-20261007-05002,2026-10-07 19:50:20,True,COMPLETED,,2,,
ORD-20261007-05003,2026-10-07 19:50:02,False,CANCELLED,PAYMENT_FAILED,2,2026-10-07 19:51:02,
ORD-20261007-05004,2026-10-07 19:50:38,True,COMPLETED,,1,,
ORD-20261007-05005,2026-10-07 19:50:54,True,COMPLETED,,2,,
ORD-20261007-05006,2026-10-07 19:50:04,True,COMPLETED,,1,,
ORD-20261007-05007,2026-10-07 19:50:46,False,CANCELLED,PAYMENT_FAILED,1,2026-10-07 19:51:37,
ORD-20261007-05008,2026-10-07 19:50:47,True,CANCELLED,RIDER_REJECTION,1,2026-10-07 19:51:18,2026-10-07 19:50:57
ORD-20261007-05009,2026-10-07 19:50:48,True,COMPLETED,,2,,
ORD-20261007-05010,2026-10-07 19:50:52,True,COMPLETED,,1,,
ORD-20261007-05011,2026-10-07 19:50:35,False,COMPLETED,,1,,
ORD-20261007-05012,2026-10-07 19:50:28,True,COMPLETED,,2,,
ORD-20261007-05013,2026-10-07 19:50:44,True,COMPLETED,,1,,
ORD-20261007-05014,2026-10-07 19:50:02,False,CANCELLED,PAYMENT_FAILED,1,2026-10-07 19:50:38,
ORD-20261007-05015,2026-10-07 19:50:01,True,COMPLETED,,1,,
ORD-20261007-05016,2026-10-07 19:50:07,True,COMPLETED,,1,,
ORD-20261007-05017,2026-10-07 19:50:49,False,COMPLETED,,1,,
ORD-20261007-05018,2026-10-07 19:50:37,False,CANCELLED,PAYMENT_FAILED,2,2026-10-07 19:51:09,2026-10-07 19:50:52
ORD-20261007-05019,2026-10-07 19:50:39,True,COMPLETED,,2,,
ORD-20261007-05020,2026-10-07 19:51:15,True,COMPLETED,,1,,
ORD-20261007-05021,2026-10-07 19:51:01,True,COMPLETED,,1,,
ORD-20261007-05022,2026-10-07 19:51:01,True,COMPLETED,,1,,
ORD-20261007-05023,2026-10-07 19:51:24,False,CANCELLED,PAYMENT_FAILED,2,2026-10-07 19:52:29,2026-10-07 19:52:08
ORD-20261007-05024,2026-10-07 19:51:25,True,COMPLETED,,1,,
ORD-20261007-05025,2026-10-07 19:51:40,True,COMPLETED,,2,,
ORD-20261007-05026,2026-10-07 19:51:42,True,COMPLETED,,2,,
ORD-20261007-05027,2026-10-07 19:51:57,True,COMPLETED,,1,,
ORD-20261007-05028,2026-10-07 19:51:48,True,COMPLETED,,2,,
ORD-20261007-05029,2026-10-07 19:51:47,True,COMPLETED,,2,,
ORD-20261007-05030,2026-10-07 19:51:37,True,COMPLETED,,2,,
ORD-20261007-05031,2026-10-07 19:51:59,True,COMPLETED,,1,,
ORD-20261007-05032,2026-10-07 19:51:40,True,COMPLETED,,2,,
ORD-20261007-05033,2026-10-07 19:51:38,True,COMPLETED,,1,,
ORD-20261007-05034,2026-10-07 19:51:57,False,CANCELLED,PAYMENT_FAILED,1,2026-10-07 19:53:10,2026-10-07 19:52:57
ORD-20261007-05035,2026-10-07 19:51:55,True,CANCELLED,DISPATCH_TIMEOUT,1,2026-10-07 19:53:14,2026-10-07 19:53:02
ORD-20261007-05036,2026-10-07 19:51:16,True,COMPLETED,,2,,
ORD-20261007-05037,2026-10-07 19:51:37,True,COMPLETED,,2,,
ORD-20261007-05038,2026-10-07 19:51:57,True,COMPLETED,,2,,
ORD-20261007-05039,2026-10-07 19:51:43,True,COMPLETED,,2,,
ORD-20261007-05040,2026-10-07 19:51:34,False,COMPLETED,,2,,
ORD-20261007-05041,2026-10-07 19:51:25,True,COMPLETED,,2,,
ORD-20261007-05042,2026-10-07 19:51:47,False,CANCELLED,PAYMENT_FAILED,1,2026-10-07 19:53:04,2026-10-07 19:52:41
ORD-20261007-05043,2026-10-07 19:51:39,True,COMPLETED,,1,,
ORD-20261007-05044,2026-10-07 19:51:20,True,COMPLETED,,2,,
ORD-20261007-05045,2026-10-07 19:51:32,True,COMPLETED,,2,,
ORD-20261007-05046,2026-10-07 19:51:27,True,COMPLETED,,2,,
ORD-20261007-05047,2026-10-07 19:51:09,True,COMPLETED,,1,,
ORD-20261007-05048,2026-10-07 19:51:37,True,COMPLETED,,1,,
ORD-20261007-05049,2026-10-07 19:51:39,True,COMPLETED,,2,,
ORD-20261007-05050,2026-10-07 19:51:48,False,COMPLETED,,2,,
ORD-20261007-05051,2026-10-07 19:51:11,False,CANCELLED,PAYMENT_FAILED,2,2026-10-07 19:52:18,2026-10-07 19:52:04
ORD-20261007-05052,2026-10-07 19:51:39,True,COMPLETED,,2,,
ORD-20261007-05053,2026-10-07 19:51:56,False,COMPLETED,,2,,
ORD-20261007-05054,2026-10-07 19:51:50,False,CANCELLED,PAYMENT_FAILED,2,2026-10-07 19:53:05,
ORD-20261007-05055,2026-10-07 19:51:38,True,COMPLETED,,2,,
ORD-20261007-05056,2026-10-07 19:51:56,False,CANCELLED,PAYMENT_FAILED,1,2026-10-07 19:52:32,2026-10-07 19:52:14
ORD-20261007-05057,2026-10-07 19:51:33,True,COMPLETED,,2,,
ORD-20261007-05058,2026-10-07 19:51:28,True,COMPLETED,,2,,
ORD-20261007-05059,2026-10-07 19:51:10,False,COMPLETED,,2,,
ORD-20261007-05060,2026-10-07 19:51:44,False,CANCELLED,PAYMENT_FAILED,2,2026-10-07 19:53:07,
ORD-20261007-05061,2026-10-07 19:51:02,False,CANCELLED,PAYMENT_FAILED,1,2026-10-07 19:51:37,2026-10-07 19:51:19
ORD-20261007-05062,2026-10-07 19:51:08,True,CANCELLED,RIDER_REJECTION,2,2026-10-07 19:52:13,2026-10-07 19:51:58
ORD-20261007-05063,2026-10-07 19:51:29,False,CANCELLED,PAYMENT_FAILED,2,2026-10-07 19:52:13,2026-10-07 19:51:52
ORD-20261007-05064,2026-10-07 19:51:02,False,COMPLETED,,2,,
ORD-20261007-05065,2026-10-07 19:51:00,True,COMPLETED,,1,,
ORD-20261007-05066,2026-10-07 19:51:33,True,COMPLETED,,2,,
ORD-20261007-05067,2026-10-07 19:52:44,True,COMPLETED,,2,,
ORD-20261007-05068,2026-10-07 19:52:33,True,COMPLETED,,2,,
ORD-20261007-05069,2026-10-07 19:52:41,True,COMPLETED,,1,,
ORD-20261007-05070,2026-10-07 19:52:26,True,COMPLETED,,2,,
ORD-20261007-05071,2026-10-07 19:52:27,True,COMPLETED,,2,,
ORD-20261007-05072,2026-10-07 19:52:43,False,COMPLETED,,1,,
ORD-20261007-05073,2026-10-07 19:52:37,True,COMPLETED,,1,,
ORD-20261007-05074,2026-10-07 19:52:21,False,CANCELLED,PAYMENT_FAILED,2,2026-10-07 19:52:54,2026-10-07 19:52:39
ORD-20261007-05075,2026-10-07 19:52:55,False,COMPLETED,,1,,
ORD-20261007-05076,2026-10-07 19:52:09,False,CANCELLED,PAYMENT_FAILED,2,2026-10-07 19:53:08,
ORD-20261007-05077,2026-10-07 19:52:56,False,CANCELLED,PAYMENT_FAILED,1,2026-10-07 19:54:07,
ORD-20261007-05078,2026-10-07 19:52:33,True,COMPLETED,,2,,
ORD-20261007-05079,2026-10-07 19:52:39,True,COMPLETED,,2,,
ORD-20261007-05080,2026-10-07 19:52:07,False,CANCELLED,PAYMENT_FAILED,2,2026-10-07 19:53:12,2026-10-07 19:53:00
ORD-20261007-05081,2026-10-07 19:52:24,False,COMPLETED,,1,,
ORD-20261007-05082,2026-10-07 19:52:18,True,COMPLETED,,1,,
ORD-20261007-05083,2026-10-07 19:52:39,False,CANCELLED,PAYMENT_FAILED,1,2026-10-07 19:53:26,2026-10-07 19:53:05
ORD-20261007-05084,2026-10-07 19:52:09,True,COMPLETED,,2,,
ORD-20261007-05085,2026-10-07 19:52:32,True,COMPLETED,,2,,
ORD-20261007-05086,2026-10-07 19:52:47,True,COMPLETED,,2,,
ORD-20261007-05087,2026-10-07 19:52:45,True,COMPLETED,,1,,
ORD-20261007-05088,2026-10-07 19:52:48,False,CANCELLED,PAYMENT_FAILED,1,2026-10-07 19:53:55,
ORD-20261007-05089,2026-10-07 19:52:58,True,COMPLETED,,1,,
ORD-20261007-05090,2026-10-07 19:52:25,False,COMPLETED,,1,,
ORD-20261007-05091,2026-10-07 19:52:42,False,COMPLETED,,2,,
ORD-20261007-05092,2026-10-07 19:52:28,True,COMPLETED,,2,,
ORD-20261007-05093,2026-10-07 19:52:13,True,COMPLETED,,1,,
ORD-20261007-05094,2026-10-07 19:52:00,True,COMPLETED,,1,,
ORD-20261007-05095,2026-10-07 19:52:18,True,COMPLETED,,1,,
ORD-20261007-05096,2026-10-07 19:52:35,False,CANCELLED,PAYMENT_FAILED,1,2026-10-07 19:53:46,2026-10-07 19:53:25
ORD-20261007-05097,2026-10-07 19:52:55,True,COMPLETED,,1,,
ORD-20261007-05098,2026-10-07 19:52:32,False,CANCELLED,PAYMENT_FAILED,2,2026-10-07 19:53:06,
ORD-20261007-05099,2026-10-07 19:52:59,True,COMPLETED,,2,,
ORD-20261007-05100,2026-10-07 19:52:00,False,COMPLETED,,2,,
ORD-20261007-05101,2026-10-07 19:52:16,True,COMPLETED,,2,,
ORD-20261007-05102,2026-10-07 19:52:53,True,COMPLETED,,1,,
ORD-20261007-05103,2026-10-07 19:52:27,True,COMPLETED,,1,,
ORD-20261007-05104,2026-10-07 19:52:46,False,CANCELLED,PAYMENT_FAILED,1,2026-10-07 19:54:12,2026-10-07 19:53:54
ORD-20261007-05105,2026-10-07 19:52:00,True,COMPLETED,,2,,
ORD-20261007-05106,2026-10-07 19:52:41,False,CANCELLED,PAYMENT_FAILED,2,2026-10-07 19:53:34,
ORD-20261007-05107,2026-10-07 19:52:35,True,COMPLETED,,2,,
ORD-20261007-05108,2026-10-07 19:52:28,False,CANCELLED,PAYMENT_FAILED,1,2026-10-07 19:53:07,2026-10-07 19:52:52
ORD-20261007-05109,2026-10-07 19:52:02,True,COMPLETED,,2,,
ORD-20261007-05110,2026-10-07 19:52:15,False,CANCELLED,PAYMENT_FAILED,1,2026-10-07 19:53:19,2026-10-07 19:52:57
ORD-20261007-05111,2026-10-07 19:52:32,True,CANCELLED,DISPATCH_TIMEOUT,1,2026-10-07 19:53:15,
ORD-20261007-05112,2026-10-07 19:53:50,True,COMPLETED,,1,,
ORD-20261007-05113,2026-10-07 19:53:10,True,CANCELLED,RIDER_REJECTION,2,2026-10-07 19:54:02,
ORD-20261007-05114,2026-10-07 19:53:25,True,COMPLETED,,2,,
ORD-20261007-05115,2026-10-07 19:53:43,False,CANCELLED,PAYMENT_FAILED,1,2026-10-07 19:54:41,2026-10-07 19:54:18
ORD-20261007-05116,2026-10-07 19:53:42,False,CANCELLED,PAYMENT_FAILED,1,2026-10-07 19:54:30,2026-10-07 19:54:10
ORD-20261007-05117,2026-10-07 19:53:40,True,COMPLETED,,1,,
ORD-20261007-05118,2026-10-07 19:53:57,True,CANCELLED,DISPATCH_TIMEOUT,1,2026-10-07 19:55:12,
ORD-20261007-05119,2026-10-07 19:53:05,True,COMPLETED,,1,,
ORD-20261007-05120,2026-10-07 19:53:44,False,CANCELLED,PAYMENT_FAILED,2,2026-10-07 19:54:54,2026-10-07 19:54:41
ORD-20261007-05121,2026-10-07 19:53:09,True,COMPLETED,,2,,
ORD-20261007-05122,2026-10-07 19:53:29,True,COMPLETED,,2,,
ORD-20261007-05123,2026-10-07 19:53:34,False,CANCELLED,PAYMENT_FAILED,1,2026-10-07 19:54:26,2026-10-07 19:54:16
ORD-20261007-05124,2026-10-07 19:53:41,True,COMPLETED,,1,,
ORD-20261007-05125,2026-10-07 19:53:56,False,CANCELLED,PAYMENT_FAILED,1,2026-10-07 19:55:02,2026-10-07 19:54:51
ORD-20261007-05126,2026-10-07 19:53:07,False,COMPLETED,,2,,
ORD-20261007-05127,2026-10-07 19:53:30,True,COMPLETED,,2,,
ORD-20261007-05128,2026-10-07 19:53:28,True,COMPLETED,,1,,
ORD-20261007-05129,2026-10-07 19:53:03,False,COMPLETED,,1,,
ORD-20261007-05130,2026-10-07 19:53:37,False,CANCELLED,PAYMENT_FAILED,1,2026-10-07 19:54:37,2026-10-07 19:54:14
ORD-20261007-05131,2026-10-07 19:53:39,True,COMPLETED,,2,,
ORD-20261007-05132,2026-10-07 19:53:02,True,COMPLETED,,2,,
ORD-20261007-05133,2026-10-07 19:53:07,False,COMPLETED,,1,,
ORD-20261007-05134,2026-10-07 19:53:15,True,COMPLETED,,2,,
ORD-20261007-05135,2026-10-07 19:53:44,True,COMPLETED,,1,,
ORD-20261007-05136,2026-10-07 19:53:32,True,COMPLETED,,1,,
ORD-20261007-05137,2026-10-07 19:53:57,True,COMPLETED,,2,,
ORD-20261007-05138,2026-10-07 19:53:44,True,COMPLETED,,2,,
ORD-20261007-05139,2026-10-07 19:53:08,True,COMPLETED,,1,,
ORD-20261007-05140,2026-10-07 19:53:59,False,COMPLETED,,1,,
ORD-20261007-05141,2026-10-07 19:53:23,True,COMPLETED,,2,,
ORD-20261007-05142,2026-10-07 19:53:16,True,COMPLETED,,2,,
ORD-20261007-05143,2026-10-07 19:53:28,True,COMPLETED,,1,,
ORD-20261007-05144,2026-10-07 19:53:55,True,COMPLETED,,2,,
ORD-20261007-05145,2026-10-07 19:53:58,True,COMPLETED,,2,,
ORD-20261007-05146,2026-10-07 19:53:34,False,CANCELLED,PAYMENT_FAILED,1,2026-10-07 19:54:30,2026-10-07 19:54:10
ORD-20261007-05147,2026-10-07 19:53:00,False,COMPLETED,,2,,
ORD-20261007-05148,2026-10-07 19:53:14,True,COMPLETED,,2,,
ORD-20261007-05149,2026-10-07 19:53:24,True,COMPLETED,,2,,
ORD-20261007-05150,2026-10-07 19:53:47,False,CANCELLED,PAYMENT_FAILED,1,2026-10-07 19:54:20,2026-10-07 19:54:01
ORD-20261007-05151,2026-10-07 19:53:25,False,CANCELLED,PAYMENT_FAILED,2,2026-10-07 19:54:14,2026-10-07 19:54:03
ORD-20261007-05152,2026-10-07 19:53:17,True,COMPLETED,,1,,
ORD-20261007-05153,2026-10-07 19:53:05,False,CANCELLED,PAYMENT_FAILED,2,2026-10-07 19:53:42,
ORD-20261007-05154,2026-10-07 19:53:06,True,COMPLETED,,2,,
ORD-20261007-05155,2026-10-07 19:53:30,False,CANCELLED,PAYMENT_FAILED,1,2026-10-07 19:54:51,
ORD-20261007-05156,2026-10-07 19:53:39,False,CANCELLED,PAYMENT_FAILED,1,2026-10-07 19:55:06,
ORD-20261007-05157,2026-10-07 19:54:34,True,COMPLETED,,1,,
ORD-20261007-05158,2026-10-07 19:54:54,False,CANCELLED,PAYMENT_FAILED,2,2026-10-07 19:55:55,2026-10-07 19:55:34
ORD-20261007-05159,2026-10-07 19:54:31,True,COMPLETED,,2,,
ORD-20261007-05160,2026-10-07 19:54:41,False,CANCELLED,PAYMENT_FAILED,2,2026-10-07 19:56:08,2026-10-07 19:55:54
ORD-20261007-05161,2026-10-07 19:54:38,False,COMPLETED,,2,,
ORD-20261007-05162,2026-10-07 19:54:46,True,COMPLETED,,1,,
ORD-20261007-05163,2026-10-07 19:54:34,False,CANCELLED,PAYMENT_FAILED,2,2026-10-07 19:55:09,2026-10-07 19:54:45
ORD-20261007-05164,2026-10-07 19:54:50,False,CANCELLED,PAYMENT_FAILED,1,2026-10-07 19:55:36,2026-10-07 19:55:24
ORD-20261007-05165,2026-10-07 19:54:59,False,CANCELLED,PAYMENT_FAILED,1,2026-10-07 19:55:39,2026-10-07 19:55:22
ORD-20261007-05166,2026-10-07 19:54:48,False,CANCELLED,PAYMENT_FAILED,1,2026-10-07 19:55:59,2026-10-07 19:55:44
ORD-20261007-05167,2026-10-07 19:54:43,False,CANCELLED,PAYMENT_FAILED,2,2026-10-07 19:55:20,2026-10-07 19:55:01
ORD-20261007-05168,2026-10-07 19:54:28,True,COMPLETED,,2,,
ORD-20261007-05169,2026-10-07 19:54:00,False,CANCELLED,PAYMENT_FAILED,2,2026-10-07 19:55:25,2026-10-07 19:55:04
ORD-20261007-05170,2026-10-07 19:54:08,True,COMPLETED,,1,,
ORD-20261007-05171,2026-10-07 19:54:53,True,COMPLETED,,2,,
ORD-20261007-05172,2026-10-07 19:54:06,True,COMPLETED,,2,,
ORD-20261007-05173,2026-10-07 19:54:29,True,COMPLETED,,2,,
ORD-20261007-05174,2026-10-07 19:54:48,True,COMPLETED,,1,,
ORD-20261007-05175,2026-10-07 19:54:28,False,CANCELLED,PAYMENT_FAILED,2,2026-10-07 19:55:42,2026-10-07 19:55:22
ORD-20261007-05176,2026-10-07 19:54:03,True,COMPLETED,,2,,
ORD-20261007-05177,2026-10-07 19:54:10,False,COMPLETED,,2,,
ORD-20261007-05178,2026-10-07 19:54:27,True,COMPLETED,,1,,
ORD-20261007-05179,2026-10-07 19:54:12,True,COMPLETED,,2,,
ORD-20261007-05180,2026-10-07 19:54:36,False,CANCELLED,PAYMENT_FAILED,2,2026-10-07 19:55:15,2026-10-07 19:55:02
ORD-20261007-05181,2026-10-07 19:54:00,False,CANCELLED,PAYMENT_FAILED,1,2026-10-07 19:55:24,2026-10-07 19:55:05
ORD-20261007-05182,2026-10-07 19:54:18,True,CANCELLED,DISPATCH_TIMEOUT,1,2026-10-07 19:55:00,
ORD-20261007-05183,2026-10-07 19:54:04,False,CANCELLED,PAYMENT_FAILED,2,2026-10-07 19:54:57,2026-10-07 19:54:33
ORD-20261007-05184,2026-10-07 19:54:56,True,COMPLETED,,2,,
ORD-20261007-05185,2026-10-07 19:54:19,False,CANCELLED,PAYMENT_FAILED,1,2026-10-07 19:55:45,
ORD-20261007-05186,2026-10-07 19:54:20,True,COMPLETED,,1,,
ORD-20261007-05187,2026-10-07 19:54:03,True,COMPLETED,,2,,
ORD-20261007-05188,2026-10-07 19:54:01,False,CANCELLED,PAYMENT_FAILED,1,2026-10-07 19:55:03,
ORD-20261007-05189,2026-10-07 19:54:11,False,CANCELLED,PAYMENT_FAILED,2,2026-10-07 19:55:20,2026-10-07 19:55:00
ORD-20261007-05190,2026-10-07 19:54:42,True,COMPLETED,,1,,
ORD-20261007-05191,2026-10-07 19:54:00,True,COMPLETED,,1,,
ORD-20261007-05192,2026-10-07 19:54:06,True,COMPLETED,,2,,
ORD-20261007-05193,2026-10-07 19:54:19,True,COMPLETED,,1,,
ORD-20261007-05194,2026-10-07 19:54:21,False,CANCELLED,PAYMENT_FAILED,2,2026-10-07 19:55:33,
ORD-20261007-05195,2026-10-07 19:54:43,True,COMPLETED,,1,,
ORD-20261007-05196,2026-10-07 19:54:03,True,COMPLETED,,1,,
ORD-20261007-05197,2026-10-07 19:54:14,True,COMPLETED,,2,,
ORD-20261007-05198,2026-10-07 19:54:15,True,COMPLETED,,1,,
ORD-20261007-05199,2026-10-07 19:54:48,True,COMPLETED,,2,,
ORD-20261007-05200,2026-10-07 19:54:04,False,CANCELLED,PAYMENT_FAILED,1,2026-10-07 19:55:20,2026-10-07 19:55:03
ORD-20261007-05201,2026-10-07 19:54:57,True,COMPLETED,,2,,
ORD-20261007-05202,2026-10-07 19:55:35,True,COMPLETED,,2,,
ORD-20261007-05203,2026-10-07 19:55:34,False,COMPLETED,,1,,
ORD-20261007-05204,2026-10-07 19:55:04,False,COMPLETED,,2,,
ORD-20261007-05205,2026-10-07 19:55:35,True,COMPLETED,,1,,
ORD-20261007-05206,2026-10-07 19:55:12,True,COMPLETED,,1,,
ORD-20261007-05207,2026-10-07 19:55:41,False,CANCELLED,PAYMENT_FAILED,2,2026-10-07 19:56:22,
ORD-20261007-05208,2026-10-07 19:55:00,True,COMPLETED,,1,,
ORD-20261007-05209,2026-10-07 19:55:16,True,COMPLETED,,2,,
ORD-20261007-05210,2026-10-07 19:55:23,True,COMPLETED,,1,,
ORD-20261007-05211,2026-10-07 19:55:52,True,CANCELLED,RIDER_REJECTION,1,2026-10-07 19:57:19,
ORD-20261007-05212,2026-10-07 19:55:38,True,COMPLETED,,2,,
ORD-20261007-05213,2026-10-07 19:55:44,False,CANCELLED,PAYMENT_FAILED,1,2026-10-07 19:56:25,
ORD-20261007-05214,2026-10-07 19:55:53,True,COMPLETED,,2,,
ORD-20261007-05215,2026-10-07 19:55:58,True,COMPLETED,,2,,
ORD-20261007-05216,2026-10-07 19:55:58,True,COMPLETED,,2,,
ORD-20261007-05217,2026-10-07 19:55:32,False,CANCELLED,PAYMENT_FAILED,2,2026-10-07 19:57:01,2026-10-07 19:56:47
ORD-20261007-05218,2026-10-07 19:55:22,True,COMPLETED,,1,,
ORD-20261007-05219,2026-10-07 19:55:50,True,COMPLETED,,1,,
ORD-20261007-05220,2026-10-07 19:55:55,True,COMPLETED,,2,,
ORD-20261007-05221,2026-10-07 19:55:08,True,COMPLETED,,2,,
ORD-20261007-05222,2026-10-07 19:55:13,True,COMPLETED,,2,,
ORD-20261007-05223,2026-10-07 19:55:16,True,COMPLETED,,1,,
ORD-20261007-05224,2026-10-07 19:55:08,True,COMPLETED,,2,,
ORD-20261007-05225,2026-10-07 19:55:32,True,COMPLETED,,2,,
ORD-20261007-05226,2026-10-07 19:55:36,False,CANCELLED,PAYMENT_FAILED,2,2026-10-07 19:57:00,2026-10-07 19:56:37
ORD-20261007-05227,2026-10-07 19:55:52,False,CANCELLED,PAYMENT_FAILED,1,2026-10-07 19:56:33,2026-10-07 19:56:15
ORD-20261007-05228,2026-10-07 19:55:46,False,COMPLETED,,1,,
ORD-20261007-05229,2026-10-07 19:55:01,True,COMPLETED,,1,,
ORD-20261007-05230,2026-10-07 19:55:28,True,COMPLETED,,2,,
ORD-20261007-05231,2026-10-07 19:55:29,True,COMPLETED,,2,,
ORD-20261007-05232,2026-10-07 19:55:55,False,CANCELLED,PAYMENT_FAILED,2,2026-10-07 19:57:07,
ORD-20261007-05233,2026-10-07 19:55:13,False,CANCELLED,PAYMENT_FAILED,2,2026-10-07 19:56:12,2026-10-07 19:56:00
ORD-20261007-05234,2026-10-07 19:55:08,True,COMPLETED,,2,,
ORD-20261007-05235,2026-10-07 19:55:44,True,COMPLETED,,2,,
ORD-20261007-05236,2026-10-07 19:55:38,True,COMPLETED,,2,,
ORD-20261007-05237,2026-10-07 19:55:34,False,COMPLETED,,2,,
ORD-20261007-05238,2026-10-07 19:55:52,False,COMPLETED,,2,,
ORD-20261007-05239,2026-10-07 19:55:20,True,COMPLETED,,2,,
ORD-20261007-05240,2026-10-07 19:55:01,True,COMPLETED,,1,,
ORD-20261007-05241,2026-10-07 19:55:35,False,CANCELLED,PAYMENT_FAILED,2,2026-10-07 19:56:24,
ORD-20261007-05242,2026-10-07 19:55:44,True,COMPLETED,,2,,
ORD-20261007-05243,2026-10-07 19:55:39,True,COMPLETED,,1,,
ORD-20261007-05244,2026-10-07 19:55:46,True,COMPLETED,,1,,
ORD-20261007-05245,2026-10-07 19:55:33,True,COMPLETED,,2,,
ORD-20261007-05246,2026-10-07 19:55:01,False,CANCELLED,PAYMENT_FAILED,2,2026-10-07 19:55:35,2026-10-07 19:55:20
ORD-20261007-05247,2026-10-07 19:56:34,True,COMPLETED,,2,,
ORD-20261007-05248,2026-10-07 19:56:10,True,COMPLETED,,2,,
ORD-20261007-05249,2026-10-07 19:56:16,False,CANCELLED,PAYMENT_FAILED,1,2026-10-07 19:57:14,2026-10-07 19:57:00
ORD-20261007-05250,2026-10-07 19:56:52,True,COMPLETED,,2,,
ORD-20261007-05251,2026-10-07 19:56:37,True,COMPLETED,,2,,
ORD-20261007-05252,2026-10-07 19:56:24,True,COMPLETED,,1,,
ORD-20261007-05253,2026-10-07 19:56:34,True,COMPLETED,,1,,
ORD-20261007-05254,2026-10-07 19:56:01,False,CANCELLED,PAYMENT_FAILED,1,2026-10-07 19:57:11,
ORD-20261007-05255,2026-10-07 19:56:49,True,COMPLETED,,2,,
ORD-20261007-05256,2026-10-07 19:56:34,False,CANCELLED,PAYMENT_FAILED,2,2026-10-07 19:57:09,2026-10-07 19:56:45
ORD-20261007-05257,2026-10-07 19:56:47,True,COMPLETED,,2,,
ORD-20261007-05258,2026-10-07 19:56:36,False,CANCELLED,PAYMENT_FAILED,2,2026-10-07 19:57:27,2026-10-07 19:57:03
ORD-20261007-05259,2026-10-07 19:56:09,True,COMPLETED,,2,,
ORD-20261007-05260,2026-10-07 19:56:40,False,CANCELLED,PAYMENT_FAILED,2,2026-10-07 19:57:49,2026-10-07 19:57:31
ORD-20261007-05261,2026-10-07 19:56:33,True,COMPLETED,,1,,
ORD-20261007-05262,2026-10-07 19:56:12,False,CANCELLED,PAYMENT_FAILED,1,2026-10-07 19:57:18,2026-10-07 19:57:00
ORD-20261007-05263,2026-10-07 19:56:54,False,CANCELLED,PAYMENT_FAILED,2,2026-10-07 19:57:57,
ORD-20261007-05264,2026-10-07 19:56:43,True,COMPLETED,,1,,
ORD-20261007-05265,2026-10-07 19:56:15,False,CANCELLED,PAYMENT_FAILED,2,2026-10-07 19:57:02,2026-10-07 19:56:40
ORD-20261007-05266,2026-10-07 19:56:27,False,CANCELLED,PAYMENT_FAILED,1,2026-10-07 19:56:59,2026-10-07 19:56:37
ORD-20261007-05267,2026-10-07 19:56:38,True,COMPLETED,,1,,
ORD-20261007-05268,2026-10-07 19:56:47,True,COMPLETED,,1,,
ORD-20261007-05269,2026-10-07 19:56:12,True,COMPLETED,,1,,
ORD-20261007-05270,2026-10-07 19:56:36,True,COMPLETED,,2,,
ORD-20261007-05271,2026-10-07 19:56:00,True,COMPLETED,,2,,
ORD-20261007-05272,2026-10-07 19:56:27,True,COMPLETED,,2,,
ORD-20261007-05273,2026-10-07 19:56:26,True,CANCELLED,DISPATCH_TIMEOUT,1,2026-10-07 19:57:36,
ORD-20261007-05274,2026-10-07 19:56:15,True,COMPLETED,,1,,
ORD-20261007-05275,2026-10-07 19:56:00,True,COMPLETED,,2,,
ORD-20261007-05276,2026-10-07 19:56:57,False,CANCELLED,PAYMENT_FAILED,2,2026-10-07 19:57:35,2026-10-07 19:57:23
ORD-20261007-05277,2026-10-07 19:56:05,False,CANCELLED,PAYMENT_FAILED,2,2026-10-07 19:57:20,2026-10-07 19:57:06
ORD-20261007-05278,2026-10-07 19:56:13,True,COMPLETED,,2,,
ORD-20261007-05279,2026-10-07 19:56:11,True,COMPLETED,,2,,
ORD-20261007-05280,2026-10-07 19:56:23,True,COMPLETED,,1,,
ORD-20261007-05281,2026-10-07 19:56:48,True,COMPLETED,,1,,
ORD-20261007-05282,2026-10-07 19:56:44,False,CANCELLED,PAYMENT_FAILED,1,2026-10-07 19:58:06,2026-10-07 19:57:47
ORD-20261007-05283,2026-10-07 19:56:41,False,CANCELLED,PAYMENT_FAILED,1,2026-10-07 19:57:59,2026-10-07 19:57:40
ORD-20261007-05284,2026-10-07 19:56:46,True,COMPLETED,,1,,
ORD-20261007-05285,2026-10-07 19:56:59,True,COMPLETED,,2,,
ORD-20261007-05286,2026-10-07 19:56:30,False,CANCELLED,PAYMENT_FAILED,1,2026-10-07 19:57:35,
ORD-20261007-05287,2026-10-07 19:56:31,True,COMPLETED,,1,,
ORD-20261007-05288,2026-10-07 19:56:24,False,COMPLETED,,2,,
ORD-20261007-05289,2026-10-07 19:57:24,True,COMPLETED,,2,,
ORD-20261007-05290,2026-10-07 19:57:59,False,CANCELLED,PAYMENT_FAILED,1,2026-10-07 19:59:18,2026-10-07 19:59:00
ORD-20261007-05291,2026-10-07 19:57:42,True,COMPLETED,,2,,
ORD-20261007-05292,2026-10-07 19:57:33,False,CANCELLED,PAYMENT_FAILED,1,2026-10-07 19:58:14,
ORD-20261007-05293,2026-10-07 19:57:05,True,COMPLETED,,1,,
ORD-20261007-05294,2026-10-07 19:57:39,True,COMPLETED,,1,,
ORD-20261007-05295,2026-10-07 19:57:53,True,COMPLETED,,1,,
ORD-20261007-05296,2026-10-07 19:57:30,True,COMPLETED,,1,,
ORD-20261007-05297,2026-10-07 19:57:24,True,COMPLETED,,1,,
ORD-20261007-05298,2026-10-07 19:57:22,True,COMPLETED,,2,,
ORD-20261007-05299,2026-10-07 19:57:03,False,COMPLETED,,2,,
ORD-20261007-05300,2026-10-07 19:57:03,True,COMPLETED,,1,,
ORD-20261007-05301,2026-10-07 19:57:23,False,COMPLETED,,2,,
ORD-20261007-05302,2026-10-07 19:57:04,False,COMPLETED,,2,,
ORD-20261007-05303,2026-10-07 19:57:04,False,CANCELLED,PAYMENT_FAILED,2,2026-10-07 19:58:31,2026-10-07 19:58:09
ORD-20261007-05304,2026-10-07 19:57:26,False,CANCELLED,PAYMENT_FAILED,2,2026-10-07 19:58:50,2026-10-07 19:58:38
ORD-20261007-05305,2026-10-07 19:57:21,False,CANCELLED,PAYMENT_FAILED,1,2026-10-07 19:58:48,2026-10-07 19:58:24
ORD-20261007-05306,2026-10-07 19:57:02,True,COMPLETED,,2,,
ORD-20261007-05307,2026-10-07 19:57:26,True,COMPLETED,,2,,
ORD-20261007-05308,2026-10-07 19:57:55,True,COMPLETED,,2,,
ORD-20261007-05309,2026-10-07 19:57:33,False,CANCELLED,PAYMENT_FAILED,1,2026-10-07 19:58:08,2026-10-07 19:57:47
ORD-20261007-05310,2026-10-07 19:57:29,True,COMPLETED,,1,,
ORD-20261007-05311,2026-10-07 19:57:44,True,COMPLETED,,1,,
ORD-20261007-05312,2026-10-07 19:57:40,True,COMPLETED,,2,,
ORD-20261007-05313,2026-10-07 19:57:10,True,COMPLETED,,1,,
ORD-20261007-05314,2026-10-07 19:57:20,True,COMPLETED,,2,,
ORD-20261007-05315,2026-10-07 19:57:26,True,COMPLETED,,1,,
ORD-20261007-05316,2026-10-07 19:57:31,False,CANCELLED,PAYMENT_FAILED,2,2026-10-07 19:58:20,2026-10-07 19:58:01
ORD-20261007-05317,2026-10-07 19:57:10,True,COMPLETED,,2,,
ORD-20261007-05318,2026-10-07 19:57:11,True,COMPLETED,,2,,
ORD-20261007-05319,2026-10-07 19:57:27,True,COMPLETED,,1,,
ORD-20261007-05320,2026-10-07 19:57:44,True,COMPLETED,,1,,
ORD-20261007-05321,2026-10-07 19:57:07,True,COMPLETED,,2,,
ORD-20261007-05322,2026-10-07 19:57:36,True,COMPLETED,,2,,
ORD-20261007-05323,2026-10-07 19:57:49,True,COMPLETED,,2,,
ORD-20261007-05324,2026-10-07 19:57:53,True,COMPLETED,,2,,
ORD-20261007-05325,2026-10-07 19:57:03,True,COMPLETED,,2,,
ORD-20261007-05326,2026-10-07 19:57:08,False,CANCELLED,PAYMENT_FAILED,1,2026-10-07 19:57:51,2026-10-07 19:57:27
ORD-20261007-05327,2026-10-07 19:57:13,True,COMPLETED,,2,,
ORD-20261007-05328,2026-10-07 19:57:22,True,COMPLETED,,2,,
ORD-20261007-05329,2026-10-07 19:57:51,True,COMPLETED,,1,,
ORD-20261007-05330,2026-10-07 19:57:10,True,COMPLETED,,1,,
ORD-20261007-05331,2026-10-07 19:58:06,True,COMPLETED,,1,,
ORD-20261007-05332,2026-10-07 19:58:14,False,CANCELLED,PAYMENT_FAILED,1,2026-10-07 19:59:41,2026-10-07 19:59:25
ORD-20261007-05333,2026-10-07 19:58:01,False,COMPLETED,,2,,
ORD-20261007-05334,2026-10-07 19:58:28,True,COMPLETED,,2,,
ORD-20261007-05335,2026-10-07 19:58:58,True,COMPLETED,,1,,
ORD-20261007-05336,2026-10-07 19:58:05,False,COMPLETED,,2,,
ORD-20261007-05337,2026-10-07 19:58:49,False,COMPLETED,,1,,
ORD-20261007-05338,2026-10-07 19:58:33,True,COMPLETED,,2,,
ORD-20261007-05339,2026-10-07 19:58:17,False,COMPLETED,,1,,
ORD-20261007-05340,2026-10-07 19:58:09,True,COMPLETED,,1,,
ORD-20261007-05341,2026-10-07 19:58:29,False,CANCELLED,PAYMENT_FAILED,1,2026-10-07 19:59:20,2026-10-07 19:59:10
ORD-20261007-05342,2026-10-07 19:58:03,False,CANCELLED,PAYMENT_FAILED,2,2026-10-07 19:59:03,2026-10-07 19:58:51
ORD-20261007-05343,2026-10-07 19:58:10,True,COMPLETED,,1,,
ORD-20261007-05344,2026-10-07 19:58:41,False,CANCELLED,PAYMENT_FAILED,2,2026-10-07 19:59:44,2026-10-07 19:59:25
ORD-20261007-05345,2026-10-07 19:58:52,True,COMPLETED,,2,,
ORD-20261007-05346,2026-10-07 19:58:12,True,COMPLETED,,1,,
ORD-20261007-05347,2026-10-07 19:58:30,False,CANCELLED,PAYMENT_FAILED,1,2026-10-07 19:59:12,2026-10-07 19:58:48
ORD-20261007-05348,2026-10-07 19:58:41,True,COMPLETED,,1,,
ORD-20261007-05349,2026-10-07 19:58:29,False,COMPLETED,,2,,
ORD-20261007-05350,2026-10-07 19:58:25,True,COMPLETED,,1,,
ORD-20261007-05351,2026-10-07 19:58:48,False,COMPLETED,,2,,
ORD-20261007-05352,2026-10-07 19:58:15,True,COMPLETED,,1,,
ORD-20261007-05353,2026-10-07 19:58:22,False,CANCELLED,PAYMENT_FAILED,2,2026-10-07 19:59:26,2026-10-07 19:59:05
ORD-20261007-05354,2026-10-07 19:58:29,True,COMPLETED,,2,,
ORD-20261007-05355,2026-10-07 19:58:07,False,CANCELLED,PAYMENT_FAILED,2,2026-10-07 19:58:49,2026-10-07 19:58:26
ORD-20261007-05356,2026-10-07 19:58:38,False,CANCELLED,PAYMENT_FAILED,1,2026-10-07 19:59:33,2026-10-07 19:59:14
ORD-20261007-05357,2026-10-07 19:58:52,True,COMPLETED,,1,,
ORD-20261007-05358,2026-10-07 19:58:53,False,COMPLETED,,1,,
ORD-20261007-05359,2026-10-07 19:58:08,False,CANCELLED,PAYMENT_FAILED,1,2026-10-07 19:59:10,2026-10-07 19:58:54
ORD-20261007-05360,2026-10-07 19:58:13,True,COMPLETED,,1,,
ORD-20261007-05361,2026-10-07 19:58:19,True,COMPLETED,,2,,
ORD-20261007-05362,2026-10-07 19:58:58,True,COMPLETED,,2,,
ORD-20261007-05363,2026-10-07 19:58:26,False,CANCELLED,PAYMENT_FAILED,1,2026-10-07 19:59:25,
ORD-20261007-05364,2026-10-07 19:58:24,True,COMPLETED,,2,,
ORD-20261007-05365,2026-10-07 19:58:21,False,CANCELLED,PAYMENT_FAILED,1,2026-10-07 19:59:24,2026-10-07 19:59:03
ORD-20261007-05366,2026-10-07 19:58:28,True,COMPLETED,,2,,
ORD-20261007-05367,2026-10-07 19:58:13,False,CANCELLED,PAYMENT_FAILED,1,2026-10-07 19:58:51,2026-10-07 19:58:35
ORD-20261007-05368,2026-10-07 19:58:04,False,COMPLETED,,2,,
ORD-20261007-05369,2026-10-07 19:58:48,True,COMPLETED,,2,,
ORD-20261007-05370,2026-10-07 19:58:54,True,COMPLETED,,1,,
ORD-20261007-05371,2026-10-07 19:58:11,True,COMPLETED,,1,,
ORD-20261007-05372,2026-10-07 19:58:54,False,CANCELLED,PAYMENT_FAILED,1,2026-10-07 20:00:02,2026-10-07 19:59:43
ORD-20261007-05373,2026-10-07 19:58:05,False,COMPLETED,,1,,
ORD-20261007-05374,2026-10-07 19:59:09,True,COMPLETED,,2,,
ORD-20261007-05375,2026-10-07 19:59:19,True,COMPLETED,,2,,
ORD-20261007-05376,2026-10-07 19:59:22,True,COMPLETED,,2,,
ORD-20261007-05377,2026-10-07 19:59:42,False,CANCELLED,PAYMENT_FAILED,1,2026-10-07 20:00:12,2026-10-07 19:59:50
ORD-20261007-05378,2026-10-07 19:59:57,True,COMPLETED,,1,,
ORD-20261007-05379,2026-10-07 19:59:56,False,CANCELLED,PAYMENT_FAILED,1,2026-10-07 20:00:34,2026-10-07 20:00:12
ORD-20261007-05380,2026-10-07 19:59:29,False,COMPLETED,,2,,
ORD-20261007-05381,2026-10-07 19:59:11,False,CANCELLED,PAYMENT_FAILED,1,2026-10-07 20:00:31,2026-10-07 20:00:16
ORD-20261007-05382,2026-10-07 19:59:45,False,CANCELLED,PAYMENT_FAILED,2,2026-10-07 20:00:37,2026-10-07 20:00:27
ORD-20261007-05383,2026-10-07 19:59:59,True,COMPLETED,,2,,
ORD-20261007-05384,2026-10-07 19:59:30,True,COMPLETED,,1,,
ORD-20261007-05385,2026-10-07 19:59:20,False,COMPLETED,,2,,
ORD-20261007-05386,2026-10-07 19:59:55,False,COMPLETED,,2,,
ORD-20261007-05387,2026-10-07 19:59:24,False,COMPLETED,,1,,
ORD-20261007-05388,2026-10-07 19:59:37,False,CANCELLED,PAYMENT_FAILED,1,2026-10-07 20:00:18,2026-10-07 20:00:08
ORD-20261007-05389,2026-10-07 19:59:58,True,COMPLETED,,1,,
ORD-20261007-05390,2026-10-07 19:59:06,True,COMPLETED,,2,,
ORD-20261007-05391,2026-10-07 19:59:46,True,COMPLETED,,1,,
ORD-20261007-05392,2026-10-07 19:59:00,True,COMPLETED,,1,,
ORD-20261007-05393,2026-10-07 19:59:49,True,COMPLETED,,1,,
ORD-20261007-05394,2026-10-07 19:59:14,False,CANCELLED,PAYMENT_FAILED,2,2026-10-07 20:00:16,2026-10-07 20:00:03
ORD-20261007-05395,2026-10-07 19:59:26,False,CANCELLED,PAYMENT_FAILED,1,2026-10-07 20:00:01,
ORD-20261007-05396,2026-10-07 19:59:44,True,COMPLETED,,2,,
ORD-20261007-05397,2026-10-07 19:59:17,False,COMPLETED,,2,,
ORD-20261007-05398,2026-10-07 19:59:55,True,CANCELLED,DISPATCH_TIMEOUT,1,2026-10-07 20:00:50,2026-10-07 20:00:32
ORD-20261007-05399,2026-10-07 19:59:27,False,CANCELLED,PAYMENT_FAILED,2,2026-10-07 20:00:00,
ORD-20261007-05400,2026-10-07 19:59:15,False,CANCELLED,PAYMENT_FAILED,2,2026-10-07 20:00:22,
ORD-20261007-05401,2026-10-07 19:59:22,False,COMPLETED,,2,,
ORD-20261007-05402,2026-10-07 19:59:27,False,CANCELLED,PAYMENT_FAILED,2,2026-10-07 20:00:29,2026-10-07 20:00:10
ORD-20261007-05403,2026-10-07 19:59:18,True,COMPLETED,,1,,
ORD-20261007-05404,2026-10-07 19:59:42,True,COMPLETED,,2,,
ORD-20261007-05405,2026-10-07 19:59:38,True,COMPLETED,,2,,
ORD-20261007-05406,2026-10-07 19:59:13,True,COMPLETED,,1,,
ORD-20261007-05407,2026-10-07 19:59:17,True,COMPLETED,,2,,
ORD-20261007-05408,2026-10-07 19:59:21,False,CANCELLED,PAYMENT_FAILED,2,2026-10-07 20:00:38,
ORD-20261007-05409,2026-10-07 19:59:51,False,CANCELLED,PAYMENT_FAILED,1,2026-10-07 20:00:35,2026-10-07 20:00:22
ORD-20261007-05410,2026-10-07 19:59:45,False,CANCELLED,PAYMENT_FAILED,1,2026-10-07 20:00:17,2026-10-07 19:59:54
ORD-20261007-05411,2026-10-07 19:59:35,False,CANCELLED,PAYMENT_FAILED,1,2026-10-07 20:00:28,2026-10-07 20:00:14
ORD-20261007-05412,2026-10-07 19:59:53,False,CANCELLED,PAYMENT_FAILED,1,2026-10-07 20:00:48,
ORD-20261007-05413,2026-10-07 19:59:00,True,COMPLETED,,2,,
ORD-20261007-05414,2026-10-07 19:59:43,True,COMPLETED,,2,,
ORD-20261007-05415,2026-10-07 19:59:41,False,COMPLETED,,2,,
ORD-20261007-05416,2026-10-07 20:00:27,True,COMPLETED,,1,,
ORD-20261007-05417,2026-10-07 20:00:39,False,CANCELLED,PAYMENT_FAILED,2,2026-10-07 20:01:46,
ORD-20261007-05418,2026-10-07 20:00:05,True,COMPLETED,,2,,
ORD-20261007-05419,2026-10-07 20:00:53,True,COMPLETED,,2,,
ORD-20261007-05420,2026-10-07 20:00:32,True,COMPLETED,,2,,
ORD-20261007-05421,2026-10-07 20:00:55,False,COMPLETED,,2,,
ORD-20261007-05422,2026-10-07 20:00:01,True,COMPLETED,,1,,
ORD-20261007-05423,2026-10-07 20:00:04,False,COMPLETED,,2,,
ORD-20261007-05424,2026-10-07 20:00:49,False,CANCELLED,PAYMENT_FAILED,1,2026-10-07 20:02:18,2026-10-07 20:02:06
ORD-20261007-05425,2026-10-07 20:00:43,False,CANCELLED,PAYMENT_FAILED,1,2026-10-07 20:01:28,
ORD-20261007-05426,2026-10-07 20:00:27,True,CANCELLED,RIDER_REJECTION,1,2026-10-07 20:01:12,2026-10-07 20:00:57
ORD-20261007-05427,2026-10-07 20:00:26,False,CANCELLED,PAYMENT_FAILED,2,2026-10-07 20:01:23,2026-10-07 20:01:06
ORD-20261007-05428,2026-10-07 20:00:51,False,CANCELLED,PAYMENT_FAILED,2,2026-10-07 20:02:20,2026-10-07 20:01:56
ORD-20261007-05429,2026-10-07 20:00:04,True,COMPLETED,,2,,
ORD-20261007-05430,2026-10-07 20:00:19,True,COMPLETED,,2,,
ORD-20261007-05431,2026-10-07 20:00:53,True,COMPLETED,,2,,
ORD-20261007-05432,2026-10-07 20:00:54,True,COMPLETED,,1,,
ORD-20261007-05433,2026-10-07 20:00:44,True,COMPLETED,,1,,
ORD-20261007-05434,2026-10-07 20:00:04,True,COMPLETED,,1,,
ORD-20261007-05435,2026-10-07 20:00:32,True,COMPLETED,,1,,
ORD-20261007-05436,2026-10-07 20:00:59,True,COMPLETED,,2,,
ORD-20261007-05437,2026-10-07 20:00:40,False,CANCELLED,PAYMENT_FAILED,1,2026-10-07 20:01:45,2026-10-07 20:01:21
ORD-20261007-05438,2026-10-07 20:00:59,True,COMPLETED,,1,,
ORD-20261007-05439,2026-10-07 20:00:32,True,COMPLETED,,1,,
ORD-20261007-05440,2026-10-07 20:00:58,True,COMPLETED,,2,,
ORD-20261007-05441,2026-10-07 20:00:05,True,COMPLETED,,2,,
ORD-20261007-05442,2026-10-07 20:00:41,True,COMPLETED,,2,,
ORD-20261007-05443,2026-10-07 20:00:47,True,COMPLETED,,2,,
ORD-20261007-05444,2026-10-07 20:00:13,True,COMPLETED,,1,,
ORD-20261007-05445,2026-10-07 20:00:41,True,COMPLETED,,2,,
ORD-20261007-05446,2026-10-07 20:00:12,True,COMPLETED,,2,,
ORD-20261007-05447,2026-10-07 20:00:25,False,COMPLETED,,2,,
ORD-20261007-05448,2026-10-07 20:00:18,False,CANCELLED,PAYMENT_FAILED,1,2026-10-07 20:00:52,
ORD-20261007-05449,2026-10-07 20:00:48,False,CANCELLED,PAYMENT_FAILED,2,2026-10-07 20:01:36,2026-10-07 20:01:17
ORD-20261007-05450,2026-10-07 20:00:03,True,COMPLETED,,2,,
ORD-20261007-05451,2026-10-07 20:00:18,True,CANCELLED,RIDER_REJECTION,2,2026-10-07 20:01:01,2026-10-07 20:00:40
ORD-20261007-05452,2026-10-07 20:00:47,False,CANCELLED,PAYMENT_FAILED,2,2026-10-07 20:01:46,2026-10-07 20:01:25
ORD-20261007-05453,2026-10-07 20:00:00,False,CANCELLED,PAYMENT_FAILED,2,2026-10-07 20:01:29,
ORD-20261007-05454,2026-10-07 20:00:11,True,CANCELLED,DISPATCH_TIMEOUT,2,2026-10-07 20:01:25,2026-10-07 20:01:02
ORD-20261007-05455,2026-10-07 20:00:26,True,COMPLETED,,1,,
ORD-20261007-05456,2026-10-07 20:00:45,False,CANCELLED,PAYMENT_FAILED,2,2026-10-07 20:02:05,2026-10-07 20:01:51
ORD-20261007-05457,2026-10-07 20:00:00,True,COMPLETED,,2,,
ORD-20261007-05458,2026-10-07 20:00:30,True,COMPLETED,,1,,
ORD-20261007-05459,2026-10-07 20:00:13,False,CANCELLED,PAYMENT_FAILED,2,2026-10-07 20:01:32,2026-10-07 20:01:19
ORD-20261007-05460,2026-10-07 20:00:25,True,COMPLETED,,1,,
ORD-20261007-05461,2026-10-07 20:01:27,False,CANCELLED,PAYMENT_FAILED,1,2026-10-07 20:02:00,2026-10-07 20:01:38
ORD-20261007-05462,2026-10-07 20:01:49,True,COMPLETED,,1,,
ORD-20261007-05463,2026-10-07 20:01:54,True,CANCELLED,DISPATCH_TIMEOUT,1,2026-10-07 20:02:45,2026-10-07 20:02:35
ORD-20261007-05464,2026-10-07 20:01:02,False,CANCELLED,PAYMENT_FAILED,2,2026-10-07 20:01:41,
ORD-20261007-05465,2026-10-07 20:01:13,False,CANCELLED,PAYMENT_FAILED,2,2026-10-07 20:01:59,2026-10-07 20:01:42
ORD-20261007-05466,2026-10-07 20:01:14,True,COMPLETED,,2,,
ORD-20261007-05467,2026-10-07 20:01:08,False,CANCELLED,PAYMENT_FAILED,1,2026-10-07 20:01:43,2026-10-07 20:01:21
ORD-20261007-05468,2026-10-07 20:01:21,True,COMPLETED,,2,,
ORD-20261007-05469,2026-10-07 20:01:04,True,COMPLETED,,2,,
ORD-20261007-05470,2026-10-07 20:01:44,True,COMPLETED,,1,,
ORD-20261007-05471,2026-10-07 20:01:39,True,COMPLETED,,2,,
ORD-20261007-05472,2026-10-07 20:01:01,True,COMPLETED,,1,,
ORD-20261007-05473,2026-10-07 20:01:28,True,COMPLETED,,2,,
ORD-20261007-05474,2026-10-07 20:01:47,True,CANCELLED,DISPATCH_TIMEOUT,2,2026-10-07 20:02:24,2026-10-07 20:02:04
ORD-20261007-05475,2026-10-07 20:01:15,True,COMPLETED,,2,,
ORD-20261007-05476,2026-10-07 20:01:12,False,CANCELLED,PAYMENT_FAILED,1,2026-10-07 20:01:46,2026-10-07 20:01:22
ORD-20261007-05477,2026-10-07 20:01:18,False,CANCELLED,PAYMENT_FAILED,2,2026-10-07 20:02:22,2026-10-07 20:02:06
ORD-20261007-05478,2026-10-07 20:01:27,True,COMPLETED,,2,,
ORD-20261007-05479,2026-10-07 20:01:22,True,COMPLETED,,1,,
ORD-20261007-05480,2026-10-07 20:01:40,False,COMPLETED,,1,,
ORD-20261007-05481,2026-10-07 20:01:08,True,COMPLETED,,1,,
ORD-20261007-05482,2026-10-07 20:01:17,True,COMPLETED,,2,,
ORD-20261007-05483,2026-10-07 20:01:10,True,COMPLETED,,1,,
ORD-20261007-05484,2026-10-07 20:01:19,False,CANCELLED,PAYMENT_FAILED,1,2026-10-07 20:02:21,2026-10-07 20:02:05
ORD-20261007-05485,2026-10-07 20:01:26,False,CANCELLED,PAYMENT_FAILED,1,2026-10-07 20:02:55,2026-10-07 20:02:44
ORD-20261007-05486,2026-10-07 20:01:21,True,CANCELLED,RIDER_REJECTION,1,2026-10-07 20:01:57,
ORD-20261007-05487,2026-10-07 20:01:18,True,COMPLETED,,1,,
ORD-20261007-05488,2026-10-07 20:01:05,False,CANCELLED,PAYMENT_FAILED,1,2026-10-07 20:01:46,2026-10-07 20:01:33
ORD-20261007-05489,2026-10-07 20:01:21,False,CANCELLED,PAYMENT_FAILED,1,2026-10-07 20:02:35,2026-10-07 20:02:21
ORD-20261007-05490,2026-10-07 20:01:47,True,COMPLETED,,1,,
ORD-20261007-05491,2026-10-07 20:01:10,True,COMPLETED,,2,,
ORD-20261007-05492,2026-10-07 20:01:26,False,COMPLETED,,2,,
ORD-20261007-05493,2026-10-07 20:01:46,False,COMPLETED,,1,,
ORD-20261007-05494,2026-10-07 20:01:40,False,CANCELLED,PAYMENT_FAILED,1,2026-10-07 20:02:45,2026-10-07 20:02:30
ORD-20261007-05495,2026-10-07 20:01:48,True,COMPLETED,,1,,
ORD-20261007-05496,2026-10-07 20:01:04,True,COMPLETED,,1,,
ORD-20261007-05497,2026-10-07 20:01:02,False,CANCELLED,PAYMENT_FAILED,2,2026-10-07 20:01:52,2026-10-07 20:01:35
ORD-20261007-05498,2026-10-07 20:01:07,False,CANCELLED,PAYMENT_FAILED,1,2026-10-07 20:02:18,
ORD-20261007-05499,2026-10-07 20:01:22,True,COMPLETED,,1,,
ORD-20261007-05500,2026-10-07 20:01:44,True,COMPLETED,,1,,
ORD-20261007-05501,2026-10-07 20:01:44,True,COMPLETED,,1,,
ORD-20261007-05502,2026-10-07 20:01:24,False,CANCELLED,PAYMENT_FAILED,2,2026-10-07 20:02:04,2026-10-07 20:01:48
ORD-20261007-05503,2026-10-07 20:01:00,True,COMPLETED,,2,,
ORD-20261007-05504,2026-10-07 20:01:07,True,COMPLETED,,1,,
ORD-20261007-05505,2026-10-07 20:01:36,True,COMPLETED,,2,,
ORD-20261007-05506,2026-10-07 20:01:08,False,COMPLETED,,1,,
ORD-20261007-05507,2026-10-07 20:02:31,True,COMPLETED,,1,,
ORD-20261007-05508,2026-10-07 20:02:40,False,COMPLETED,,2,,
ORD-20261007-05509,2026-10-07 20:02:25,True,COMPLETED,,1,,
ORD-20261007-05510,2026-10-07 20:02:40,False,COMPLETED,,1,,
ORD-20261007-05511,2026-10-07 20:02:54,True,COMPLETED,,1,,
ORD-20261007-05512,2026-10-07 20:02:18,True,COMPLETED,,2,,
ORD-20261007-05513,2026-10-07 20:02:16,False,CANCELLED,PAYMENT_FAILED,1,2026-10-07 20:03:05,
ORD-20261007-05514,2026-10-07 20:02:04,True,COMPLETED,,1,,
ORD-20261007-05515,2026-10-07 20:02:16,True,COMPLETED,,2,,
ORD-20261007-05516,2026-10-07 20:02:15,False,COMPLETED,,1,,
ORD-20261007-05517,2026-10-07 20:02:39,False,CANCELLED,PAYMENT_FAILED,1,2026-10-07 20:03:35,2026-10-07 20:03:24
ORD-20261007-05518,2026-10-07 20:02:50,False,CANCELLED,PAYMENT_FAILED,2,2026-10-07 20:03:32,2026-10-07 20:03:16
ORD-20261007-05519,2026-10-07 20:02:16,False,CANCELLED,PAYMENT_FAILED,2,2026-10-07 20:03:23,2026-10-07 20:02:59
ORD-20261007-05520,2026-10-07 20:02:34,True,COMPLETED,,1,,
ORD-20261007-05521,2026-10-07 20:02:20,False,CANCELLED,PAYMENT_FAILED,1,2026-10-07 20:03:31,2026-10-07 20:03:08
ORD-20261007-05522,2026-10-07 20:02:18,True,COMPLETED,,2,,
ORD-20261007-05523,2026-10-07 20:02:13,True,CANCELLED,DISPATCH_TIMEOUT,1,2026-10-07 20:02:48,2026-10-07 20:02:31
ORD-20261007-05524,2026-10-07 20:02:53,True,COMPLETED,,2,,
ORD-20261007-05525,2026-10-07 20:02:33,False,CANCELLED,PAYMENT_FAILED,1,2026-10-07 20:03:38,
ORD-20261007-05526,2026-10-07 20:02:11,True,COMPLETED,,1,,
ORD-20261007-05527,2026-10-07 20:02:59,True,COMPLETED,,2,,
ORD-20261007-05528,2026-10-07 20:02:33,False,CANCELLED,PAYMENT_FAILED,1,2026-10-07 20:03:04,2026-10-07 20:02:48
ORD-20261007-05529,2026-10-07 20:02:25,True,COMPLETED,,2,,
ORD-20261007-05530,2026-10-07 20:02:55,True,COMPLETED,,2,,
ORD-20261007-05531,2026-10-07 20:02:54,False,CANCELLED,PAYMENT_FAILED,2,2026-10-07 20:04:21,
ORD-20261007-05532,2026-10-07 20:02:45,True,COMPLETED,,2,,
ORD-20261007-05533,2026-10-07 20:02:27,True,COMPLETED,,1,,
ORD-20261007-05534,2026-10-07 20:02:06,True,COMPLETED,,1,,
ORD-20261007-05535,2026-10-07 20:02:34,True,COMPLETED,,2,,
ORD-20261007-05536,2026-10-07 20:02:23,False,CANCELLED,PAYMENT_FAILED,1,2026-10-07 20:03:38,2026-10-07 20:03:19
ORD-20261007-05537,2026-10-07 20:02:44,True,COMPLETED,,2,,
ORD-20261007-05538,2026-10-07 20:02:13,True,COMPLETED,,1,,
ORD-20261007-05539,2026-10-07 20:02:31,True,COMPLETED,,1,,
ORD-20261007-05540,2026-10-07 20:02:00,False,CANCELLED,PAYMENT_FAILED,2,2026-10-07 20:02:50,2026-10-07 20:02:32
ORD-20261007-05541,2026-10-07 20:02:48,False,CANCELLED,PAYMENT_FAILED,1,2026-10-07 20:03:35,2026-10-07 20:03:12
ORD-20261007-05542,2026-10-07 20:02:04,True,COMPLETED,,2,,
ORD-20261007-05543,2026-10-07 20:02:34,True,COMPLETED,,2,,
ORD-20261007-05544,2026-10-07 20:02:09,True,COMPLETED,,2,,
ORD-20261007-05545,2026-10-07 20:02:46,True,COMPLETED,,2,,
ORD-20261007-05546,2026-10-07 20:02:16,False,COMPLETED,,1,,
ORD-20261007-05547,2026-10-07 20:02:24,False,COMPLETED,,2,,
ORD-20261007-05548,2026-10-07 20:02:32,True,COMPLETED,,1,,
ORD-20261007-05549,2026-10-07 20:02:22,False,CANCELLED,PAYMENT_FAILED,2,2026-10-07 20:03:34,2026-10-07 20:03:20
ORD-20261007-05550,2026-10-07 20:02:40,False,CANCELLED,PAYMENT_FAILED,1,2026-10-07 20:03:15,2026-10-07 20:02:57
ORD-20261007-05551,2026-10-07 20:02:19,True,COMPLETED,,1,,
ORD-20261007-05552,2026-10-07 20:02:16,True,CANCELLED,DISPATCH_TIMEOUT,1,2026-10-07 20:02:47,
ORD-20261007-05553,2026-10-07 20:03:05,True,COMPLETED,,1,,
ORD-20261007-05554,2026-10-07 20:03:18,False,CANCELLED,PAYMENT_FAILED,2,2026-10-07 20:04:30,
ORD-20261007-05555,2026-10-07 20:03:14,False,CANCELLED,PAYMENT_FAILED,1,2026-10-07 20:04:26,2026-10-07 20:04:04
ORD-20261007-05556,2026-10-07 20:03:47,False,CANCELLED,PAYMENT_FAILED,1,2026-10-07 20:04:24,2026-10-07 20:04:04
ORD-20261007-05557,2026-10-07 20:03:10,True,COMPLETED,,1,,
ORD-20261007-05558,2026-10-07 20:03:00,False,CANCELLED,PAYMENT_FAILED,1,2026-10-07 20:04:20,2026-10-07 20:04:07
ORD-20261007-05559,2026-10-07 20:03:17,True,COMPLETED,,2,,
ORD-20261007-05560,2026-10-07 20:03:56,True,COMPLETED,,1,,
ORD-20261007-05561,2026-10-07 20:03:48,True,COMPLETED,,2,,
ORD-20261007-05562,2026-10-07 20:03:19,True,COMPLETED,,2,,
ORD-20261007-05563,2026-10-07 20:03:17,True,COMPLETED,,2,,
ORD-20261007-05564,2026-10-07 20:03:00,True,COMPLETED,,2,,
ORD-20261007-05565,2026-10-07 20:03:56,False,CANCELLED,PAYMENT_FAILED,1,2026-10-07 20:04:31,
ORD-20261007-05566,2026-10-07 20:03:13,False,COMPLETED,,1,,
ORD-20261007-05567,2026-10-07 20:03:25,True,COMPLETED,,2,,
ORD-20261007-05568,2026-10-07 20:03:02,True,COMPLETED,,1,,
ORD-20261007-05569,2026-10-07 20:03:19,True,COMPLETED,,2,,
ORD-20261007-05570,2026-10-07 20:03:13,True,COMPLETED,,1,,
ORD-20261007-05571,2026-10-07 20:03:10,True,COMPLETED,,2,,
ORD-20261007-05572,2026-10-07 20:03:21,False,CANCELLED,PAYMENT_FAILED,1,2026-10-07 20:04:18,2026-10-07 20:04:04
ORD-20261007-05573,2026-10-07 20:03:29,True,COMPLETED,,2,,
ORD-20261007-05574,2026-10-07 20:03:42,False,CANCELLED,PAYMENT_FAILED,2,2026-10-07 20:04:50,2026-10-07 20:04:33
ORD-20261007-05575,2026-10-07 20:03:24,False,CANCELLED,PAYMENT_FAILED,2,2026-10-07 20:04:04,2026-10-07 20:03:50
ORD-20261007-05576,2026-10-07 20:03:35,True,COMPLETED,,1,,
ORD-20261007-05577,2026-10-07 20:03:11,False,CANCELLED,PAYMENT_FAILED,1,2026-10-07 20:03:53,2026-10-07 20:03:42
ORD-20261007-05578,2026-10-07 20:03:19,True,COMPLETED,,1,,
ORD-20261007-05579,2026-10-07 20:03:11,False,CANCELLED,PAYMENT_FAILED,1,2026-10-07 20:04:33,
ORD-20261007-05580,2026-10-07 20:03:08,False,CANCELLED,PAYMENT_FAILED,2,2026-10-07 20:03:40,
ORD-20261007-05581,2026-10-07 20:03:47,False,COMPLETED,,1,,
ORD-20261007-05582,2026-10-07 20:03:10,True,COMPLETED,,2,,
ORD-20261007-05583,2026-10-07 20:03:17,True,COMPLETED,,1,,
ORD-20261007-05584,2026-10-07 20:03:20,False,CANCELLED,PAYMENT_FAILED,1,2026-10-07 20:04:10,2026-10-07 20:03:51
ORD-20261007-05585,2026-10-07 20:03:46,True,CANCELLED,DISPATCH_TIMEOUT,1,2026-10-07 20:04:26,2026-10-07 20:04:06
ORD-20261007-05586,2026-10-07 20:03:49,True,COMPLETED,,1,,
ORD-20261007-05587,2026-10-07 20:03:31,True,COMPLETED,,1,,
ORD-20261007-05588,2026-10-07 20:03:32,True,COMPLETED,,1,,
ORD-20261007-05589,2026-10-07 20:03:30,False,COMPLETED,,1,,
ORD-20261007-05590,2026-10-07 20:03:35,False,COMPLETED,,1,,
ORD-20261007-05591,2026-10-07 20:03:39,True,COMPLETED,,1,,
ORD-20261007-05592,2026-10-07 20:03:57,True,COMPLETED,,2,,
ORD-20261007-05593,2026-10-07 20:03:09,True,CANCELLED,DISPATCH_TIMEOUT,2,2026-10-07 20:04:30,2026-10-07 20:04:06
ORD-20261007-05594,2026-10-07 20:03:01,False,COMPLETED,,2,,
ORD-20261007-05595,2026-10-07 20:03:13,True,COMPLETED,,2,,
ORD-20261007-05596,2026-10-07 20:03:30,True,COMPLETED,,2,,
ORD-20261007-05597,2026-10-07 20:03:19,True,COMPLETED,,2,,
ORD-20261007-05598,2026-10-07 20:04:29,False,CANCELLED,PAYMENT_FAILED,1,2026-10-07 20:05:41,2026-10-07 20:05:19
ORD-20261007-05599,2026-10-07 20:04:25,True,COMPLETED,,2,,
ORD-20261007-05600,2026-10-07 20:04:56,True,COMPLETED,,2,,
ORD-20261007-05601,2026-10-07 20:04:25,True,COMPLETED,,1,,
ORD-20261007-05602,2026-10-07 20:04:53,False,CANCELLED,PAYMENT_FAILED,1,2026-10-07 20:05:49,2026-10-07 20:05:27
ORD-20261007-05603,2026-10-07 20:04:32,False,COMPLETED,,1,,
ORD-20261007-05604,2026-10-07 20:04:30,True,COMPLETED,,1,,
ORD-20261007-05605,2026-10-07 20:04:09,False,CANCELLED,PAYMENT_FAILED,2,2026-10-07 20:05:00,
ORD-20261007-05606,2026-10-07 20:04:17,True,COMPLETED,,1,,
ORD-20261007-05607,2026-10-07 20:04:59,True,COMPLETED,,1,,
ORD-20261007-05608,2026-10-07 20:04:02,False,COMPLETED,,2,,
ORD-20261007-05609,2026-10-07 20:04:51,False,CANCELLED,PAYMENT_FAILED,1,2026-10-07 20:06:16,2026-10-07 20:06:03
ORD-20261007-05610,2026-10-07 20:04:10,True,COMPLETED,,1,,
ORD-20261007-05611,2026-10-07 20:04:33,False,COMPLETED,,1,,
ORD-20261007-05612,2026-10-07 20:04:51,False,CANCELLED,PAYMENT_FAILED,2,2026-10-07 20:05:47,2026-10-07 20:05:32
ORD-20261007-05613,2026-10-07 20:04:16,False,COMPLETED,,1,,
ORD-20261007-05614,2026-10-07 20:04:21,True,COMPLETED,,2,,
ORD-20261007-05615,2026-10-07 20:04:00,True,COMPLETED,,2,,
ORD-20261007-05616,2026-10-07 20:04:28,True,COMPLETED,,1,,
ORD-20261007-05617,2026-10-07 20:04:32,False,CANCELLED,PAYMENT_FAILED,2,2026-10-07 20:05:03,2026-10-07 20:04:47
ORD-20261007-05618,2026-10-07 20:04:24,False,CANCELLED,PAYMENT_FAILED,1,2026-10-07 20:05:06,2026-10-07 20:04:43
ORD-20261007-05619,2026-10-07 20:04:52,True,COMPLETED,,1,,
ORD-20261007-05620,2026-10-07 20:04:34,True,COMPLETED,,2,,
ORD-20261007-05621,2026-10-07 20:04:57,True,COMPLETED,,1,,
ORD-20261007-05622,2026-10-07 20:04:27,False,CANCELLED,PAYMENT_FAILED,2,2026-10-07 20:05:31,2026-10-07 20:05:21
ORD-20261007-05623,2026-10-07 20:04:43,True,COMPLETED,,1,,
ORD-20261007-05624,2026-10-07 20:04:02,False,CANCELLED,PAYMENT_FAILED,2,2026-10-07 20:05:30,2026-10-07 20:05:07
ORD-20261007-05625,2026-10-07 20:04:17,False,COMPLETED,,2,,
ORD-20261007-05626,2026-10-07 20:04:51,False,COMPLETED,,1,,
ORD-20261007-05627,2026-10-07 20:04:56,True,COMPLETED,,1,,
ORD-20261007-05628,2026-10-07 20:04:13,True,COMPLETED,,1,,
ORD-20261007-05629,2026-10-07 20:04:00,False,CANCELLED,PAYMENT_FAILED,2,2026-10-07 20:05:02,2026-10-07 20:04:40
ORD-20261007-05630,2026-10-07 20:04:28,True,CANCELLED,DISPATCH_TIMEOUT,1,2026-10-07 20:05:43,2026-10-07 20:05:32
ORD-20261007-05631,2026-10-07 20:04:33,False,CANCELLED,PAYMENT_FAILED,1,2026-10-07 20:05:57,
ORD-20261007-05632,2026-10-07 20:04:36,True,COMPLETED,,1,,
ORD-20261007-05633,2026-10-07 20:04:50,True,COMPLETED,,2,,
ORD-20261007-05634,2026-10-07 20:04:32,True,COMPLETED,,1,,
ORD-20261007-05635,2026-10-07 20:04:40,False,COMPLETED,,2,,
ORD-20261007-05636,2026-10-07 20:04:47,False,CANCELLED,PAYMENT_FAILED,2,2026-10-07 20:05:37,
ORD-20261007-05637,2026-10-07 20:04:01,True,COMPLETED,,1,,
ORD-20261007-05638,2026-10-07 20:04:47,True,COMPLETED,,2,,
ORD-20261007-05639,2026-10-07 20:04:56,True,COMPLETED,,1,,
ORD-20261007-05640,2026-10-07 20:04:23,True,CANCELLED,DISPATCH_TIMEOUT,1,2026-10-07 20:05:19,2026-10-07 20:04:55
ORD-20261007-05641,2026-10-07 20:04:07,True,COMPLETED,,1,,
ORD-20261007-05642,2026-10-07 20:04:30,False,CANCELLED,PAYMENT_FAILED,2,2026-10-07 20:05:42,
ORD-20261007-05643,2026-10-07 20:04:33,True,COMPLETED,,1,,
ORD-20261007-05644,2026-10-07 20:04:42,False,COMPLETED,,2,,
ORD-20261007-05645,2026-10-07 20:05:51,False,CANCELLED,PAYMENT_FAILED,1,2026-10-07 20:06:34,2026-10-07 20:06:24
ORD-20261007-05646,2026-10-07 20:05:06,True,COMPLETED,,1,,
ORD-20261007-05647,2026-10-07 20:05:00,False,CANCELLED,PAYMENT_FAILED,2,2026-10-07 20:06:15,2026-10-07 20:06:04
ORD-20261007-05648,2026-10-07 20:05:03,True,COMPLETED,,2,,
ORD-20261007-05649,2026-10-07 20:05:29,True,COMPLETED,,1,,
ORD-20261007-05650,2026-10-07 20:05:23,True,COMPLETED,,2,,
ORD-20261007-05651,2026-10-07 20:05:42,True,COMPLETED,,1,,
ORD-20261007-05652,2026-10-07 20:05:41,False,CANCELLED,PAYMENT_FAILED,1,2026-10-07 20:06:42,
ORD-20261007-05653,2026-10-07 20:05:21,False,CANCELLED,PAYMENT_FAILED,1,2026-10-07 20:05:57,
ORD-20261007-05654,2026-10-07 20:05:44,False,CANCELLED,PAYMENT_FAILED,2,2026-10-07 20:06:33,2026-10-07 20:06:11
ORD-20261007-05655,2026-10-07 20:05:17,False,CANCELLED,PAYMENT_FAILED,1,2026-10-07 20:05:48,2026-10-07 20:05:26
ORD-20261007-05656,2026-10-07 20:05:13,True,COMPLETED,,1,,
ORD-20261007-05657,2026-10-07 20:05:04,False,COMPLETED,,1,,
ORD-20261007-05658,2026-10-07 20:05:47,False,CANCELLED,PAYMENT_FAILED,1,2026-10-07 20:06:35,2026-10-07 20:06:15
ORD-20261007-05659,2026-10-07 20:05:01,False,COMPLETED,,2,,
ORD-20261007-05660,2026-10-07 20:05:04,False,CANCELLED,PAYMENT_FAILED,1,2026-10-07 20:06:14,2026-10-07 20:05:54
ORD-20261007-05661,2026-10-07 20:05:55,True,COMPLETED,,1,,
ORD-20261007-05662,2026-10-07 20:05:21,False,CANCELLED,PAYMENT_FAILED,2,2026-10-07 20:05:55,
ORD-20261007-05663,2026-10-07 20:05:02,True,COMPLETED,,2,,
ORD-20261007-05664,2026-10-07 20:05:21,False,COMPLETED,,2,,
ORD-20261007-05665,2026-10-07 20:05:17,True,COMPLETED,,1,,
ORD-20261007-05666,2026-10-07 20:05:24,True,COMPLETED,,2,,
ORD-20261007-05667,2026-10-07 20:05:57,True,COMPLETED,,2,,
ORD-20261007-05668,2026-10-07 20:05:24,False,CANCELLED,PAYMENT_FAILED,1,2026-10-07 20:06:41,2026-10-07 20:06:18
ORD-20261007-05669,2026-10-07 20:05:51,False,CANCELLED,PAYMENT_FAILED,1,2026-10-07 20:07:01,2026-10-07 20:06:51
ORD-20261007-05670,2026-10-07 20:05:28,True,COMPLETED,,1,,
ORD-20261007-05671,2026-10-07 20:05:03,True,COMPLETED,,2,,
ORD-20261007-05672,2026-10-07 20:05:06,False,CANCELLED,PAYMENT_FAILED,2,2026-10-07 20:06:34,2026-10-07 20:06:17
ORD-20261007-05673,2026-10-07 20:05:51,True,COMPLETED,,1,,
ORD-20261007-05674,2026-10-07 20:05:13,True,COMPLETED,,1,,
ORD-20261007-05675,2026-10-07 20:05:41,False,CANCELLED,PAYMENT_FAILED,1,2026-10-07 20:06:19,2026-10-07 20:05:59
ORD-20261007-05676,2026-10-07 20:05:28,True,COMPLETED,,2,,
ORD-20261007-05677,2026-10-07 20:05:15,True,COMPLETED,,2,,
ORD-20261007-05678,2026-10-07 20:05:48,True,COMPLETED,,1,,
ORD-20261007-05679,2026-10-07 20:05:51,True,COMPLETED,,2,,
ORD-20261007-05680,2026-10-07 20:05:46,False,COMPLETED,,2,,
ORD-20261007-05681,2026-10-07 20:05:01,True,COMPLETED,,1,,
ORD-20261007-05682,2026-10-07 20:05:24,False,COMPLETED,,2,,
ORD-20261007-05683,2026-10-07 20:05:38,True,COMPLETED,,2,,
ORD-20261007-05684,2026-10-07 20:05:37,False,CANCELLED,PAYMENT_FAILED,2,2026-10-07 20:06:53,2026-10-07 20:06:43
ORD-20261007-05685,2026-10-07 20:05:53,True,COMPLETED,,1,,
ORD-20261007-05686,2026-10-07 20:05:26,True,COMPLETED,,2,,
ORD-20261007-05687,2026-10-07 20:05:34,True,COMPLETED,,2,,
ORD-20261007-05688,2026-10-07 20:05:57,False,CANCELLED,PAYMENT_FAILED,1,2026-10-07 20:06:40,2026-10-07 20:06:21
ORD-20261007-05689,2026-10-07 20:05:30,True,COMPLETED,,2,,
ORD-20261007-05690,2026-10-07 20:06:50,True,COMPLETED,,1,,
ORD-20261007-05691,2026-10-07 20:06:22,False,CANCELLED,PAYMENT_FAILED,1,2026-10-07 20:07:31,
ORD-20261007-05692,2026-10-07 20:06:49,True,COMPLETED,,1,,
ORD-20261007-05693,2026-10-07 20:06:06,True,COMPLETED,,2,,
ORD-20261007-05694,2026-10-07 20:06:33,True,COMPLETED,,1,,
ORD-20261007-05695,2026-10-07 20:06:26,True,COMPLETED,,1,,
ORD-20261007-05696,2026-10-07 20:06:34,True,COMPLETED,,2,,
ORD-20261007-05697,2026-10-07 20:06:34,True,COMPLETED,,2,,
ORD-20261007-05698,2026-10-07 20:06:36,True,COMPLETED,,2,,
ORD-20261007-05699,2026-10-07 20:06:32,True,COMPLETED,,2,,
ORD-20261007-05700,2026-10-07 20:06:20,True,COMPLETED,,1,,
ORD-20261007-05701,2026-10-07 20:06:48,False,COMPLETED,,1,,
ORD-20261007-05702,2026-10-07 20:06:22,True,COMPLETED,,2,,
ORD-20261007-05703,2026-10-07 20:06:45,False,CANCELLED,PAYMENT_FAILED,2,2026-10-07 20:08:06,
ORD-20261007-05704,2026-10-07 20:06:02,False,CANCELLED,PAYMENT_FAILED,1,2026-10-07 20:07:28,2026-10-07 20:07:18
ORD-20261007-05705,2026-10-07 20:06:28,True,COMPLETED,,2,,
ORD-20261007-05706,2026-10-07 20:06:45,True,COMPLETED,,2,,
ORD-20261007-05707,2026-10-07 20:06:19,False,CANCELLED,PAYMENT_FAILED,1,2026-10-07 20:07:02,2026-10-07 20:06:44
ORD-20261007-05708,2026-10-07 20:06:16,False,COMPLETED,,1,,
ORD-20261007-05709,2026-10-07 20:06:42,True,COMPLETED,,2,,
ORD-20261007-05710,2026-10-07 20:06:06,True,COMPLETED,,1,,
ORD-20261007-05711,2026-10-07 20:06:03,True,COMPLETED,,1,,
ORD-20261007-05712,2026-10-07 20:06:04,True,COMPLETED,,1,,
ORD-20261007-05713,2026-10-07 20:06:04,True,COMPLETED,,2,,
ORD-20261007-05714,2026-10-07 20:06:26,True,COMPLETED,,2,,
ORD-20261007-05715,2026-10-07 20:06:12,True,COMPLETED,,1,,
ORD-20261007-05716,2026-10-07 20:06:09,True,COMPLETED,,2,,
ORD-20261007-05717,2026-10-07 20:06:24,True,COMPLETED,,1,,
ORD-20261007-05718,2026-10-07 20:06:15,True,COMPLETED,,2,,
ORD-20261007-05719,2026-10-07 20:06:38,False,CANCELLED,PAYMENT_FAILED,2,2026-10-07 20:07:20,
ORD-20261007-05720,2026-10-07 20:06:07,True,COMPLETED,,2,,
ORD-20261007-05721,2026-10-07 20:06:15,True,COMPLETED,,2,,
ORD-20261007-05722,2026-10-07 20:06:50,False,CANCELLED,PAYMENT_FAILED,2,2026-10-07 20:07:43,
ORD-20261007-05723,2026-10-07 20:06:28,False,CANCELLED,PAYMENT_FAILED,2,2026-10-07 20:07:49,
ORD-20261007-05724,2026-10-07 20:06:41,False,CANCELLED,PAYMENT_FAILED,1,2026-10-07 20:07:29,2026-10-07 20:07:14
ORD-20261007-05725,2026-10-07 20:06:52,False,COMPLETED,,2,,
ORD-20261007-05726,2026-10-07 20:06:21,True,COMPLETED,,1,,
ORD-20261007-05727,2026-10-07 20:06:48,True,COMPLETED,,2,,
ORD-20261007-05728,2026-10-07 20:06:59,False,CANCELLED,PAYMENT_FAILED,2,2026-10-07 20:08:16,2026-10-07 20:08:04
ORD-20261007-05729,2026-10-07 20:06:29,True,COMPLETED,,2,,
ORD-20261007-05730,2026-10-07 20:06:16,True,COMPLETED,,2,,
ORD-20261007-05731,2026-10-07 20:06:29,False,CANCELLED,PAYMENT_FAILED,1,2026-10-07 20:07:05,2026-10-07 20:06:51
ORD-20261007-05732,2026-10-07 20:07:46,False,CANCELLED,PAYMENT_FAILED,1,2026-10-07 20:09:14,
ORD-20261007-05733,2026-10-07 20:07:18,True,COMPLETED,,1,,
ORD-20261007-05734,2026-10-07 20:07:48,True,COMPLETED,,2,,
ORD-20261007-05735,2026-10-07 20:07:48,True,COMPLETED,,2,,
ORD-20261007-05736,2026-10-07 20:07:20,False,COMPLETED,,2,,
ORD-20261007-05737,2026-10-07 20:07:54,True,COMPLETED,,2,,
ORD-20261007-05738,2026-10-07 20:07:01,True,COMPLETED,,2,,
ORD-20261007-05739,2026-10-07 20:07:06,False,CANCELLED,PAYMENT_FAILED,2,2026-10-07 20:08:26,2026-10-07 20:08:14
ORD-20261007-05740,2026-10-07 20:07:10,True,COMPLETED,,2,,
ORD-20261007-05741,2026-10-07 20:07:08,True,COMPLETED,,2,,
ORD-20261007-05742,2026-10-07 20:07:45,False,CANCELLED,PAYMENT_FAILED,1,2026-10-07 20:08:38,2026-10-07 20:08:16
ORD-20261007-05743,2026-10-07 20:07:31,False,CANCELLED,PAYMENT_FAILED,1,2026-10-07 20:08:58,2026-10-07 20:08:34
ORD-20261007-05744,2026-10-07 20:07:33,True,CANCELLED,DISPATCH_TIMEOUT,2,2026-10-07 20:08:34,
ORD-20261007-05745,2026-10-07 20:07:41,True,COMPLETED,,2,,
ORD-20261007-05746,2026-10-07 20:07:01,True,COMPLETED,,1,,
ORD-20261007-05747,2026-10-07 20:07:18,True,COMPLETED,,1,,
ORD-20261007-05748,2026-10-07 20:07:21,False,CANCELLED,PAYMENT_FAILED,1,2026-10-07 20:08:27,
ORD-20261007-05749,2026-10-07 20:07:52,True,CANCELLED,RIDER_REJECTION,1,2026-10-07 20:08:56,2026-10-07 20:08:46
ORD-20261007-05750,2026-10-07 20:07:34,True,COMPLETED,,1,,
ORD-20261007-05751,2026-10-07 20:07:53,False,CANCELLED,PAYMENT_FAILED,2,2026-10-07 20:09:05,2026-10-07 20:08:44
ORD-20261007-05752,2026-10-07 20:07:17,True,COMPLETED,,1,,
ORD-20261007-05753,2026-10-07 20:07:53,True,COMPLETED,,2,,
ORD-20261007-05754,2026-10-07 20:07:02,True,COMPLETED,,1,,
ORD-20261007-05755,2026-10-07 20:07:34,True,COMPLETED,,1,,
ORD-20261007-05756,2026-10-07 20:07:27,False,CANCELLED,PAYMENT_FAILED,2,2026-10-07 20:08:27,2026-10-07 20:08:10
ORD-20261007-05757,2026-10-07 20:07:52,True,COMPLETED,,2,,
ORD-20261007-05758,2026-10-07 20:07:32,False,CANCELLED,PAYMENT_FAILED,1,2026-10-07 20:08:57,2026-10-07 20:08:39
ORD-20261007-05759,2026-10-07 20:07:26,True,COMPLETED,,1,,
ORD-20261007-05760,2026-10-07 20:07:45,True,COMPLETED,,1,,
ORD-20261007-05761,2026-10-07 20:07:48,True,COMPLETED,,1,,
ORD-20261007-05762,2026-10-07 20:07:08,True,COMPLETED,,2,,
ORD-20261007-05763,2026-10-07 20:07:57,True,COMPLETED,,2,,
ORD-20261007-05764,2026-10-07 20:07:46,True,COMPLETED,,2,,
ORD-20261007-05765,2026-10-07 20:07:49,True,COMPLETED,,1,,
ORD-20261007-05766,2026-10-07 20:07:48,True,COMPLETED,,2,,
ORD-20261007-05767,2026-10-07 20:07:30,True,COMPLETED,,1,,
ORD-20261007-05768,2026-10-07 20:07:07,False,COMPLETED,,2,,
ORD-20261007-05769,2026-10-07 20:07:30,False,CANCELLED,PAYMENT_FAILED,2,2026-10-07 20:08:43,
ORD-20261007-05770,2026-10-07 20:07:55,True,COMPLETED,,2,,
ORD-20261007-05771,2026-10-07 20:07:09,True,COMPLETED,,2,,
ORD-20261007-05772,2026-10-07 20:07:05,False,CANCELLED,PAYMENT_FAILED,2,2026-10-07 20:07:43,2026-10-07 20:07:28
ORD-20261007-05773,2026-10-07 20:07:09,True,COMPLETED,,2,,
ORD-20261007-05774,2026-10-07 20:07:36,True,COMPLETED,,2,,
ORD-20261007-05775,2026-10-07 20:07:26,True,COMPLETED,,1,,
ORD-20261007-05776,2026-10-07 20:07:57,False,COMPLETED,,1,,
ORD-20261007-05777,2026-10-07 20:07:00,False,COMPLETED,,1,,
ORD-20261007-05778,2026-10-07 20:07:43,True,COMPLETED,,1,,
ORD-20261007-05779,2026-10-07 20:08:24,False,CANCELLED,PAYMENT_FAILED,1,2026-10-07 20:09:28,
ORD-20261007-05780,2026-10-07 20:08:08,False,CANCELLED,PAYMENT_FAILED,1,2026-10-07 20:09:29,2026-10-07 20:09:12
ORD-20261007-05781,2026-10-07 20:08:24,True,COMPLETED,,2,,
ORD-20261007-05782,2026-10-07 20:08:28,True,COMPLETED,,2,,
ORD-20261007-05783,2026-10-07 20:08:44,True,COMPLETED,,2,,
ORD-20261007-05784,2026-10-07 20:08:53,False,COMPLETED,,2,,
ORD-20261007-05785,2026-10-07 20:08:00,True,COMPLETED,,1,,
ORD-20261007-05786,2026-10-07 20:08:47,False,COMPLETED,,2,,
ORD-20261007-05787,2026-10-07 20:08:43,True,COMPLETED,,2,,
ORD-20261007-05788,2026-10-07 20:08:13,False,CANCELLED,PAYMENT_FAILED,1,2026-10-07 20:08:48,
ORD-20261007-05789,2026-10-07 20:08:53,True,COMPLETED,,1,,
ORD-20261007-05790,2026-10-07 20:08:57,False,CANCELLED,PAYMENT_FAILED,2,2026-10-07 20:09:37,2026-10-07 20:09:27
ORD-20261007-05791,2026-10-07 20:08:23,False,CANCELLED,PAYMENT_FAILED,2,2026-10-07 20:09:29,2026-10-07 20:09:05
ORD-20261007-05792,2026-10-07 20:08:51,True,COMPLETED,,1,,
ORD-20261007-05793,2026-10-07 20:08:02,False,CANCELLED,PAYMENT_FAILED,2,2026-10-07 20:09:16,2026-10-07 20:09:05
ORD-20261007-05794,2026-10-07 20:08:18,True,COMPLETED,,1,,
ORD-20261007-05795,2026-10-07 20:08:27,True,COMPLETED,,1,,
ORD-20261007-05796,2026-10-07 20:08:42,True,COMPLETED,,1,,
ORD-20261007-05797,2026-10-07 20:08:51,True,COMPLETED,,1,,
ORD-20261007-05798,2026-10-07 20:08:55,False,CANCELLED,PAYMENT_FAILED,2,2026-10-07 20:10:14,
ORD-20261007-05799,2026-10-07 20:08:45,True,COMPLETED,,2,,
ORD-20261007-05800,2026-10-07 20:08:36,False,CANCELLED,PAYMENT_FAILED,1,2026-10-07 20:09:57,2026-10-07 20:09:41
ORD-20261007-05801,2026-10-07 20:08:24,True,COMPLETED,,1,,
ORD-20261007-05802,2026-10-07 20:08:56,False,COMPLETED,,1,,
ORD-20261007-05803,2026-10-07 20:08:21,True,CANCELLED,DISPATCH_TIMEOUT,2,2026-10-07 20:09:42,2026-10-07 20:09:18
ORD-20261007-05804,2026-10-07 20:08:23,False,CANCELLED,PAYMENT_FAILED,2,2026-10-07 20:08:58,
ORD-20261007-05805,2026-10-07 20:08:22,False,COMPLETED,,2,,
ORD-20261007-05806,2026-10-07 20:08:35,False,COMPLETED,,1,,
ORD-20261007-05807,2026-10-07 20:08:45,True,COMPLETED,,1,,
ORD-20261007-05808,2026-10-07 20:08:13,True,COMPLETED,,2,,
ORD-20261007-05809,2026-10-07 20:08:09,True,COMPLETED,,1,,
ORD-20261007-05810,2026-10-07 20:08:07,True,COMPLETED,,1,,
ORD-20261007-05811,2026-10-07 20:08:15,False,CANCELLED,PAYMENT_FAILED,2,2026-10-07 20:08:54,2026-10-07 20:08:35
ORD-20261007-05812,2026-10-07 20:08:43,True,COMPLETED,,1,,
ORD-20261007-05813,2026-10-07 20:08:53,False,COMPLETED,,2,,
ORD-20261007-05814,2026-10-07 20:08:42,True,COMPLETED,,2,,
ORD-20261007-05815,2026-10-07 20:08:48,True,COMPLETED,,1,,
ORD-20261007-05816,2026-10-07 20:08:06,True,CANCELLED,RIDER_REJECTION,1,2026-10-07 20:09:01,2026-10-07 20:08:50
ORD-20261007-05817,2026-10-07 20:08:18,True,COMPLETED,,2,,
ORD-20261007-05818,2026-10-07 20:08:26,True,COMPLETED,,1,,
ORD-20261007-05819,2026-10-07 20:08:51,True,COMPLETED,,1,,
ORD-20261007-05820,2026-10-07 20:08:14,True,COMPLETED,,2,,
ORD-20261007-05821,2026-10-07 20:08:04,False,CANCELLED,PAYMENT_FAILED,2,2026-10-07 20:08:45,
ORD-20261007-05822,2026-10-07 20:08:08,True,COMPLETED,,2,,
ORD-20261007-05823,2026-10-07 20:08:27,True,COMPLETED,,2,,
ORD-20261007-05824,2026-10-07 20:08:58,False,COMPLETED,,1,,
ORD-20261007-05825,2026-10-07 20:09:39,True,COMPLETED,,1,,
ORD-20261007-05826,2026-10-07 20:09:39,True,CANCELLED,DISPATCH_TIMEOUT,1,2026-10-07 20:10:22,2026-10-07 20:10:11
ORD-20261007-05827,2026-10-07 20:09:41,False,CANCELLED,PAYMENT_FAILED,2,2026-10-07 20:11:09,2026-10-07 20:10:49
ORD-20261007-05828,2026-10-07 20:09:54,True,COMPLETED,,1,,
ORD-20261007-05829,2026-10-07 20:09:51,False,COMPLETED,,1,,
ORD-20261007-05830,2026-10-07 20:09:47,True,COMPLETED,,1,,
ORD-20261007-05831,2026-10-07 20:09:39,False,CANCELLED,PAYMENT_FAILED,2,2026-10-07 20:10:18,
ORD-20261007-05832,2026-10-07 20:09:11,True,COMPLETED,,2,,
ORD-20261007-05833,2026-10-07 20:09:48,False,CANCELLED,PAYMENT_FAILED,1,2026-10-07 20:10:26,2026-10-07 20:10:15
ORD-20261007-05834,2026-10-07 20:09:40,True,COMPLETED,,1,,
ORD-20261007-05835,2026-10-07 20:09:33,False,CANCELLED,PAYMENT_FAILED,2,2026-10-07 20:10:11,
ORD-20261007-05836,2026-10-07 20:09:08,True,COMPLETED,,1,,
ORD-20261007-05837,2026-10-07 20:09:51,True,COMPLETED,,1,,
ORD-20261007-05838,2026-10-07 20:09:34,False,COMPLETED,,2,,
ORD-20261007-05839,2026-10-07 20:09:27,True,COMPLETED,,2,,
ORD-20261007-05840,2026-10-07 20:09:07,False,CANCELLED,PAYMENT_FAILED,1,2026-10-07 20:09:41,2026-10-07 20:09:23
ORD-20261007-05841,2026-10-07 20:09:10,True,COMPLETED,,1,,
ORD-20261007-05842,2026-10-07 20:09:56,False,CANCELLED,PAYMENT_FAILED,1,2026-10-07 20:11:19,
ORD-20261007-05843,2026-10-07 20:09:03,True,COMPLETED,,1,,
ORD-20261007-05844,2026-10-07 20:09:06,False,COMPLETED,,1,,
ORD-20261007-05845,2026-10-07 20:09:10,True,CANCELLED,RIDER_REJECTION,2,2026-10-07 20:10:15,
ORD-20261007-05846,2026-10-07 20:09:51,False,COMPLETED,,2,,
ORD-20261007-05847,2026-10-07 20:09:06,False,CANCELLED,PAYMENT_FAILED,1,2026-10-07 20:09:42,2026-10-07 20:09:32
ORD-20261007-05848,2026-10-07 20:09:02,True,COMPLETED,,1,,
ORD-20261007-05849,2026-10-07 20:09:36,True,COMPLETED,,1,,
ORD-20261007-05850,2026-10-07 20:09:35,True,COMPLETED,,1,,
ORD-20261007-05851,2026-10-07 20:09:34,False,COMPLETED,,1,,
ORD-20261007-05852,2026-10-07 20:09:56,True,COMPLETED,,1,,
ORD-20261007-05853,2026-10-07 20:09:55,True,COMPLETED,,2,,
ORD-20261007-05854,2026-10-07 20:09:49,True,COMPLETED,,2,,
ORD-20261007-05855,2026-10-07 20:09:42,False,CANCELLED,PAYMENT_FAILED,2,2026-10-07 20:11:11,2026-10-07 20:11:00
ORD-20261007-05856,2026-10-07 20:09:39,False,CANCELLED,PAYMENT_FAILED,2,2026-10-07 20:11:06,2026-10-07 20:10:54
ORD-20261007-05857,2026-10-07 20:09:29,True,COMPLETED,,2,,
ORD-20261007-05858,2026-10-07 20:09:40,False,COMPLETED,,1,,
ORD-20261007-05859,2026-10-07 20:09:10,True,COMPLETED,,1,,
ORD-20261007-05860,2026-10-07 20:09:56,True,COMPLETED,,2,,
ORD-20261007-05861,2026-10-07 20:09:19,True,COMPLETED,,1,,
ORD-20261007-05862,2026-10-07 20:09:04,False,CANCELLED,PAYMENT_FAILED,1,2026-10-07 20:10:16,
ORD-20261007-05863,2026-10-07 20:09:46,False,CANCELLED,PAYMENT_FAILED,1,2026-10-07 20:10:26,
ORD-20261007-05864,2026-10-07 20:09:19,False,COMPLETED,,2,,
ORD-20261007-05865,2026-10-07 20:09:12,True,COMPLETED,,1,,
ORD-20261007-05866,2026-10-07 20:09:25,True,COMPLETED,,1,,
ORD-20261007-05867,2026-10-07 20:09:21,False,COMPLETED,,1,,
ORD-20261007-05868,2026-10-07 20:09:35,True,COMPLETED,,1,,
ORD-20261007-05869,2026-10-07 20:09:01,True,COMPLETED,,1,,
ORD-20261007-05870,2026-10-07 20:09:11,True,COMPLETED,,2,,
ORD-20261007-05871,2026-10-07 20:10:51,True,COMPLETED,,2,,
ORD-20261007-05872,2026-10-07 20:10:22,False,COMPLETED,,1,,
ORD-20261007-05873,2026-10-07 20:10:56,True,COMPLETED,,1,,
ORD-20261007-05874,2026-10-07 20:10:37,False,CANCELLED,PAYMENT_FAILED,2,2026-10-07 20:11:25,2026-10-07 20:11:05
ORD-20261007-05875,2026-10-07 20:10:13,False,COMPLETED,,1,,
ORD-20261007-05876,2026-10-07 20:10:59,False,CANCELLED,PAYMENT_FAILED,2,2026-10-07 20:11:42,2026-10-07 20:11:23
ORD-20261007-05877,2026-10-07 20:10:12,True,COMPLETED,,2,,
ORD-20261007-05878,2026-10-07 20:10:54,True,COMPLETED,,2,,
ORD-20261007-05879,2026-10-07 20:10:57,True,COMPLETED,,1,,
ORD-20261007-05880,2026-10-07 20:10:46,True,COMPLETED,,1,,
ORD-20261007-05881,2026-10-07 20:10:17,False,CANCELLED,PAYMENT_FAILED,1,2026-10-07 20:11:25,
ORD-20261007-05882,2026-10-07 20:10:30,True,COMPLETED,,2,,
ORD-20261007-05883,2026-10-07 20:10:00,True,COMPLETED,,2,,
ORD-20261007-05884,2026-10-07 20:10:11,True,COMPLETED,,2,,
ORD-20261007-05885,2026-10-07 20:10:03,True,COMPLETED,,2,,
ORD-20261007-05886,2026-10-07 20:10:42,False,CANCELLED,PAYMENT_FAILED,1,2026-10-07 20:12:02,2026-10-07 20:11:46
ORD-20261007-05887,2026-10-07 20:10:00,True,COMPLETED,,1,,
ORD-20261007-05888,2026-10-07 20:10:07,True,COMPLETED,,1,,
ORD-20261007-05889,2026-10-07 20:10:54,False,CANCELLED,PAYMENT_FAILED,1,2026-10-07 20:11:43,
ORD-20261007-05890,2026-10-07 20:10:26,True,COMPLETED,,1,,
ORD-20261007-05891,2026-10-07 20:10:54,True,COMPLETED,,2,,
ORD-20261007-05892,2026-10-07 20:10:58,False,CANCELLED,PAYMENT_FAILED,1,2026-10-07 20:11:29,2026-10-07 20:11:16
ORD-20261007-05893,2026-10-07 20:10:28,True,COMPLETED,,2,,
ORD-20261007-05894,2026-10-07 20:10:57,False,CANCELLED,PAYMENT_FAILED,1,2026-10-07 20:12:05,2026-10-07 20:11:51
ORD-20261007-05895,2026-10-07 20:10:49,True,COMPLETED,,2,,
ORD-20261007-05896,2026-10-07 20:10:33,True,COMPLETED,,1,,
ORD-20261007-05897,2026-10-07 20:10:29,True,COMPLETED,,1,,
ORD-20261007-05898,2026-10-07 20:10:27,False,CANCELLED,PAYMENT_FAILED,1,2026-10-07 20:10:58,2026-10-07 20:10:35
ORD-20261007-05899,2026-10-07 20:10:10,True,COMPLETED,,2,,
ORD-20261007-05900,2026-10-07 20:10:03,True,COMPLETED,,2,,
ORD-20261007-05901,2026-10-07 20:10:45,False,COMPLETED,,2,,
ORD-20261007-05902,2026-10-07 20:10:46,False,CANCELLED,PAYMENT_FAILED,2,2026-10-07 20:11:41,
ORD-20261007-05903,2026-10-07 20:10:19,True,COMPLETED,,1,,
ORD-20261007-05904,2026-10-07 20:10:04,True,COMPLETED,,1,,
ORD-20261007-05905,2026-10-07 20:10:00,True,COMPLETED,,1,,
ORD-20261007-05906,2026-10-07 20:10:17,True,COMPLETED,,1,,
ORD-20261007-05907,2026-10-07 20:10:50,True,COMPLETED,,2,,
ORD-20261007-05908,2026-10-07 20:10:15,True,COMPLETED,,2,,
ORD-20261007-05909,2026-10-07 20:10:23,False,CANCELLED,PAYMENT_FAILED,2,2026-10-07 20:11:43,2026-10-07 20:11:28
ORD-20261007-05910,2026-10-07 20:10:39,False,CANCELLED,PAYMENT_FAILED,1,2026-10-07 20:12:08,2026-10-07 20:11:56
ORD-20261007-05911,2026-10-07 20:10:42,True,COMPLETED,,2,,
ORD-20261007-05912,2026-10-07 20:10:14,True,COMPLETED,,1,,
ORD-20261007-05913,2026-10-07 20:10:37,True,COMPLETED,,2,,
ORD-20261007-05914,2026-10-07 20:10:42,True,COMPLETED,,2,,
ORD-20261007-05915,2026-10-07 20:10:07,True,COMPLETED,,2,,
ORD-20261007-05916,2026-10-07 20:11:58,True,COMPLETED,,1,,
ORD-20261007-05917,2026-10-07 20:11:42,True,COMPLETED,,1,,
ORD-20261007-05918,2026-10-07 20:11:22,True,CANCELLED,DISPATCH_TIMEOUT,2,2026-10-07 20:12:43,2026-10-07 20:12:24
ORD-20261007-05919,2026-10-07 20:11:03,False,CANCELLED,PAYMENT_FAILED,1,2026-10-07 20:12:31,
ORD-20261007-05920,2026-10-07 20:11:19,False,COMPLETED,,1,,
ORD-20261007-05921,2026-10-07 20:11:44,False,CANCELLED,PAYMENT_FAILED,2,2026-10-07 20:12:52,
ORD-20261007-05922,2026-10-07 20:11:18,False,CANCELLED,PAYMENT_FAILED,2,2026-10-07 20:12:39,2026-10-07 20:12:18
ORD-20261007-05923,2026-10-07 20:11:19,False,COMPLETED,,1,,
ORD-20261007-05924,2026-10-07 20:11:58,False,COMPLETED,,2,,
ORD-20261007-05925,2026-10-07 20:11:21,False,CANCELLED,PAYMENT_FAILED,2,2026-10-07 20:12:04,
ORD-20261007-05926,2026-10-07 20:11:38,False,CANCELLED,PAYMENT_FAILED,2,2026-10-07 20:12:46,2026-10-07 20:12:24
ORD-20261007-05927,2026-10-07 20:11:17,True,COMPLETED,,1,,
ORD-20261007-05928,2026-10-07 20:11:42,True,COMPLETED,,2,,
ORD-20261007-05929,2026-10-07 20:11:16,True,CANCELLED,RIDER_REJECTION,2,2026-10-07 20:12:16,2026-10-07 20:11:54
ORD-20261007-05930,2026-10-07 20:11:52,False,COMPLETED,,2,,
ORD-20261007-05931,2026-10-07 20:11:26,True,COMPLETED,,2,,
ORD-20261007-05932,2026-10-07 20:11:10,True,COMPLETED,,2,,
ORD-20261007-05933,2026-10-07 20:11:16,False,CANCELLED,PAYMENT_FAILED,1,2026-10-07 20:12:29,2026-10-07 20:12:17
ORD-20261007-05934,2026-10-07 20:11:45,True,COMPLETED,,1,,
ORD-20261007-05935,2026-10-07 20:11:12,True,COMPLETED,,1,,
ORD-20261007-05936,2026-10-07 20:11:52,True,COMPLETED,,1,,
ORD-20261007-05937,2026-10-07 20:11:10,True,COMPLETED,,1,,
ORD-20261007-05938,2026-10-07 20:11:57,True,COMPLETED,,2,,
ORD-20261007-05939,2026-10-07 20:11:25,True,COMPLETED,,2,,
ORD-20261007-05940,2026-10-07 20:11:36,True,COMPLETED,,1,,
ORD-20261007-05941,2026-10-07 20:11:18,False,CANCELLED,PAYMENT_FAILED,2,2026-10-07 20:12:11,
ORD-20261007-05942,2026-10-07 20:11:32,True,COMPLETED,,2,,
ORD-20261007-05943,2026-10-07 20:11:57,True,COMPLETED,,2,,
ORD-20261007-05944,2026-10-07 20:11:25,True,COMPLETED,,2,,
ORD-20261007-05945,2026-10-07 20:11:13,True,CANCELLED,DISPATCH_TIMEOUT,1,2026-10-07 20:11:47,2026-10-07 20:11:24
ORD-20261007-05946,2026-10-07 20:11:56,False,COMPLETED,,2,,
ORD-20261007-05947,2026-10-07 20:11:49,True,COMPLETED,,1,,
ORD-20261007-05948,2026-10-07 20:11:37,True,COMPLETED,,2,,
ORD-20261007-05949,2026-10-07 20:11:37,False,CANCELLED,PAYMENT_FAILED,2,2026-10-07 20:12:44,2026-10-07 20:12:33
ORD-20261007-05950,2026-10-07 20:11:08,False,CANCELLED,PAYMENT_FAILED,2,2026-10-07 20:12:37,2026-10-07 20:12:27
ORD-20261007-05951,2026-10-07 20:11:21,False,COMPLETED,,1,,
ORD-20261007-05952,2026-10-07 20:11:41,True,COMPLETED,,1,,
ORD-20261007-05953,2026-10-07 20:11:02,True,COMPLETED,,2,,
ORD-20261007-05954,2026-10-07 20:11:03,False,COMPLETED,,2,,
ORD-20261007-05955,2026-10-07 20:11:49,True,COMPLETED,,1,,
ORD-20261007-05956,2026-10-07 20:11:59,False,CANCELLED,PAYMENT_FAILED,2,2026-10-07 20:12:35,2026-10-07 20:12:24
ORD-20261007-05957,2026-10-07 20:11:01,False,CANCELLED,PAYMENT_FAILED,2,2026-10-07 20:12:10,
ORD-20261007-05958,2026-10-07 20:11:44,True,COMPLETED,,2,,
ORD-20261007-05959,2026-10-07 20:11:44,True,COMPLETED,,2,,
ORD-20261007-05960,2026-10-07 20:11:50,False,CANCELLED,PAYMENT_FAILED,1,2026-10-07 20:12:33,
ORD-20261007-05961,2026-10-07 20:12:54,True,COMPLETED,,1,,
ORD-20261007-05962,2026-10-07 20:12:42,True,COMPLETED,,1,,
ORD-20261007-05963,2026-10-07 20:12:20,True,COMPLETED,,2,,
ORD-20261007-05964,2026-10-07 20:12:41,True,COMPLETED,,2,,
ORD-20261007-05965,2026-10-07 20:12:26,False,CANCELLED,PAYMENT_FAILED,2,2026-10-07 20:13:41,2026-10-07 20:13:29
ORD-20261007-05966,2026-10-07 20:12:32,True,COMPLETED,,1,,
ORD-20261007-05967,2026-10-07 20:12:12,False,CANCELLED,PAYMENT_FAILED,2,2026-10-07 20:13:11,
ORD-20261007-05968,2026-10-07 20:12:14,True,COMPLETED,,2,,
ORD-20261007-05969,2026-10-07 20:12:12,True,COMPLETED,,2,,
ORD-20261007-05970,2026-10-07 20:12:47,True,COMPLETED,,2,,
ORD-20261007-05971,2026-10-07 20:12:03,False,CANCELLED,PAYMENT_FAILED,1,2026-10-07 20:13:08,
ORD-20261007-05972,2026-10-07 20:12:26,True,COMPLETED,,1,,
ORD-20261007-05973,2026-10-07 20:12:01,True,COMPLETED,,1,,
ORD-20261007-05974,2026-10-07 20:12:23,True,CANCELLED,DISPATCH_TIMEOUT,2,2026-10-07 20:12:53,
ORD-20261007-05975,2026-10-07 20:12:14,False,COMPLETED,,1,,
ORD-20261007-05976,2026-10-07 20:12:45,True,COMPLETED,,1,,
ORD-20261007-05977,2026-10-07 20:12:59,True,COMPLETED,,2,,
ORD-20261007-05978,2026-10-07 20:12:58,False,CANCELLED,PAYMENT_FAILED,2,2026-10-07 20:13:58,2026-10-07 20:13:38
ORD-20261007-05979,2026-10-07 20:12:19,True,COMPLETED,,1,,
ORD-20261007-05980,2026-10-07 20:12:09,False,CANCELLED,PAYMENT_FAILED,2,2026-10-07 20:12:58,2026-10-07 20:12:34
ORD-20261007-05981,2026-10-07 20:12:47,True,COMPLETED,,1,,
ORD-20261007-05982,2026-10-07 20:12:53,True,COMPLETED,,1,,
ORD-20261007-05983,2026-10-07 20:12:11,True,COMPLETED,,1,,
ORD-20261007-05984,2026-10-07 20:12:43,False,CANCELLED,PAYMENT_FAILED,2,2026-10-07 20:13:17,
ORD-20261007-05985,2026-10-07 20:12:53,False,COMPLETED,,2,,
ORD-20261007-05986,2026-10-07 20:12:49,True,COMPLETED,,2,,
ORD-20261007-05987,2026-10-07 20:12:01,True,COMPLETED,,1,,
ORD-20261007-05988,2026-10-07 20:12:28,True,COMPLETED,,1,,
ORD-20261007-05989,2026-10-07 20:12:02,False,COMPLETED,,2,,
ORD-20261007-05990,2026-10-07 20:12:20,True,COMPLETED,,2,,
ORD-20261007-05991,2026-10-07 20:12:59,True,COMPLETED,,2,,
ORD-20261007-05992,2026-10-07 20:12:02,True,COMPLETED,,2,,
ORD-20261007-05993,2026-10-07 20:12:38,True,COMPLETED,,1,,
ORD-20261007-05994,2026-10-07 20:12:59,False,COMPLETED,,2,,
ORD-20261007-05995,2026-10-07 20:12:09,True,COMPLETED,,1,,
ORD-20261007-05996,2026-10-07 20:12:45,False,CANCELLED,PAYMENT_FAILED,1,2026-10-07 20:13:37,2026-10-07 20:13:22
ORD-20261007-05997,2026-10-07 20:12:03,False,CANCELLED,PAYMENT_FAILED,1,2026-10-07 20:13:24,2026-10-07 20:13:11
ORD-20261007-05998,2026-10-07 20:12:04,True,CANCELLED,DISPATCH_TIMEOUT,1,2026-10-07 20:12:50,2026-10-07 20:12:40
ORD-20261007-05999,2026-10-07 20:12:33,True,COMPLETED,,2,,
ORD-20261007-06000,2026-10-07 20:12:41,False,COMPLETED,,2,,
ORD-20261007-06001,2026-10-07 20:12:22,True,COMPLETED,,1,,
ORD-20261007-06002,2026-10-07 20:12:41,True,COMPLETED,,1,,
ORD-20261007-06003,2026-10-07 20:13:03,True,COMPLETED,,2,,
ORD-20261007-06004,2026-10-07 20:13:51,False,COMPLETED,,1,,
ORD-20261007-06005,2026-10-07 20:13:41,False,CANCELLED,PAYMENT_FAILED,2,2026-10-07 20:15:03,2026-10-07 20:14:47
ORD-20261007-06006,2026-10-07 20:13:02,True,COMPLETED,,2,,
ORD-20261007-06007,2026-10-07 20:13:40,False,CANCELLED,PAYMENT_FAILED,1,2026-10-07 20:14:20,2026-10-07 20:14:07
ORD-20261007-06008,2026-10-07 20:13:00,True,COMPLETED,,2,,
ORD-20261007-06009,2026-10-07 20:13:29,True,COMPLETED,,2,,
ORD-20261007-06010,2026-10-07 20:13:34,False,CANCELLED,PAYMENT_FAILED,1,2026-10-07 20:15:03,2026-10-07 20:14:42
ORD-20261007-06011,2026-10-07 20:13:28,False,COMPLETED,,1,,
ORD-20261007-06012,2026-10-07 20:13:28,False,COMPLETED,,2,,
ORD-20261007-06013,2026-10-07 20:13:50,False,CANCELLED,PAYMENT_FAILED,2,2026-10-07 20:14:29,
ORD-20261007-06014,2026-10-07 20:13:23,False,CANCELLED,PAYMENT_FAILED,1,2026-10-07 20:14:12,2026-10-07 20:14:02
ORD-20261007-06015,2026-10-07 20:13:01,True,COMPLETED,,2,,
ORD-20261007-06016,2026-10-07 20:13:25,True,COMPLETED,,1,,
ORD-20261007-06017,2026-10-07 20:13:28,False,COMPLETED,,1,,
ORD-20261007-06018,2026-10-07 20:13:04,True,COMPLETED,,2,,
ORD-20261007-06019,2026-10-07 20:13:48,True,COMPLETED,,2,,
ORD-20261007-06020,2026-10-07 20:13:13,False,CANCELLED,PAYMENT_FAILED,2,2026-10-07 20:14:01,
ORD-20261007-06021,2026-10-07 20:13:44,False,CANCELLED,PAYMENT_FAILED,1,2026-10-07 20:14:29,2026-10-07 20:14:07
ORD-20261007-06022,2026-10-07 20:13:28,True,COMPLETED,,1,,
ORD-20261007-06023,2026-10-07 20:13:20,True,COMPLETED,,1,,
ORD-20261007-06024,2026-10-07 20:13:34,True,COMPLETED,,2,,
ORD-20261007-06025,2026-10-07 20:13:24,True,COMPLETED,,2,,
ORD-20261007-06026,2026-10-07 20:13:43,True,COMPLETED,,1,,
ORD-20261007-06027,2026-10-07 20:13:54,False,CANCELLED,PAYMENT_FAILED,2,2026-10-07 20:14:59,
ORD-20261007-06028,2026-10-07 20:13:10,True,COMPLETED,,2,,
ORD-20261007-06029,2026-10-07 20:13:58,True,COMPLETED,,2,,
ORD-20261007-06030,2026-10-07 20:13:41,False,CANCELLED,PAYMENT_FAILED,2,2026-10-07 20:15:06,
ORD-20261007-06031,2026-10-07 20:13:59,False,CANCELLED,PAYMENT_FAILED,2,2026-10-07 20:15:08,
ORD-20261007-06032,2026-10-07 20:13:47,False,CANCELLED,PAYMENT_FAILED,2,2026-10-07 20:14:40,
ORD-20261007-06033,2026-10-07 20:13:49,False,CANCELLED,PAYMENT_FAILED,1,2026-10-07 20:14:27,2026-10-07 20:14:07
ORD-20261007-06034,2026-10-07 20:13:49,True,COMPLETED,,1,,
ORD-20261007-06035,2026-10-07 20:13:14,True,COMPLETED,,1,,
ORD-20261007-06036,2026-10-07 20:13:59,False,CANCELLED,PAYMENT_FAILED,2,2026-10-07 20:14:31,2026-10-07 20:14:13
ORD-20261007-06037,2026-10-07 20:13:06,True,COMPLETED,,2,,
ORD-20261007-06038,2026-10-07 20:13:03,True,COMPLETED,,2,,
ORD-20261007-06039,2026-10-07 20:13:03,True,COMPLETED,,2,,
ORD-20261007-06040,2026-10-07 20:13:55,True,COMPLETED,,2,,
ORD-20261007-06041,2026-10-07 20:13:00,True,COMPLETED,,1,,
ORD-20261007-06042,2026-10-07 20:13:26,False,COMPLETED,,1,,
ORD-20261007-06043,2026-10-07 20:13:47,True,COMPLETED,,1,,
ORD-20261007-06044,2026-10-07 20:13:50,False,COMPLETED,,2,,
ORD-20261007-06045,2026-10-07 20:13:04,False,CANCELLED,PAYMENT_FAILED,1,2026-10-07 20:13:39,
ORD-20261007-06046,2026-10-07 20:13:32,True,COMPLETED,,2,,
ORD-20261007-06047,2026-10-07 20:13:19,True,COMPLETED,,2,,
ORD-20261007-06048,2026-10-07 20:14:11,True,COMPLETED,,1,,
ORD-20261007-06049,2026-10-07 20:14:01,True,COMPLETED,,1,,
ORD-20261007-06050,2026-10-07 20:14:41,True,COMPLETED,,1,,
ORD-20261007-06051,2026-10-07 20:14:50,False,CANCELLED,PAYMENT_FAILED,2,2026-10-07 20:16:10,
ORD-20261007-06052,2026-10-07 20:14:23,True,COMPLETED,,1,,
ORD-20261007-06053,2026-10-07 20:14:04,True,COMPLETED,,2,,
ORD-20261007-06054,2026-10-07 20:14:17,False,CANCELLED,PAYMENT_FAILED,2,2026-10-07 20:15:10,
ORD-20261007-06055,2026-10-07 20:14:30,False,COMPLETED,,2,,
ORD-20261007-06056,2026-10-07 20:14:26,True,COMPLETED,,2,,
ORD-20261007-06057,2026-10-07 20:14:59,False,CANCELLED,PAYMENT_FAILED,2,2026-10-07 20:15:43,2026-10-07 20:15:33
ORD-20261007-06058,2026-10-07 20:14:38,False,COMPLETED,,1,,
ORD-20261007-06059,2026-10-07 20:14:49,False,CANCELLED,PAYMENT_FAILED,1,2026-10-07 20:15:44,2026-10-07 20:15:27
ORD-20261007-06060,2026-10-07 20:14:51,False,CANCELLED,PAYMENT_FAILED,2,2026-10-07 20:15:37,
ORD-20261007-06061,2026-10-07 20:14:26,False,CANCELLED,PAYMENT_FAILED,1,2026-10-07 20:15:06,
ORD-20261007-06062,2026-10-07 20:14:23,True,COMPLETED,,2,,
ORD-20261007-06063,2026-10-07 20:14:39,True,COMPLETED,,1,,
ORD-20261007-06064,2026-10-07 20:14:06,True,COMPLETED,,2,,
ORD-20261007-06065,2026-10-07 20:14:58,True,COMPLETED,,2,,
ORD-20261007-06066,2026-10-07 20:14:53,False,CANCELLED,PAYMENT_FAILED,1,2026-10-07 20:16:10,
ORD-20261007-06067,2026-10-07 20:14:51,False,COMPLETED,,1,,
ORD-20261007-06068,2026-10-07 20:14:14,True,COMPLETED,,2,,
ORD-20261007-06069,2026-10-07 20:14:29,True,COMPLETED,,1,,
ORD-20261007-06070,2026-10-07 20:14:03,True,COMPLETED,,2,,
ORD-20261007-06071,2026-10-07 20:14:58,True,COMPLETED,,2,,
ORD-20261007-06072,2026-10-07 20:14:01,False,COMPLETED,,2,,
ORD-20261007-06073,2026-10-07 20:14:11,True,COMPLETED,,1,,
ORD-20261007-06074,2026-10-07 20:14:07,False,COMPLETED,,1,,
ORD-20261007-06075,2026-10-07 20:14:24,True,COMPLETED,,1,,
ORD-20261007-06076,2026-10-07 20:14:13,True,COMPLETED,,2,,
ORD-20261007-06077,2026-10-07 20:14:17,False,CANCELLED,PAYMENT_FAILED,2,2026-10-07 20:14:48,2026-10-07 20:14:30
ORD-20261007-06078,2026-10-07 20:14:37,False,CANCELLED,PAYMENT_FAILED,1,2026-10-07 20:15:58,2026-10-07 20:15:37
ORD-20261007-06079,2026-10-07 20:14:56,False,CANCELLED,PAYMENT_FAILED,1,2026-10-07 20:16:08,2026-10-07 20:15:50
ORD-20261007-06080,2026-10-07 20:14:32,False,CANCELLED,PAYMENT_FAILED,1,2026-10-07 20:15:22,
ORD-20261007-06081,2026-10-07 20:14:36,False,COMPLETED,,2,,
ORD-20261007-06082,2026-10-07 20:14:33,True,COMPLETED,,1,,
ORD-20261007-06083,2026-10-07 20:14:11,True,COMPLETED,,2,,
ORD-20261007-06084,2026-10-07 20:14:33,False,CANCELLED,PAYMENT_FAILED,1,2026-10-07 20:15:21,2026-10-07 20:15:01
ORD-20261007-06085,2026-10-07 20:14:17,True,COMPLETED,,1,,
ORD-20261007-06086,2026-10-07 20:14:38,False,CANCELLED,PAYMENT_FAILED,2,2026-10-07 20:15:35,
ORD-20261007-06087,2026-10-07 20:14:41,True,CANCELLED,DISPATCH_TIMEOUT,1,2026-10-07 20:15:34,2026-10-07 20:15:12
ORD-20261007-06088,2026-10-07 20:14:30,False,CANCELLED,PAYMENT_FAILED,1,2026-10-07 20:15:31,2026-10-07 20:15:08
ORD-20261007-06089,2026-10-07 20:14:47,False,CANCELLED,PAYMENT_FAILED,2,2026-10-07 20:15:20,2026-10-07 20:14:58
ORD-20261007-06090,2026-10-07 20:14:52,False,COMPLETED,,2,,
ORD-20261007-06091,2026-10-07 20:14:23,False,COMPLETED,,1,,
ORD-20261007-06092,2026-10-07 20:14:45,True,COMPLETED,,1,,
ORD-20261007-06093,2026-10-07 20:14:52,False,CANCELLED,PAYMENT_FAILED,1,2026-10-07 20:15:56,2026-10-07 20:15:39
ORD-20261007-06094,2026-10-07 20:14:24,True,COMPLETED,,1,,
ORD-20261007-06095,2026-10-07 20:15:50,True,COMPLETED,,2,,
ORD-20261007-06096,2026-10-07 20:15:28,True,COMPLETED,,1,,
ORD-20261007-06097,2026-10-07 20:15:09,False,COMPLETED,,1,,
ORD-20261007-06098,2026-10-07 20:15:45,False,CANCELLED,PAYMENT_FAILED,2,2026-10-07 20:16:48,2026-10-07 20:16:30
ORD-20261007-06099,2026-10-07 20:15:42,True,COMPLETED,,2,,
ORD-20261007-06100,2026-10-07 20:15:42,True,CANCELLED,RIDER_REJECTION,1,2026-10-07 20:16:28,2026-10-07 20:16:10
ORD-20261007-06101,2026-10-07 20:15:44,True,CANCELLED,DISPATCH_TIMEOUT,1,2026-10-07 20:17:01,
ORD-20261007-06102,2026-10-07 20:15:59,False,CANCELLED,PAYMENT_FAILED,1,2026-10-07 20:17:13,2026-10-07 20:16:56
ORD-20261007-06103,2026-10-07 20:15:50,True,COMPLETED,,1,,
ORD-20261007-06104,2026-10-07 20:15:52,True,CANCELLED,DISPATCH_TIMEOUT,2,2026-10-07 20:16:44,2026-10-07 20:16:20
ORD-20261007-06105,2026-10-07 20:15:34,True,COMPLETED,,2,,
ORD-20261007-06106,2026-10-07 20:15:19,False,COMPLETED,,2,,
ORD-20261007-06107,2026-10-07 20:15:50,True,CANCELLED,DISPATCH_TIMEOUT,2,2026-10-07 20:16:35,2026-10-07 20:16:14
ORD-20261007-06108,2026-10-07 20:15:31,False,CANCELLED,PAYMENT_FAILED,1,2026-10-07 20:16:16,
ORD-20261007-06109,2026-10-07 20:15:07,False,CANCELLED,PAYMENT_FAILED,2,2026-10-07 20:16:10,2026-10-07 20:15:55
ORD-20261007-06110,2026-10-07 20:15:50,True,COMPLETED,,2,,
ORD-20261007-06111,2026-10-07 20:15:00,True,COMPLETED,,2,,
ORD-20261007-06112,2026-10-07 20:15:51,True,COMPLETED,,2,,
ORD-20261007-06113,2026-10-07 20:15:57,True,CANCELLED,DISPATCH_TIMEOUT,2,2026-10-07 20:17:12,2026-10-07 20:16:54
ORD-20261007-06114,2026-10-07 20:15:27,True,COMPLETED,,2,,
ORD-20261007-06115,2026-10-07 20:15:47,False,CANCELLED,PAYMENT_FAILED,1,2026-10-07 20:16:28,
ORD-20261007-06116,2026-10-07 20:15:02,True,COMPLETED,,2,,
ORD-20261007-06117,2026-10-07 20:15:40,True,COMPLETED,,1,,
ORD-20261007-06118,2026-10-07 20:15:21,True,COMPLETED,,2,,
ORD-20261007-06119,2026-10-07 20:15:17,True,COMPLETED,,1,,
ORD-20261007-06120,2026-10-07 20:15:17,False,CANCELLED,PAYMENT_FAILED,2,2026-10-07 20:16:40,2026-10-07 20:16:23
ORD-20261007-06121,2026-10-07 20:15:09,False,COMPLETED,,1,,
ORD-20261007-06122,2026-10-07 20:15:59,True,COMPLETED,,1,,
ORD-20261007-06123,2026-10-07 20:15:13,True,COMPLETED,,2,,
ORD-20261007-06124,2026-10-07 20:15:23,False,CANCELLED,PAYMENT_FAILED,2,2026-10-07 20:15:55,
ORD-20261007-06125,2026-10-07 20:15:19,True,CANCELLED,RIDER_REJECTION,2,2026-10-07 20:16:21,
ORD-20261007-06126,2026-10-07 20:15:46,True,COMPLETED,,1,,
ORD-20261007-06127,2026-10-07 20:15:36,False,CANCELLED,PAYMENT_FAILED,2,2026-10-07 20:16:45,2026-10-07 20:16:34
ORD-20261007-06128,2026-10-07 20:15:46,True,COMPLETED,,2,,
ORD-20261007-06129,2026-10-07 20:15:49,True,COMPLETED,,1,,
ORD-20261007-06130,2026-10-07 20:15:46,True,COMPLETED,,1,,
ORD-20261007-06131,2026-10-07 20:15:06,True,COMPLETED,,1,,
ORD-20261007-06132,2026-10-07 20:15:54,True,COMPLETED,,1,,
ORD-20261007-06133,2026-10-07 20:15:58,True,COMPLETED,,1,,
ORD-20261007-06134,2026-10-07 20:15:22,False,COMPLETED,,1,,
ORD-20261007-06135,2026-10-07 20:15:47,False,COMPLETED,,1,,
ORD-20261007-06136,2026-10-07 20:15:35,False,CANCELLED,PAYMENT_FAILED,1,2026-10-07 20:16:33,
ORD-20261007-06137,2026-10-07 20:15:38,False,COMPLETED,,2,,
ORD-20261007-06138,2026-10-07 20:15:29,True,COMPLETED,,2,,
ORD-20261007-06139,2026-10-07 20:16:15,False,COMPLETED,,2,,
ORD-20261007-06140,2026-10-07 20:16:37,False,CANCELLED,PAYMENT_FAILED,1,2026-10-07 20:17:14,2026-10-07 20:16:58
ORD-20261007-06141,2026-10-07 20:16:13,False,COMPLETED,,2,,
ORD-20261007-06142,2026-10-07 20:16:52,True,COMPLETED,,1,,
ORD-20261007-06143,2026-10-07 20:16:36,True,COMPLETED,,2,,
ORD-20261007-06144,2026-10-07 20:16:32,True,COMPLETED,,2,,
ORD-20261007-06145,2026-10-07 20:16:58,False,CANCELLED,PAYMENT_FAILED,2,2026-10-07 20:17:29,2026-10-07 20:17:14
ORD-20261007-06146,2026-10-07 20:16:19,False,CANCELLED,PAYMENT_FAILED,1,2026-10-07 20:17:28,2026-10-07 20:17:15
ORD-20261007-06147,2026-10-07 20:16:06,True,COMPLETED,,1,,
ORD-20261007-06148,2026-10-07 20:16:50,False,CANCELLED,PAYMENT_FAILED,2,2026-10-07 20:17:20,
ORD-20261007-06149,2026-10-07 20:16:16,False,CANCELLED,PAYMENT_FAILED,1,2026-10-07 20:16:49,2026-10-07 20:16:32
ORD-20261007-06150,2026-10-07 20:16:42,False,COMPLETED,,1,,
ORD-20261007-06151,2026-10-07 20:16:45,True,COMPLETED,,2,,
ORD-20261007-06152,2026-10-07 20:16:58,True,COMPLETED,,2,,
ORD-20261007-06153,2026-10-07 20:16:55,True,COMPLETED,,2,,
ORD-20261007-06154,2026-10-07 20:16:01,False,COMPLETED,,1,,
ORD-20261007-06155,2026-10-07 20:16:54,True,CANCELLED,RIDER_REJECTION,2,2026-10-07 20:18:14,2026-10-07 20:18:00
ORD-20261007-06156,2026-10-07 20:16:30,False,COMPLETED,,2,,
ORD-20261007-06157,2026-10-07 20:16:51,True,COMPLETED,,1,,
ORD-20261007-06158,2026-10-07 20:16:25,True,COMPLETED,,2,,
ORD-20261007-06159,2026-10-07 20:16:54,True,COMPLETED,,1,,
ORD-20261007-06160,2026-10-07 20:16:12,False,CANCELLED,PAYMENT_FAILED,2,2026-10-07 20:17:12,
ORD-20261007-06161,2026-10-07 20:16:20,True,COMPLETED,,2,,
ORD-20261007-06162,2026-10-07 20:16:31,False,CANCELLED,PAYMENT_FAILED,1,2026-10-07 20:17:53,
ORD-20261007-06163,2026-10-07 20:16:18,True,COMPLETED,,2,,
ORD-20261007-06164,2026-10-07 20:16:09,False,CANCELLED,PAYMENT_FAILED,1,2026-10-07 20:17:03,
ORD-20261007-06165,2026-10-07 20:16:55,True,COMPLETED,,2,,
ORD-20261007-06166,2026-10-07 20:16:39,False,CANCELLED,PAYMENT_FAILED,2,2026-10-07 20:17:30,
ORD-20261007-06167,2026-10-07 20:16:21,False,CANCELLED,PAYMENT_FAILED,1,2026-10-07 20:17:30,2026-10-07 20:17:13
ORD-20261007-06168,2026-10-07 20:16:46,True,COMPLETED,,2,,
ORD-20261007-06169,2026-10-07 20:16:58,False,CANCELLED,PAYMENT_FAILED,2,2026-10-07 20:18:14,2026-10-07 20:18:01
ORD-20261007-06170,2026-10-07 20:16:00,True,COMPLETED,,1,,
ORD-20261007-06171,2026-10-07 20:16:53,True,COMPLETED,,2,,
ORD-20261007-06172,2026-10-07 20:16:33,True,COMPLETED,,2,,
ORD-20261007-06173,2026-10-07 20:16:50,False,CANCELLED,PAYMENT_FAILED,2,2026-10-07 20:17:37,2026-10-07 20:17:23
ORD-20261007-06174,2026-10-07 20:16:15,True,COMPLETED,,2,,
ORD-20261007-06175,2026-10-07 20:16:27,False,COMPLETED,,1,,
ORD-20261007-06176,2026-10-07 20:16:20,True,COMPLETED,,1,,
ORD-20261007-06177,2026-10-07 20:16:21,True,COMPLETED,,2,,
ORD-20261007-06178,2026-10-07 20:16:01,False,CANCELLED,PAYMENT_FAILED,2,2026-10-07 20:17:12,2026-10-07 20:16:48
ORD-20261007-06179,2026-10-07 20:16:14,True,COMPLETED,,2,,
ORD-20261007-06180,2026-10-07 20:16:40,True,COMPLETED,,2,,
ORD-20261007-06181,2026-10-07 20:16:24,False,COMPLETED,,1,,
ORD-20261007-06182,2026-10-07 20:16:08,False,CANCELLED,PAYMENT_FAILED,1,2026-10-07 20:16:53,
ORD-20261007-06183,2026-10-07 20:16:59,True,COMPLETED,,2,,
ORD-20261007-06184,2026-10-07 20:16:48,True,COMPLETED,,2,,
ORD-20261007-06185,2026-10-07 20:17:48,True,CANCELLED,DISPATCH_TIMEOUT,2,2026-10-07 20:19:13,2026-10-07 20:18:55
ORD-20261007-06186,2026-10-07 20:17:46,True,COMPLETED,,1,,
ORD-20261007-06187,2026-10-07 20:17:40,False,COMPLETED,,2,,
ORD-20261007-06188,2026-10-07 20:17:28,True,COMPLETED,,2,,
ORD-20261007-06189,2026-10-07 20:17:15,False,COMPLETED,,2,,
ORD-20261007-06190,2026-10-07 20:17:23,True,COMPLETED,,1,,
ORD-20261007-06191,2026-10-07 20:17:53,False,CANCELLED,PAYMENT_FAILED,1,2026-10-07 20:18:31,
ORD-20261007-06192,2026-10-07 20:17:23,True,COMPLETED,,1,,
ORD-20261007-06193,2026-10-07 20:17:14,True,CANCELLED,DISPATCH_TIMEOUT,2,2026-10-07 20:17:47,2026-10-07 20:17:26
ORD-20261007-06194,2026-10-07 20:17:42,False,COMPLETED,,2,,
ORD-20261007-06195,2026-10-07 20:17:19,True,COMPLETED,,1,,
ORD-20261007-06196,2026-10-07 20:17:57,True,COMPLETED,,2,,
ORD-20261007-06197,2026-10-07 20:17:04,False,CANCELLED,PAYMENT_FAILED,2,2026-10-07 20:18:09,2026-10-07 20:17:46
ORD-20261007-06198,2026-10-07 20:17:57,True,COMPLETED,,2,,
ORD-20261007-06199,2026-10-07 20:17:14,True,COMPLETED,,2,,
ORD-20261007-06200,2026-10-07 20:17:50,False,CANCELLED,PAYMENT_FAILED,2,2026-10-07 20:18:36,
ORD-20261007-06201,2026-10-07 20:17:21,True,COMPLETED,,1,,
ORD-20261007-06202,2026-10-07 20:17:09,True,COMPLETED,,2,,
ORD-20261007-06203,2026-10-07 20:17:43,True,CANCELLED,DISPATCH_TIMEOUT,2,2026-10-07 20:18:19,
ORD-20261007-06204,2026-10-07 20:17:01,True,COMPLETED,,1,,
ORD-20261007-06205,2026-10-07 20:17:04,True,COMPLETED,,2,,
ORD-20261007-06206,2026-10-07 20:17:37,True,COMPLETED,,2,,
ORD-20261007-06207,2026-10-07 20:17:59,True,COMPLETED,,1,,
ORD-20261007-06208,2026-10-07 20:17:29,True,COMPLETED,,2,,
ORD-20261007-06209,2026-10-07 20:17:06,True,COMPLETED,,2,,
ORD-20261007-06210,2026-10-07 20:17:43,True,COMPLETED,,1,,
ORD-20261007-06211,2026-10-07 20:17:24,True,COMPLETED,,2,,
ORD-20261007-06212,2026-10-07 20:17:29,True,COMPLETED,,1,,
ORD-20261007-06213,2026-10-07 20:17:40,False,COMPLETED,,1,,
ORD-20261007-06214,2026-10-07 20:17:36,True,COMPLETED,,1,,
ORD-20261007-06215,2026-10-07 20:17:41,True,COMPLETED,,1,,
ORD-20261007-06216,2026-10-07 20:17:42,False,CANCELLED,PAYMENT_FAILED,2,2026-10-07 20:19:05,2026-10-07 20:18:52
ORD-20261007-06217,2026-10-07 20:17:52,False,CANCELLED,PAYMENT_FAILED,1,2026-10-07 20:18:40,2026-10-07 20:18:21
ORD-20261007-06218,2026-10-07 20:17:50,True,COMPLETED,,1,,
ORD-20261007-06219,2026-10-07 20:17:15,True,COMPLETED,,2,,
ORD-20261007-06220,2026-10-07 20:17:46,False,CANCELLED,PAYMENT_FAILED,1,2026-10-07 20:18:18,2026-10-07 20:17:59
ORD-20261007-06221,2026-10-07 20:17:57,True,COMPLETED,,2,,
ORD-20261007-06222,2026-10-07 20:17:05,True,COMPLETED,,2,,
ORD-20261007-06223,2026-10-07 20:17:39,True,COMPLETED,,2,,
ORD-20261007-06224,2026-10-07 20:17:10,False,CANCELLED,PAYMENT_FAILED,2,2026-10-07 20:18:28,2026-10-07 20:18:08
ORD-20261007-06225,2026-10-07 20:17:45,True,COMPLETED,,2,,
ORD-20261007-06226,2026-10-07 20:17:49,True,COMPLETED,,1,,
ORD-20261007-06227,2026-10-07 20:18:38,True,COMPLETED,,1,,
ORD-20261007-06228,2026-10-07 20:18:31,True,COMPLETED,,2,,
ORD-20261007-06229,2026-10-07 20:18:30,False,COMPLETED,,1,,
ORD-20261007-06230,2026-10-07 20:18:39,True,COMPLETED,,1,,
ORD-20261007-06231,2026-10-07 20:18:39,True,CANCELLED,DISPATCH_TIMEOUT,1,2026-10-07 20:19:16,
ORD-20261007-06232,2026-10-07 20:18:48,True,COMPLETED,,2,,
ORD-20261007-06233,2026-10-07 20:18:10,False,CANCELLED,PAYMENT_FAILED,2,2026-10-07 20:19:26,
ORD-20261007-06234,2026-10-07 20:18:48,False,CANCELLED,PAYMENT_FAILED,2,2026-10-07 20:19:53,2026-10-07 20:19:30
ORD-20261007-06235,2026-10-07 20:18:48,False,CANCELLED,PAYMENT_FAILED,1,2026-10-07 20:19:49,
ORD-20261007-06236,2026-10-07 20:18:03,False,CANCELLED,PAYMENT_FAILED,2,2026-10-07 20:19:15,2026-10-07 20:18:57
ORD-20261007-06237,2026-10-07 20:18:54,True,COMPLETED,,1,,
ORD-20261007-06238,2026-10-07 20:18:20,False,CANCELLED,PAYMENT_FAILED,2,2026-10-07 20:19:03,2026-10-07 20:18:44
ORD-20261007-06239,2026-10-07 20:18:06,False,CANCELLED,PAYMENT_FAILED,2,2026-10-07 20:18:53,2026-10-07 20:18:35
ORD-20261007-06240,2026-10-07 20:18:17,False,COMPLETED,,1,,
ORD-20261007-06241,2026-10-07 20:18:24,True,COMPLETED,,2,,
ORD-20261007-06242,2026-10-07 20:18:59,False,CANCELLED,PAYMENT_FAILED,1,2026-10-07 20:20:10,2026-10-07 20:19:53
ORD-20261007-06243,2026-10-07 20:18:47,False,CANCELLED,PAYMENT_FAILED,2,2026-10-07 20:19:21,2026-10-07 20:19:05
ORD-20261007-06244,2026-10-07 20:18:22,True,COMPLETED,,2,,
ORD-20261007-06245,2026-10-07 20:18:13,True,COMPLETED,,1,,
ORD-20261007-06246,2026-10-07 20:18:12,False,CANCELLED,PAYMENT_FAILED,1,2026-10-07 20:18:47,2026-10-07 20:18:35
ORD-20261007-06247,2026-10-07 20:18:39,False,CANCELLED,PAYMENT_FAILED,2,2026-10-07 20:19:35,2026-10-07 20:19:20
ORD-20261007-06248,2026-10-07 20:18:21,False,CANCELLED,PAYMENT_FAILED,2,2026-10-07 20:19:42,
ORD-20261007-06249,2026-10-07 20:18:18,False,COMPLETED,,1,,
ORD-20261007-06250,2026-10-07 20:18:08,False,CANCELLED,PAYMENT_FAILED,1,2026-10-07 20:19:11,
ORD-20261007-06251,2026-10-07 20:18:55,False,COMPLETED,,1,,
ORD-20261007-06252,2026-10-07 20:18:18,False,COMPLETED,,2,,
ORD-20261007-06253,2026-10-07 20:18:19,True,COMPLETED,,1,,
ORD-20261007-06254,2026-10-07 20:18:59,True,COMPLETED,,2,,
ORD-20261007-06255,2026-10-07 20:18:31,True,COMPLETED,,1,,
ORD-20261007-06256,2026-10-07 20:18:33,True,CANCELLED,RIDER_REJECTION,2,2026-10-07 20:19:44,
ORD-20261007-06257,2026-10-07 20:18:20,False,CANCELLED,PAYMENT_FAILED,2,2026-10-07 20:18:54,2026-10-07 20:18:43
ORD-20261007-06258,2026-10-07 20:18:09,True,COMPLETED,,2,,
ORD-20261007-06259,2026-10-07 20:18:32,False,COMPLETED,,2,,
ORD-20261007-06260,2026-10-07 20:18:29,False,CANCELLED,PAYMENT_FAILED,2,2026-10-07 20:19:09,2026-10-07 20:18:53
ORD-20261007-06261,2026-10-07 20:18:41,True,COMPLETED,,1,,
ORD-20261007-06262,2026-10-07 20:18:44,False,CANCELLED,PAYMENT_FAILED,1,2026-10-07 20:19:27,2026-10-07 20:19:17
ORD-20261007-06263,2026-10-07 20:18:15,True,COMPLETED,,2,,
ORD-20261007-06264,2026-10-07 20:18:03,False,CANCELLED,PAYMENT_FAILED,2,2026-10-07 20:18:38,2026-10-07 20:18:21
ORD-20261007-06265,2026-10-07 20:18:53,False,CANCELLED,PAYMENT_FAILED,2,2026-10-07 20:19:44,2026-10-07 20:19:32
ORD-20261007-06266,2026-10-07 20:18:49,False,CANCELLED,PAYMENT_FAILED,1,2026-10-07 20:19:57,
ORD-20261007-06267,2026-10-07 20:18:51,True,COMPLETED,,2,,
ORD-20261007-06268,2026-10-07 20:18:21,True,COMPLETED,,2,,
ORD-20261007-06269,2026-10-07 20:18:30,True,COMPLETED,,1,,
ORD-20261007-06270,2026-10-07 20:18:17,False,CANCELLED,PAYMENT_FAILED,2,2026-10-07 20:19:05,2026-10-07 20:18:43
ORD-20261007-06271,2026-10-07 20:19:15,True,CANCELLED,DISPATCH_TIMEOUT,1,2026-10-07 20:20:40,
ORD-20261007-06272,2026-10-07 20:19:01,False,CANCELLED,PAYMENT_FAILED,1,2026-10-07 20:20:03,
ORD-20261007-06273,2026-10-07 20:19:05,False,COMPLETED,,2,,
ORD-20261007-06274,2026-10-07 20:19:39,True,COMPLETED,,1,,
ORD-20261007-06275,2026-10-07 20:19:11,True,COMPLETED,,2,,
ORD-20261007-06276,2026-10-07 20:19:01,False,CANCELLED,PAYMENT_FAILED,1,2026-10-07 20:19:54,2026-10-07 20:19:33
ORD-20261007-06277,2026-10-07 20:19:05,True,COMPLETED,,1,,
ORD-20261007-06278,2026-10-07 20:19:37,True,COMPLETED,,2,,
ORD-20261007-06279,2026-10-07 20:19:27,True,COMPLETED,,2,,
ORD-20261007-06280,2026-10-07 20:19:46,True,COMPLETED,,2,,
ORD-20261007-06281,2026-10-07 20:19:31,False,COMPLETED,,1,,
ORD-20261007-06282,2026-10-07 20:19:50,False,CANCELLED,PAYMENT_FAILED,2,2026-10-07 20:21:19,2026-10-07 20:21:04
ORD-20261007-06283,2026-10-07 20:19:49,True,COMPLETED,,1,,
ORD-20261007-06284,2026-10-07 20:19:36,False,CANCELLED,PAYMENT_FAILED,2,2026-10-07 20:20:55,
ORD-20261007-06285,2026-10-07 20:19:36,False,CANCELLED,PAYMENT_FAILED,2,2026-10-07 20:20:12,
ORD-20261007-06286,2026-10-07 20:19:56,True,COMPLETED,,1,,
ORD-20261007-06287,2026-10-07 20:19:05,True,COMPLETED,,2,,
ORD-20261007-06288,2026-10-07 20:19:36,True,COMPLETED,,1,,
ORD-20261007-06289,2026-10-07 20:19:58,False,CANCELLED,PAYMENT_FAILED,1,2026-10-07 20:20:35,2026-10-07 20:20:22
ORD-20261007-06290,2026-10-07 20:19:15,False,CANCELLED,PAYMENT_FAILED,2,2026-10-07 20:20:12,2026-10-07 20:19:58
ORD-20261007-06291,2026-10-07 20:19:23,True,COMPLETED,,2,,
ORD-20261007-06292,2026-10-07 20:19:08,True,COMPLETED,,1,,
ORD-20261007-06293,2026-10-07 20:19:50,False,CANCELLED,PAYMENT_FAILED,2,2026-10-07 20:20:33,
ORD-20261007-06294,2026-10-07 20:19:56,False,CANCELLED,PAYMENT_FAILED,2,2026-10-07 20:20:35,2026-10-07 20:20:12
ORD-20261007-06295,2026-10-07 20:19:15,True,COMPLETED,,2,,
ORD-20261007-06296,2026-10-07 20:19:11,True,COMPLETED,,2,,
ORD-20261007-06297,2026-10-07 20:19:40,True,COMPLETED,,1,,
ORD-20261007-06298,2026-10-07 20:19:26,False,CANCELLED,PAYMENT_FAILED,2,2026-10-07 20:20:41,
ORD-20261007-06299,2026-10-07 20:19:45,True,COMPLETED,,2,,
ORD-20261007-06300,2026-10-07 20:19:27,True,COMPLETED,,2,,
ORD-20261007-06301,2026-10-07 20:19:14,False,CANCELLED,PAYMENT_FAILED,2,2026-10-07 20:20:05,2026-10-07 20:19:53
ORD-20261007-06302,2026-10-07 20:19:00,True,CANCELLED,DISPATCH_TIMEOUT,2,2026-10-07 20:20:27,2026-10-07 20:20:16
ORD-20261007-06303,2026-10-07 20:19:12,True,COMPLETED,,2,,
ORD-20261007-06304,2026-10-07 20:19:03,True,COMPLETED,,2,,
ORD-20261007-06305,2026-10-07 20:19:15,True,COMPLETED,,1,,
ORD-20261007-06306,2026-10-07 20:19:43,True,COMPLETED,,2,,
ORD-20261007-06307,2026-10-07 20:19:45,True,COMPLETED,,1,,
ORD-20261007-06308,2026-10-07 20:19:16,False,COMPLETED,,1,,
ORD-20261007-06309,2026-10-07 20:19:49,True,COMPLETED,,1,,
ORD-20261007-06310,2026-10-07 20:19:16,True,COMPLETED,,1,,
ORD-20261007-06311,2026-10-07 20:19:07,True,COMPLETED,,1,,
ORD-20261007-06312,2026-10-07 20:19:24,True,COMPLETED,,2,,
ORD-20261007-06313,2026-10-07 20:19:22,True,COMPLETED,,2,,
ORD-20261007-06314,2026-10-07 20:19:57,True,COMPLETED,,1,,
ORD-20261007-06315,2026-10-07 20:19:11,True,COMPLETED,,2,,
ORD-20261007-06316,2026-10-07 20:20:45,False,CANCELLED,PAYMENT_FAILED,1,2026-10-07 20:22:05,
ORD-20261007-06317,2026-10-07 20:20:47,False,COMPLETED,,1,,
ORD-20261007-06318,2026-10-07 20:20:09,True,COMPLETED,,1,,
ORD-20261007-06319,2026-10-07 20:20:41,False,CANCELLED,PAYMENT_FAILED,2,2026-10-07 20:21:14,2026-10-07 20:20:59
ORD-20261007-06320,2026-10-07 20:20:29,True,COMPLETED,,1,,
ORD-20261007-06321,2026-10-07 20:20:55,True,COMPLETED,,1,,
ORD-20261007-06322,2026-10-07 20:20:41,False,CANCELLED,PAYMENT_FAILED,1,2026-10-07 20:21:29,
ORD-20261007-06323,2026-10-07 20:20:19,False,CANCELLED,PAYMENT_FAILED,1,2026-10-07 20:21:09,
ORD-20261007-06324,2026-10-07 20:20:28,True,COMPLETED,,1,,
ORD-20261007-06325,2026-10-07 20:20:16,True,COMPLETED,,2,,
ORD-20261007-06326,2026-10-07 20:20:16,True,COMPLETED,,2,,
ORD-20261007-06327,2026-10-07 20:20:31,False,CANCELLED,PAYMENT_FAILED,1,2026-10-07 20:21:08,2026-10-07 20:20:55
ORD-20261007-06328,2026-10-07 20:20:28,True,COMPLETED,,2,,
ORD-20261007-06329,2026-10-07 20:20:24,True,COMPLETED,,1,,
ORD-20261007-06330,2026-10-07 20:20:17,True,COMPLETED,,1,,
ORD-20261007-06331,2026-10-07 20:20:21,True,COMPLETED,,1,,
ORD-20261007-06332,2026-10-07 20:20:13,False,CANCELLED,PAYMENT_FAILED,2,2026-10-07 20:21:15,
ORD-20261007-06333,2026-10-07 20:20:12,False,COMPLETED,,1,,
ORD-20261007-06334,2026-10-07 20:20:19,False,CANCELLED,PAYMENT_FAILED,2,2026-10-07 20:20:49,2026-10-07 20:20:34
ORD-20261007-06335,2026-10-07 20:20:50,False,CANCELLED,PAYMENT_FAILED,1,2026-10-07 20:21:34,2026-10-07 20:21:22
ORD-20261007-06336,2026-10-07 20:20:56,False,CANCELLED,PAYMENT_FAILED,1,2026-10-07 20:21:54,2026-10-07 20:21:44
ORD-20261007-06337,2026-10-07 20:20:25,False,CANCELLED,PAYMENT_FAILED,2,2026-10-07 20:21:45,2026-10-07 20:21:34
ORD-20261007-06338,2026-10-07 20:20:22,True,CANCELLED,RIDER_REJECTION,1,2026-10-07 20:20:52,
ORD-20261007-06339,2026-10-07 20:20:03,False,CANCELLED,PAYMENT_FAILED,2,2026-10-07 20:21:25,
ORD-20261007-06340,2026-10-07 20:20:29,False,COMPLETED,,2,,
ORD-20261007-06341,2026-10-07 20:20:12,False,CANCELLED,PAYMENT_FAILED,2,2026-10-07 20:21:01,2026-10-07 20:20:37
ORD-20261007-06342,2026-10-07 20:20:36,False,CANCELLED,PAYMENT_FAILED,1,2026-10-07 20:21:32,2026-10-07 20:21:12
ORD-20261007-06343,2026-10-07 20:20:35,True,COMPLETED,,1,,
ORD-20261007-06344,2026-10-07 20:20:02,False,COMPLETED,,1,,
ORD-20261007-06345,2026-10-07 20:20:41,True,COMPLETED,,1,,
ORD-20261007-06346,2026-10-07 20:20:09,False,CANCELLED,PAYMENT_FAILED,2,2026-10-07 20:21:00,2026-10-07 20:20:45
ORD-20261007-06347,2026-10-07 20:20:51,True,COMPLETED,,1,,
ORD-20261007-06348,2026-10-07 20:20:25,False,CANCELLED,PAYMENT_FAILED,2,2026-10-07 20:20:58,
ORD-20261007-06349,2026-10-07 20:20:33,True,COMPLETED,,1,,
ORD-20261007-06350,2026-10-07 20:20:15,True,COMPLETED,,2,,
ORD-20261007-06351,2026-10-07 20:20:53,False,CANCELLED,PAYMENT_FAILED,2,2026-10-07 20:22:17,2026-10-07 20:22:04
ORD-20261007-06352,2026-10-07 20:20:28,True,COMPLETED,,1,,
ORD-20261007-06353,2026-10-07 20:20:29,False,CANCELLED,PAYMENT_FAILED,2,2026-10-07 20:21:42,
ORD-20261007-06354,2026-10-07 20:20:18,True,COMPLETED,,1,,
ORD-20261007-06355,2026-10-07 20:20:22,True,COMPLETED,,2,,
ORD-20261007-06356,2026-10-07 20:20:18,False,CANCELLED,PAYMENT_FAILED,1,2026-10-07 20:21:27,2026-10-07 20:21:03
ORD-20261007-06357,2026-10-07 20:20:31,True,COMPLETED,,1,,
ORD-20261007-06358,2026-10-07 20:20:02,False,COMPLETED,,2,,
ORD-20261007-06359,2026-10-07 20:20:24,False,COMPLETED,,1,,
ORD-20261007-06360,2026-10-07 20:20:46,True,CANCELLED,DISPATCH_TIMEOUT,2,2026-10-07 20:21:26,2026-10-07 20:21:15
ORD-20261007-06361,2026-10-07 20:20:39,True,CANCELLED,RIDER_REJECTION,1,2026-10-07 20:21:14,
ORD-20261007-06362,2026-10-07 20:20:55,True,COMPLETED,,2,,
ORD-20261007-06363,2026-10-07 20:20:43,True,COMPLETED,,1,,
ORD-20261007-06364,2026-10-07 20:21:11,False,CANCELLED,PAYMENT_FAILED,1,2026-10-07 20:22:29,
ORD-20261007-06365,2026-10-07 20:21:43,True,COMPLETED,,2,,
ORD-20261007-06366,2026-10-07 20:21:23,False,CANCELLED,PAYMENT_FAILED,1,2026-10-07 20:22:02,2026-10-07 20:21:46
ORD-20261007-06367,2026-10-07 20:21:28,True,COMPLETED,,2,,
ORD-20261007-06368,2026-10-07 20:21:01,False,CANCELLED,PAYMENT_FAILED,2,2026-10-07 20:22:14,2026-10-07 20:22:03
ORD-20261007-06369,2026-10-07 20:21:36,False,CANCELLED,PAYMENT_FAILED,2,2026-10-07 20:22:41,2026-10-07 20:22:19
ORD-20261007-06370,2026-10-07 20:21:36,False,COMPLETED,,2,,
ORD-20261007-06371,2026-10-07 20:21:50,False,CANCELLED,PAYMENT_FAILED,2,2026-10-07 20:22:34,2026-10-07 20:22:13
ORD-20261007-06372,2026-10-07 20:21:04,True,CANCELLED,DISPATCH_TIMEOUT,1,2026-10-07 20:21:41,2026-10-07 20:21:30
ORD-20261007-06373,2026-10-07 20:21:11,False,CANCELLED,PAYMENT_FAILED,2,2026-10-07 20:22:06,2026-10-07 20:21:46
ORD-20261007-06374,2026-10-07 20:21:22,False,COMPLETED,,2,,
ORD-20261007-06375,2026-10-07 20:21:14,True,COMPLETED,,2,,
ORD-20261007-06376,2026-10-07 20:21:44,False,COMPLETED,,2,,
ORD-20261007-06377,2026-10-07 20:21:05,True,COMPLETED,,2,,
ORD-20261007-06378,2026-10-07 20:21:15,True,COMPLETED,,1,,
ORD-20261007-06379,2026-10-07 20:21:37,False,CANCELLED,PAYMENT_FAILED,2,2026-10-07 20:22:16,
ORD-20261007-06380,2026-10-07 20:21:49,False,COMPLETED,,1,,
ORD-20261007-06381,2026-10-07 20:21:31,True,COMPLETED,,2,,
ORD-20261007-06382,2026-10-07 20:21:32,True,COMPLETED,,2,,
ORD-20261007-06383,2026-10-07 20:21:42,True,COMPLETED,,2,,
ORD-20261007-06384,2026-10-07 20:21:11,False,CANCELLED,PAYMENT_FAILED,1,2026-10-07 20:22:22,2026-10-07 20:22:11
ORD-20261007-06385,2026-10-07 20:21:43,False,CANCELLED,PAYMENT_FAILED,2,2026-10-07 20:22:50,2026-10-07 20:22:26
ORD-20261007-06386,2026-10-07 20:21:01,True,COMPLETED,,2,,
ORD-20261007-06387,2026-10-07 20:21:32,False,CANCELLED,PAYMENT_FAILED,1,2026-10-07 20:22:34,
ORD-20261007-06388,2026-10-07 20:21:17,False,CANCELLED,PAYMENT_FAILED,2,2026-10-07 20:22:36,
ORD-20261007-06389,2026-10-07 20:21:53,True,COMPLETED,,2,,
ORD-20261007-06390,2026-10-07 20:21:30,False,CANCELLED,PAYMENT_FAILED,1,2026-10-07 20:22:50,2026-10-07 20:22:26
ORD-20261007-06391,2026-10-07 20:21:09,True,COMPLETED,,2,,
ORD-20261007-06392,2026-10-07 20:21:26,True,COMPLETED,,1,,
ORD-20261007-06393,2026-10-07 20:21:17,True,COMPLETED,,1,,
ORD-20261007-06394,2026-10-07 20:21:01,True,COMPLETED,,1,,
ORD-20261007-06395,2026-10-07 20:21:03,False,COMPLETED,,1,,
ORD-20261007-06396,2026-10-07 20:21:36,True,COMPLETED,,2,,
ORD-20261007-06397,2026-10-07 20:21:31,False,COMPLETED,,1,,
ORD-20261007-06398,2026-10-07 20:21:18,True,COMPLETED,,1,,
ORD-20261007-06399,2026-10-07 20:21:15,True,COMPLETED,,1,,
ORD-20261007-06400,2026-10-07 20:21:50,True,COMPLETED,,2,,
ORD-20261007-06401,2026-10-07 20:21:31,True,COMPLETED,,1,,
ORD-20261007-06402,2026-10-07 20:21:50,True,COMPLETED,,2,,
ORD-20261007-06403,2026-10-07 20:21:15,False,CANCELLED,PAYMENT_FAILED,1,2026-10-07 20:22:23,
ORD-20261007-06404,2026-10-07 20:21:24,True,COMPLETED,,2,,
ORD-20261007-06405,2026-10-07 20:21:16,True,COMPLETED,,1,,
ORD-20261007-06406,2026-10-07 20:21:37,True,COMPLETED,,1,,
ORD-20261007-06407,2026-10-07 20:22:48,False,CANCELLED,PAYMENT_FAILED,1,2026-10-07 20:23:41,2026-10-07 20:23:25
ORD-20261007-06408,2026-10-07 20:22:29,False,COMPLETED,,2,,
ORD-20261007-06409,2026-10-07 20:22:32,True,COMPLETED,,2,,
ORD-20261007-06410,2026-10-07 20:22:01,True,COMPLETED,,1,,
ORD-20261007-06411,2026-10-07 20:22:20,True,COMPLETED,,2,,
ORD-20261007-06412,2026-10-07 20:22:34,False,CANCELLED,PAYMENT_FAILED,1,2026-10-07 20:23:57,
ORD-20261007-06413,2026-10-07 20:22:16,True,COMPLETED,,1,,
ORD-20261007-06414,2026-10-07 20:22:21,False,CANCELLED,PAYMENT_FAILED,2,2026-10-07 20:23:26,2026-10-07 20:23:09
ORD-20261007-06415,2026-10-07 20:22:19,True,COMPLETED,,1,,
ORD-20261007-06416,2026-10-07 20:22:27,True,COMPLETED,,1,,
ORD-20261007-06417,2026-10-07 20:22:18,True,COMPLETED,,1,,
ORD-20261007-06418,2026-10-07 20:22:13,True,COMPLETED,,2,,
ORD-20261007-06419,2026-10-07 20:22:52,False,CANCELLED,PAYMENT_FAILED,2,2026-10-07 20:24:18,
ORD-20261007-06420,2026-10-07 20:22:25,True,COMPLETED,,2,,
ORD-20261007-06421,2026-10-07 20:22:06,True,COMPLETED,,1,,
ORD-20261007-06422,2026-10-07 20:22:36,True,COMPLETED,,1,,
ORD-20261007-06423,2026-10-07 20:22:07,False,CANCELLED,PAYMENT_FAILED,2,2026-10-07 20:22:50,
ORD-20261007-06424,2026-10-07 20:22:00,True,COMPLETED,,1,,
ORD-20261007-06425,2026-10-07 20:22:27,False,COMPLETED,,1,,
ORD-20261007-06426,2026-10-07 20:22:34,False,COMPLETED,,1,,
ORD-20261007-06427,2026-10-07 20:22:35,True,COMPLETED,,2,,
ORD-20261007-06428,2026-10-07 20:22:52,True,COMPLETED,,2,,
ORD-20261007-06429,2026-10-07 20:22:59,True,COMPLETED,,1,,
ORD-20261007-06430,2026-10-07 20:22:36,False,COMPLETED,,2,,
ORD-20261007-06431,2026-10-07 20:22:12,True,COMPLETED,,2,,
ORD-20261007-06432,2026-10-07 20:22:42,True,COMPLETED,,1,,
ORD-20261007-06433,2026-10-07 20:22:43,True,COMPLETED,,1,,
ORD-20261007-06434,2026-10-07 20:22:02,True,COMPLETED,,1,,
ORD-20261007-06435,2026-10-07 20:22:07,False,CANCELLED,PAYMENT_FAILED,2,2026-10-07 20:22:56,2026-10-07 20:22:45
ORD-20261007-06436,2026-10-07 20:22:18,True,COMPLETED,,1,,
ORD-20261007-06437,2026-10-07 20:22:13,False,CANCELLED,PAYMENT_FAILED,1,2026-10-07 20:23:12,
ORD-20261007-06438,2026-10-07 20:22:58,False,CANCELLED,PAYMENT_FAILED,2,2026-10-07 20:24:07,2026-10-07 20:23:46
ORD-20261007-06439,2026-10-07 20:22:29,False,CANCELLED,PAYMENT_FAILED,2,2026-10-07 20:23:14,
ORD-20261007-06440,2026-10-07 20:22:11,True,COMPLETED,,1,,
ORD-20261007-06441,2026-10-07 20:22:51,True,COMPLETED,,1,,
ORD-20261007-06442,2026-10-07 20:22:37,True,COMPLETED,,2,,
ORD-20261007-06443,2026-10-07 20:22:29,False,COMPLETED,,1,,
ORD-20261007-06444,2026-10-07 20:22:01,False,CANCELLED,PAYMENT_FAILED,2,2026-10-07 20:22:41,2026-10-07 20:22:19
ORD-20261007-06445,2026-10-07 20:22:38,False,CANCELLED,PAYMENT_FAILED,2,2026-10-07 20:23:29,2026-10-07 20:23:16
ORD-20261007-06446,2026-10-07 20:22:07,False,COMPLETED,,1,,
ORD-20261007-06447,2026-10-07 20:22:16,False,COMPLETED,,1,,
ORD-20261007-06448,2026-10-07 20:22:22,False,COMPLETED,,1,,
ORD-20261007-06449,2026-10-07 20:22:15,True,COMPLETED,,2,,
ORD-20261007-06450,2026-10-07 20:23:57,True,CANCELLED,DISPATCH_TIMEOUT,1,2026-10-07 20:24:59,
ORD-20261007-06451,2026-10-07 20:23:06,True,COMPLETED,,2,,
ORD-20261007-06452,2026-10-07 20:23:06,False,COMPLETED,,1,,
ORD-20261007-06453,2026-10-07 20:23:25,True,COMPLETED,,2,,
ORD-20261007-06454,2026-10-07 20:23:47,False,COMPLETED,,2,,
ORD-20261007-06455,2026-10-07 20:23:31,False,CANCELLED,PAYMENT_FAILED,2,2026-10-07 20:24:19,
ORD-20261007-06456,2026-10-07 20:23:57,False,CANCELLED,PAYMENT_FAILED,1,2026-10-07 20:24:56,
ORD-20261007-06457,2026-10-07 20:23:39,False,CANCELLED,PAYMENT_FAILED,1,2026-10-07 20:24:58,
ORD-20261007-06458,2026-10-07 20:23:10,False,CANCELLED,PAYMENT_FAILED,1,2026-10-07 20:24:00,
ORD-20261007-06459,2026-10-07 20:23:04,True,COMPLETED,,2,,
ORD-20261007-06460,2026-10-07 20:23:19,True,CANCELLED,RIDER_REJECTION,2,2026-10-07 20:24:39,2026-10-07 20:24:21
ORD-20261007-06461,2026-10-07 20:23:24,True,COMPLETED,,2,,
ORD-20261007-06462,2026-10-07 20:23:03,True,COMPLETED,,1,,
ORD-20261007-06463,2026-10-07 20:23:44,True,COMPLETED,,1,,
ORD-20261007-06464,2026-10-07 20:23:26,True,COMPLETED,,1,,
ORD-20261007-06465,2026-10-07 20:23:48,False,CANCELLED,PAYMENT_FAILED,1,2026-10-07 20:25:09,
ORD-20261007-06466,2026-10-07 20:23:09,True,COMPLETED,,2,,
ORD-20261007-06467,2026-10-07 20:23:46,False,CANCELLED,PAYMENT_FAILED,2,2026-10-07 20:25:01,
ORD-20261007-06468,2026-10-07 20:23:09,True,COMPLETED,,1,,
ORD-20261007-06469,2026-10-07 20:23:19,True,COMPLETED,,1,,
ORD-20261007-06470,2026-10-07 20:23:46,True,COMPLETED,,2,,
ORD-20261007-06471,2026-10-07 20:23:44,True,COMPLETED,,2,,
ORD-20261007-06472,2026-10-07 20:23:32,True,COMPLETED,,2,,
ORD-20261007-06473,2026-10-07 20:23:03,False,CANCELLED,PAYMENT_FAILED,2,2026-10-07 20:23:42,
ORD-20261007-06474,2026-10-07 20:23:05,False,CANCELLED,PAYMENT_FAILED,1,2026-10-07 20:23:47,2026-10-07 20:23:23
ORD-20261007-06475,2026-10-07 20:23:24,True,COMPLETED,,2,,
ORD-20261007-06476,2026-10-07 20:23:57,True,COMPLETED,,1,,
ORD-20261007-06477,2026-10-07 20:23:12,False,CANCELLED,PAYMENT_FAILED,1,2026-10-07 20:23:42,
ORD-20261007-06478,2026-10-07 20:23:02,True,COMPLETED,,2,,
ORD-20261007-06479,2026-10-07 20:23:26,True,COMPLETED,,2,,
ORD-20261007-06480,2026-10-07 20:23:51,False,COMPLETED,,2,,
ORD-20261007-06481,2026-10-07 20:23:43,False,CANCELLED,PAYMENT_FAILED,2,2026-10-07 20:24:14,
ORD-20261007-06482,2026-10-07 20:23:13,True,COMPLETED,,2,,
ORD-20261007-06483,2026-10-07 20:23:33,False,COMPLETED,,1,,
ORD-20261007-06484,2026-10-07 20:23:47,True,COMPLETED,,2,,
ORD-20261007-06485,2026-10-07 20:23:16,True,CANCELLED,DISPATCH_TIMEOUT,2,2026-10-07 20:24:00,2026-10-07 20:23:48
ORD-20261007-06486,2026-10-07 20:23:04,False,COMPLETED,,2,,
ORD-20261007-06487,2026-10-07 20:23:38,True,COMPLETED,,1,,
ORD-20261007-06488,2026-10-07 20:23:54,False,CANCELLED,PAYMENT_FAILED,2,2026-10-07 20:24:32,2026-10-07 20:24:18
ORD-20261007-06489,2026-10-07 20:23:01,False,CANCELLED,PAYMENT_FAILED,1,2026-10-07 20:24:18,2026-10-07 20:23:57
ORD-20261007-06490,2026-10-07 20:23:25,True,COMPLETED,,2,,
ORD-20261007-06491,2026-10-07 20:23:56,False,CANCELLED,PAYMENT_FAILED,2,2026-10-07 20:25:10,
ORD-20261007-06492,2026-10-07 20:23:20,False,CANCELLED,PAYMENT_FAILED,1,2026-10-07 20:24:48,
ORD-20261007-06493,2026-10-07 20:23:54,False,COMPLETED,,2,,
ORD-20261007-06494,2026-10-07 20:24:14,False,CANCELLED,PAYMENT_FAILED,2,2026-10-07 20:24:52,
ORD-20261007-06495,2026-10-07 20:24:02,True,CANCELLED,DISPATCH_TIMEOUT,1,2026-10-07 20:24:36,
ORD-20261007-06496,2026-10-07 20:24:59,True,COMPLETED,,2,,
ORD-20261007-06497,2026-10-07 20:24:31,False,CANCELLED,PAYMENT_FAILED,1,2026-10-07 20:25:46,2026-10-07 20:25:30
ORD-20261007-06498,2026-10-07 20:24:11,True,COMPLETED,,1,,
ORD-20261007-06499,2026-10-07 20:24:02,True,COMPLETED,,2,,
ORD-20261007-06500,2026-10-07 20:24:36,True,COMPLETED,,2,,
ORD-20261007-06501,2026-10-07 20:24:25,True,COMPLETED,,1,,
ORD-20261007-06502,2026-10-07 20:24:00,True,COMPLETED,,2,,
ORD-20261007-06503,2026-10-07 20:24:57,False,CANCELLED,PAYMENT_FAILED,2,2026-10-07 20:26:15,2026-10-07 20:26:05
ORD-20261007-06504,2026-10-07 20:24:10,True,COMPLETED,,1,,
ORD-20261007-06505,2026-10-07 20:24:35,True,COMPLETED,,1,,
ORD-20261007-06506,2026-10-07 20:24:24,True,COMPLETED,,1,,
ORD-20261007-06507,2026-10-07 20:24:34,True,COMPLETED,,1,,
ORD-20261007-06508,2026-10-07 20:24:35,True,COMPLETED,,2,,
ORD-20261007-06509,2026-10-07 20:24:37,True,COMPLETED,,1,,
ORD-20261007-06510,2026-10-07 20:24:43,False,CANCELLED,PAYMENT_FAILED,1,2026-10-07 20:26:02,
ORD-20261007-06511,2026-10-07 20:24:22,True,COMPLETED,,2,,
ORD-20261007-06512,2026-10-07 20:24:56,True,COMPLETED,,2,,
ORD-20261007-06513,2026-10-07 20:24:32,True,COMPLETED,,2,,
ORD-20261007-06514,2026-10-07 20:24:09,True,CANCELLED,DISPATCH_TIMEOUT,1,2026-10-07 20:25:33,2026-10-07 20:25:15
ORD-20261007-06515,2026-10-07 20:24:01,True,COMPLETED,,2,,
ORD-20261007-06516,2026-10-07 20:24:37,True,COMPLETED,,2,,
ORD-20261007-06517,2026-10-07 20:24:10,True,COMPLETED,,2,,
ORD-20261007-06518,2026-10-07 20:24:20,True,COMPLETED,,1,,
ORD-20261007-06519,2026-10-07 20:24:43,True,COMPLETED,,2,,
ORD-20261007-06520,2026-10-07 20:24:01,True,COMPLETED,,2,,
ORD-20261007-06521,2026-10-07 20:24:23,False,CANCELLED,PAYMENT_FAILED,2,2026-10-07 20:25:22,2026-10-07 20:24:59
ORD-20261007-06522,2026-10-07 20:24:01,True,COMPLETED,,1,,
ORD-20261007-06523,2026-10-07 20:24:04,True,COMPLETED,,1,,
ORD-20261007-06524,2026-10-07 20:24:40,False,COMPLETED,,2,,
ORD-20261007-06525,2026-10-07 20:24:22,True,COMPLETED,,2,,
ORD-20261007-06526,2026-10-07 20:24:31,True,COMPLETED,,1,,
ORD-20261007-06527,2026-10-07 20:24:20,True,COMPLETED,,1,,
ORD-20261007-06528,2026-10-07 20:24:40,True,COMPLETED,,2,,
ORD-20261007-06529,2026-10-07 20:24:56,False,COMPLETED,,2,,
ORD-20261007-06530,2026-10-07 20:24:26,True,COMPLETED,,2,,
ORD-20261007-06531,2026-10-07 20:24:12,True,COMPLETED,,1,,
ORD-20261007-06532,2026-10-07 20:24:04,True,COMPLETED,,1,,
ORD-20261007-06533,2026-10-07 20:24:27,True,COMPLETED,,1,,
ORD-20261007-06534,2026-10-07 20:24:55,False,CANCELLED,PAYMENT_FAILED,2,2026-10-07 20:26:12,2026-10-07 20:25:51
ORD-20261007-06535,2026-10-07 20:24:18,False,CANCELLED,PAYMENT_FAILED,2,2026-10-07 20:25:26,2026-10-07 20:25:15
ORD-20261007-06536,2026-10-07 20:24:52,True,COMPLETED,,2,,
ORD-20261007-06537,2026-10-07 20:24:29,False,COMPLETED,,1,,
ORD-20261007-06538,2026-10-07 20:24:27,False,CANCELLED,PAYMENT_FAILED,1,2026-10-07 20:25:49,2026-10-07 20:25:33
ORD-20261007-06539,2026-10-07 20:24:01,False,CANCELLED,PAYMENT_FAILED,1,2026-10-07 20:24:56,2026-10-07 20:24:42
ORD-20261007-06540,2026-10-07 20:24:44,False,CANCELLED,PAYMENT_FAILED,2,2026-10-07 20:25:31,2026-10-07 20:25:20
ORD-20261007-06541,2026-10-07 20:24:14,True,CANCELLED,RIDER_REJECTION,1,2026-10-07 20:25:10,
ORD-20261007-06542,2026-10-07 20:25:51,False,CANCELLED,PAYMENT_FAILED,2,2026-10-07 20:27:03,2026-10-07 20:26:49
ORD-20261007-06543,2026-10-07 20:25:29,False,CANCELLED,PAYMENT_FAILED,1,2026-10-07 20:26:09,
ORD-20261007-06544,2026-10-07 20:25:53,True,COMPLETED,,2,,
ORD-20261007-06545,2026-10-07 20:25:24,True,COMPLETED,,1,,
ORD-20261007-06546,2026-10-07 20:25:44,False,CANCELLED,PAYMENT_FAILED,1,2026-10-07 20:27:10,2026-10-07 20:26:51
ORD-20261007-06547,2026-10-07 20:25:59,False,CANCELLED,PAYMENT_FAILED,2,2026-10-07 20:26:31,
ORD-20261007-06548,2026-10-07 20:25:49,True,COMPLETED,,1,,
ORD-20261007-06549,2026-10-07 20:25:47,True,COMPLETED,,1,,
ORD-20261007-06550,2026-10-07 20:25:13,False,COMPLETED,,2,,
ORD-20261007-06551,2026-10-07 20:25:42,True,COMPLETED,,2,,
ORD-20261007-06552,2026-10-07 20:25:05,False,COMPLETED,,2,,
ORD-20261007-06553,2026-10-07 20:25:05,True,COMPLETED,,2,,
ORD-20261007-06554,2026-10-07 20:25:42,False,CANCELLED,PAYMENT_FAILED,2,2026-10-07 20:26:16,
ORD-20261007-06555,2026-10-07 20:25:09,True,COMPLETED,,2,,
ORD-20261007-06556,2026-10-07 20:25:47,False,CANCELLED,PAYMENT_FAILED,1,2026-10-07 20:26:42,2026-10-07 20:26:18
ORD-20261007-06557,2026-10-07 20:25:19,True,COMPLETED,,1,,
ORD-20261007-06558,2026-10-07 20:25:27,False,CANCELLED,PAYMENT_FAILED,2,2026-10-07 20:26:49,2026-10-07 20:26:29
ORD-20261007-06559,2026-10-07 20:25:53,False,CANCELLED,PAYMENT_FAILED,1,2026-10-07 20:26:54,2026-10-07 20:26:43
ORD-20261007-06560,2026-10-07 20:25:04,True,COMPLETED,,2,,
ORD-20261007-06561,2026-10-07 20:25:47,False,CANCELLED,PAYMENT_FAILED,1,2026-10-07 20:26:50,2026-10-07 20:26:26
ORD-20261007-06562,2026-10-07 20:25:11,False,COMPLETED,,1,,
ORD-20261007-06563,2026-10-07 20:25:07,False,CANCELLED,PAYMENT_FAILED,1,2026-10-07 20:25:43,
ORD-20261007-06564,2026-10-07 20:25:39,False,COMPLETED,,2,,
ORD-20261007-06565,2026-10-07 20:25:37,False,CANCELLED,PAYMENT_FAILED,1,2026-10-07 20:26:22,
ORD-20261007-06566,2026-10-07 20:25:32,False,CANCELLED,PAYMENT_FAILED,2,2026-10-07 20:26:49,
ORD-20261007-06567,2026-10-07 20:25:38,True,COMPLETED,,1,,
ORD-20261007-06568,2026-10-07 20:25:57,True,COMPLETED,,1,,
ORD-20261007-06569,2026-10-07 20:25:05,True,COMPLETED,,1,,
ORD-20261007-06570,2026-10-07 20:25:20,True,COMPLETED,,2,,
ORD-20261007-06571,2026-10-07 20:25:15,True,CANCELLED,RIDER_REJECTION,2,2026-10-07 20:26:23,
ORD-20261007-06572,2026-10-07 20:25:21,False,COMPLETED,,1,,
ORD-20261007-06573,2026-10-07 20:25:01,True,COMPLETED,,1,,
ORD-20261007-06574,2026-10-07 20:25:48,True,COMPLETED,,1,,
ORD-20261007-06575,2026-10-07 20:25:35,False,CANCELLED,PAYMENT_FAILED,2,2026-10-07 20:26:14,2026-10-07 20:26:03
ORD-20261007-06576,2026-10-07 20:25:54,True,COMPLETED,,1,,
ORD-20261007-06577,2026-10-07 20:25:27,True,COMPLETED,,1,,
ORD-20261007-06578,2026-10-07 20:25:40,True,COMPLETED,,2,,
ORD-20261007-06579,2026-10-07 20:25:04,False,COMPLETED,,1,,
ORD-20261007-06580,2026-10-07 20:25:37,True,COMPLETED,,1,,
ORD-20261007-06581,2026-10-07 20:25:49,False,CANCELLED,PAYMENT_FAILED,2,2026-10-07 20:27:00,2026-10-07 20:26:39
ORD-20261007-06582,2026-10-07 20:25:07,False,CANCELLED,PAYMENT_FAILED,1,2026-10-07 20:26:09,2026-10-07 20:25:59
ORD-20261007-06583,2026-10-07 20:25:46,True,COMPLETED,,1,,
ORD-20261007-06584,2026-10-07 20:25:11,False,CANCELLED,PAYMENT_FAILED,1,2026-10-07 20:26:27,
ORD-20261007-06585,2026-10-07 20:25:10,True,COMPLETED,,1,,
ORD-20261007-06586,2026-10-07 20:25:36,True,COMPLETED,,1,,
ORD-20261007-06587,2026-10-07 20:25:20,True,COMPLETED,,1,,
ORD-20261007-06588,2026-10-07 20:25:03,False,CANCELLED,PAYMENT_FAILED,1,2026-10-07 20:25:43,
ORD-20261007-06589,2026-10-07 20:26:55,False,COMPLETED,,1,,
ORD-20261007-06590,2026-10-07 20:26:37,True,COMPLETED,,1,,
ORD-20261007-06591,2026-10-07 20:26:39,True,COMPLETED,,2,,
ORD-20261007-06592,2026-10-07 20:26:06,True,COMPLETED,,2,,
ORD-20261007-06593,2026-10-07 20:26:09,True,COMPLETED,,2,,
ORD-20261007-06594,2026-10-07 20:26:15,True,COMPLETED,,2,,
ORD-20261007-06595,2026-10-07 20:26:56,True,COMPLETED,,1,,
ORD-20261007-06596,2026-10-07 20:26:50,True,COMPLETED,,2,,
ORD-20261007-06597,2026-10-07 20:26:39,False,CANCELLED,PAYMENT_FAILED,2,2026-10-07 20:27:25,2026-10-07 20:27:14
ORD-20261007-06598,2026-10-07 20:26:06,False,COMPLETED,,2,,
ORD-20261007-06599,2026-10-07 20:26:45,True,CANCELLED,DISPATCH_TIMEOUT,2,2026-10-07 20:27:31,
ORD-20261007-06600,2026-10-07 20:26:10,True,COMPLETED,,1,,
ORD-20261007-06601,2026-10-07 20:26:50,True,COMPLETED,,1,,
ORD-20261007-06602,2026-10-07 20:26:17,False,COMPLETED,,1,,
ORD-20261007-06603,2026-10-07 20:26:57,False,CANCELLED,PAYMENT_FAILED,1,2026-10-07 20:27:47,
ORD-20261007-06604,2026-10-07 20:26:58,False,CANCELLED,PAYMENT_FAILED,2,2026-10-07 20:27:59,2026-10-07 20:27:35
ORD-20261007-06605,2026-10-07 20:26:25,False,CANCELLED,PAYMENT_FAILED,1,2026-10-07 20:27:32,
ORD-20261007-06606,2026-10-07 20:26:19,False,CANCELLED,PAYMENT_FAILED,2,2026-10-07 20:26:55,2026-10-07 20:26:40
ORD-20261007-06607,2026-10-07 20:26:03,False,CANCELLED,PAYMENT_FAILED,2,2026-10-07 20:27:02,2026-10-07 20:26:49
ORD-20261007-06608,2026-10-07 20:26:41,True,COMPLETED,,2,,
ORD-20261007-06609,2026-10-07 20:26:19,False,CANCELLED,PAYMENT_FAILED,2,2026-10-07 20:27:17,
ORD-20261007-06610,2026-10-07 20:26:04,False,CANCELLED,PAYMENT_FAILED,2,2026-10-07 20:26:49,
ORD-20261007-06611,2026-10-07 20:26:22,False,CANCELLED,PAYMENT_FAILED,1,2026-10-07 20:27:30,
ORD-20261007-06612,2026-10-07 20:26:13,True,COMPLETED,,2,,
ORD-20261007-06613,2026-10-07 20:26:37,False,CANCELLED,PAYMENT_FAILED,1,2026-10-07 20:27:52,2026-10-07 20:27:37
ORD-20261007-06614,2026-10-07 20:26:37,False,CANCELLED,PAYMENT_FAILED,2,2026-10-07 20:27:19,2026-10-07 20:27:04
ORD-20261007-06615,2026-10-07 20:26:27,True,COMPLETED,,1,,
ORD-20261007-06616,2026-10-07 20:26:33,True,COMPLETED,,1,,
ORD-20261007-06617,2026-10-07 20:26:24,True,COMPLETED,,2,,
ORD-20261007-06618,2026-10-07 20:26:13,True,COMPLETED,,1,,
ORD-20261007-06619,2026-10-07 20:26:54,True,COMPLETED,,1,,
ORD-20261007-06620,2026-10-07 20:26:14,True,CANCELLED,DISPATCH_TIMEOUT,2,2026-10-07 20:27:35,
ORD-20261007-06621,2026-10-07 20:26:21,True,COMPLETED,,2,,
ORD-20261007-06622,2026-10-07 20:26:35,False,CANCELLED,PAYMENT_FAILED,2,2026-10-07 20:27:25,2026-10-07 20:27:11
ORD-20261007-06623,2026-10-07 20:26:56,True,COMPLETED,,1,,
ORD-20261007-06624,2026-10-07 20:26:44,False,CANCELLED,PAYMENT_FAILED,2,2026-10-07 20:27:44,2026-10-07 20:27:23
ORD-20261007-06625,2026-10-07 20:26:04,True,COMPLETED,,1,,
ORD-20261007-06626,2026-10-07 20:26:41,False,CANCELLED,PAYMENT_FAILED,2,2026-10-07 20:27:46,2026-10-07 20:27:35
ORD-20261007-06627,2026-10-07 20:26:34,True,COMPLETED,,1,,
ORD-20261007-06628,2026-10-07 20:26:11,False,CANCELLED,PAYMENT_FAILED,2,2026-10-07 20:27:05,2026-10-07 20:26:46
ORD-20261007-06629,2026-10-07 20:26:21,True,COMPLETED,,1,,
ORD-20261007-06630,2026-10-07 20:26:31,True,COMPLETED,,2,,
ORD-20261007-06631,2026-10-07 20:27:49,True,COMPLETED,,2,,
ORD-20261007-06632,2026-10-07 20:27:30,False,CANCELLED,PAYMENT_FAILED,2,2026-10-07 20:28:16,
ORD-20261007-06633,2026-10-07 20:27:09,True,COMPLETED,,2,,
ORD-20261007-06634,2026-10-07 20:27:48,True,COMPLETED,,1,,
ORD-20261007-06635,2026-10-07 20:27:26,True,COMPLETED,,2,,
ORD-20261007-06636,2026-10-07 20:27:38,True,COMPLETED,,2,,
ORD-20261007-06637,2026-10-07 20:27:46,True,COMPLETED,,1,,
ORD-20261007-06638,2026-10-07 20:27:28,True,COMPLETED,,1,,
ORD-20261007-06639,2026-10-07 20:27:48,False,CANCELLED,PAYMENT_FAILED,1,2026-10-07 20:28:55,
ORD-20261007-06640,2026-10-07 20:27:57,True,COMPLETED,,1,,
ORD-20261007-06641,2026-10-07 20:27:41,True,COMPLETED,,2,,
ORD-20261007-06642,2026-10-07 20:27:03,False,CANCELLED,PAYMENT_FAILED,2,2026-10-07 20:28:04,
ORD-20261007-06643,2026-10-07 20:27:45,True,COMPLETED,,1,,
ORD-20261007-06644,2026-10-07 20:27:25,False,CANCELLED,PAYMENT_FAILED,2,2026-10-07 20:28:12,2026-10-07 20:27:58
ORD-20261007-06645,2026-10-07 20:27:16,True,COMPLETED,,1,,
ORD-20261007-06646,2026-10-07 20:27:02,True,COMPLETED,,2,,
ORD-20261007-06647,2026-10-07 20:27:52,True,COMPLETED,,2,,
ORD-20261007-06648,2026-10-07 20:27:26,True,COMPLETED,,2,,
ORD-20261007-06649,2026-10-07 20:27:51,True,COMPLETED,,2,,
ORD-20261007-06650,2026-10-07 20:27:13,True,COMPLETED,,1,,
ORD-20261007-06651,2026-10-07 20:27:28,False,COMPLETED,,1,,
ORD-20261007-06652,2026-10-07 20:27:05,True,COMPLETED,,1,,
ORD-20261007-06653,2026-10-07 20:27:59,True,COMPLETED,,2,,
ORD-20261007-06654,2026-10-07 20:27:31,False,CANCELLED,PAYMENT_FAILED,1,2026-10-07 20:28:53,
ORD-20261007-06655,2026-10-07 20:27:58,True,COMPLETED,,1,,
ORD-20261007-06656,2026-10-07 20:27:40,True,COMPLETED,,1,,
ORD-20261007-06657,2026-10-07 20:27:16,True,COMPLETED,,1,,
ORD-20261007-06658,2026-10-07 20:27:49,True,COMPLETED,,2,,
ORD-20261007-06659,2026-10-07 20:27:38,False,CANCELLED,PAYMENT_FAILED,2,2026-10-07 20:28:37,
ORD-20261007-06660,2026-10-07 20:27:38,True,COMPLETED,,2,,
ORD-20261007-06661,2026-10-07 20:27:07,True,COMPLETED,,1,,
ORD-20261007-06662,2026-10-07 20:27:46,True,COMPLETED,,2,,
ORD-20261007-06663,2026-10-07 20:27:46,False,COMPLETED,,2,,
ORD-20261007-06664,2026-10-07 20:27:45,True,COMPLETED,,2,,
ORD-20261007-06665,2026-10-07 20:27:36,True,COMPLETED,,2,,
ORD-20261007-06666,2026-10-07 20:27:12,True,COMPLETED,,1,,
ORD-20261007-06667,2026-10-07 20:27:23,False,CANCELLED,PAYMENT_FAILED,1,2026-10-07 20:28:11,
ORD-20261007-06668,2026-10-07 20:27:48,False,COMPLETED,,2,,
ORD-20261007-06669,2026-10-07 20:27:00,False,CANCELLED,PAYMENT_FAILED,2,2026-10-07 20:27:54,2026-10-07 20:27:41
ORD-20261007-06670,2026-10-07 20:27:19,True,COMPLETED,,1,,
ORD-20261007-06671,2026-10-07 20:27:40,False,CANCELLED,PAYMENT_FAILED,2,2026-10-07 20:28:19,
ORD-20261007-06672,2026-10-07 20:27:10,True,COMPLETED,,2,,
ORD-20261007-06673,2026-10-07 20:27:35,True,COMPLETED,,1,,
ORD-20261007-06674,2026-10-07 20:28:46,False,CANCELLED,PAYMENT_FAILED,2,2026-10-07 20:29:31,
ORD-20261007-06675,2026-10-07 20:28:20,True,COMPLETED,,1,,
ORD-20261007-06676,2026-10-07 20:28:28,False,CANCELLED,PAYMENT_FAILED,1,2026-10-07 20:29:44,2026-10-07 20:29:23
ORD-20261007-06677,2026-10-07 20:28:22,True,COMPLETED,,1,,
ORD-20261007-06678,2026-10-07 20:28:49,False,COMPLETED,,1,,
ORD-20261007-06679,2026-10-07 20:28:40,False,CANCELLED,PAYMENT_FAILED,1,2026-10-07 20:29:45,
ORD-20261007-06680,2026-10-07 20:28:30,True,COMPLETED,,1,,
ORD-20261007-06681,2026-10-07 20:28:37,True,CANCELLED,RIDER_REJECTION,1,2026-10-07 20:29:57,
ORD-20261007-06682,2026-10-07 20:28:27,True,COMPLETED,,1,,
ORD-20261007-06683,2026-10-07 20:28:38,True,COMPLETED,,2,,
ORD-20261007-06684,2026-10-07 20:28:52,False,CANCELLED,PAYMENT_FAILED,1,2026-10-07 20:29:36,2026-10-07 20:29:19
ORD-20261007-06685,2026-10-07 20:28:39,True,COMPLETED,,1,,
ORD-20261007-06686,2026-10-07 20:28:12,True,COMPLETED,,2,,
ORD-20261007-06687,2026-10-07 20:28:17,False,CANCELLED,PAYMENT_FAILED,1,2026-10-07 20:28:47,
ORD-20261007-06688,2026-10-07 20:28:52,False,CANCELLED,PAYMENT_FAILED,1,2026-10-07 20:30:08,
ORD-20261007-06689,2026-10-07 20:28:58,True,COMPLETED,,2,,
ORD-20261007-06690,2026-10-07 20:28:14,True,COMPLETED,,1,,
ORD-20261007-06691,2026-10-07 20:28:16,True,COMPLETED,,2,,
ORD-20261007-06692,2026-10-07 20:28:43,False,CANCELLED,PAYMENT_FAILED,1,2026-10-07 20:29:14,
ORD-20261007-06693,2026-10-07 20:28:38,True,COMPLETED,,1,,
ORD-20261007-06694,2026-10-07 20:28:37,True,COMPLETED,,2,,
ORD-20261007-06695,2026-10-07 20:28:12,False,CANCELLED,PAYMENT_FAILED,2,2026-10-07 20:29:25,2026-10-07 20:29:13
ORD-20261007-06696,2026-10-07 20:28:05,False,COMPLETED,,1,,
ORD-20261007-06697,2026-10-07 20:28:46,True,COMPLETED,,2,,
ORD-20261007-06698,2026-10-07 20:28:26,True,COMPLETED,,1,,
ORD-20261007-06699,2026-10-07 20:28:34,True,COMPLETED,,2,,
ORD-20261007-06700,2026-10-07 20:28:00,True,COMPLETED,,1,,
ORD-20261007-06701,2026-10-07 20:28:25,True,COMPLETED,,1,,
ORD-20261007-06702,2026-10-07 20:28:11,True,COMPLETED,,1,,
ORD-20261007-06703,2026-10-07 20:28:17,True,COMPLETED,,2,,
ORD-20261007-06704,2026-10-07 20:28:14,True,COMPLETED,,1,,
ORD-20261007-06705,2026-10-07 20:28:23,False,CANCELLED,PAYMENT_FAILED,2,2026-10-07 20:29:06,2026-10-07 20:28:45
ORD-20261007-06706,2026-10-07 20:28:57,False,COMPLETED,,2,,
ORD-20261007-06707,2026-10-07 20:28:45,True,COMPLETED,,2,,
ORD-20261007-06708,2026-10-07 20:28:09,False,CANCELLED,PAYMENT_FAILED,1,2026-10-07 20:29:10,2026-10-07 20:28:52
ORD-20261007-06709,2026-10-07 20:28:49,False,CANCELLED,PAYMENT_FAILED,1,2026-10-07 20:29:35,2026-10-07 20:29:12
ORD-20261007-06710,2026-10-07 20:28:48,False,CANCELLED,PAYMENT_FAILED,2,2026-10-07 20:29:42,2026-10-07 20:29:22
ORD-20261007-06711,2026-10-07 20:28:03,False,CANCELLED,PAYMENT_FAILED,2,2026-10-07 20:29:14,2026-10-07 20:28:52
ORD-20261007-06712,2026-10-07 20:28:35,True,COMPLETED,,2,,
ORD-20261007-06713,2026-10-07 20:28:08,False,CANCELLED,PAYMENT_FAILED,1,2026-10-07 20:29:28,2026-10-07 20:29:08
ORD-20261007-06714,2026-10-07 20:28:25,True,COMPLETED,,2,,
ORD-20261007-06715,2026-10-07 20:28:40,True,COMPLETED,,2,,
ORD-20261007-06716,2026-10-07 20:28:08,False,COMPLETED,,1,,
ORD-20261007-06717,2026-10-07 20:28:27,False,CANCELLED,PAYMENT_FAILED,1,2026-10-07 20:29:12,
ORD-20261007-06718,2026-10-07 20:28:53,True,COMPLETED,,2,,
ORD-20261007-06719,2026-10-07 20:28:11,True,COMPLETED,,2,,
ORD-20261007-06720,2026-10-07 20:28:58,False,COMPLETED,,1,,
ORD-20261007-06721,2026-10-07 20:29:24,True,COMPLETED,,1,,
ORD-20261007-06722,2026-10-07 20:29:08,True,CANCELLED,DISPATCH_TIMEOUT,2,2026-10-07 20:30:15,2026-10-07 20:29:57
ORD-20261007-06723,2026-10-07 20:29:30,True,COMPLETED,,1,,
ORD-20261007-06724,2026-10-07 20:29:07,True,COMPLETED,,2,,
ORD-20261007-06725,2026-10-07 20:29:39,True,COMPLETED,,2,,
ORD-20261007-06726,2026-10-07 20:29:08,True,COMPLETED,,1,,
ORD-20261007-06727,2026-10-07 20:29:19,True,COMPLETED,,1,,
ORD-20261007-06728,2026-10-07 20:29:05,False,CANCELLED,PAYMENT_FAILED,2,2026-10-07 20:30:04,
ORD-20261007-06729,2026-10-07 20:29:14,True,COMPLETED,,2,,
ORD-20261007-06730,2026-10-07 20:29:06,False,CANCELLED,PAYMENT_FAILED,1,2026-10-07 20:29:51,
ORD-20261007-06731,2026-10-07 20:29:58,True,COMPLETED,,2,,
ORD-20261007-06732,2026-10-07 20:29:22,True,COMPLETED,,1,,
ORD-20261007-06733,2026-10-07 20:29:57,False,CANCELLED,PAYMENT_FAILED,2,2026-10-07 20:30:56,2026-10-07 20:30:33
ORD-20261007-06734,2026-10-07 20:29:23,True,COMPLETED,,1,,
ORD-20261007-06735,2026-10-07 20:29:54,False,CANCELLED,PAYMENT_FAILED,2,2026-10-07 20:30:36,2026-10-07 20:30:22
ORD-20261007-06736,2026-10-07 20:29:17,True,COMPLETED,,1,,
ORD-20261007-06737,2026-10-07 20:29:42,True,COMPLETED,,2,,
ORD-20261007-06738,2026-10-07 20:29:16,False,CANCELLED,PAYMENT_FAILED,1,2026-10-07 20:30:30,2026-10-07 20:30:13
ORD-20261007-06739,2026-10-07 20:29:30,True,CANCELLED,RIDER_REJECTION,1,2026-10-07 20:30:39,2026-10-07 20:30:23
ORD-20261007-06740,2026-10-07 20:29:53,True,COMPLETED,,1,,
ORD-20261007-06741,2026-10-07 20:29:28,True,COMPLETED,,1,,
ORD-20261007-06742,2026-10-07 20:29:03,True,COMPLETED,,2,,
ORD-20261007-06743,2026-10-07 20:29:38,True,COMPLETED,,2,,
ORD-20261007-06744,2026-10-07 20:29:13,True,COMPLETED,,2,,
ORD-20261007-06745,2026-10-07 20:29:42,True,COMPLETED,,2,,
ORD-20261007-06746,2026-10-07 20:29:10,True,COMPLETED,,2,,
ORD-20261007-06747,2026-10-07 20:29:55,True,COMPLETED,,2,,
ORD-20261007-06748,2026-10-07 20:29:41,False,COMPLETED,,1,,
ORD-20261007-06749,2026-10-07 20:29:27,True,COMPLETED,,2,,
ORD-20261007-06750,2026-10-07 20:29:01,True,COMPLETED,,1,,
ORD-20261007-06751,2026-10-07 20:29:55,True,COMPLETED,,2,,
ORD-20261007-06752,2026-10-07 20:29:29,False,CANCELLED,PAYMENT_FAILED,1,2026-10-07 20:30:54,
ORD-20261007-06753,2026-10-07 20:29:28,True,COMPLETED,,2,,
ORD-20261007-06754,2026-10-07 20:29:39,False,CANCELLED,PAYMENT_FAILED,2,2026-10-07 20:30:20,2026-10-07 20:30:00
ORD-20261007-06755,2026-10-07 20:29:43,True,COMPLETED,,1,,
ORD-20261007-06756,2026-10-07 20:29:39,False,COMPLETED,,2,,
ORD-20261007-06757,2026-10-07 20:29:21,False,CANCELLED,PAYMENT_FAILED,2,2026-10-07 20:30:28,2026-10-07 20:30:06
ORD-20261007-06758,2026-10-07 20:29:01,False,CANCELLED,PAYMENT_FAILED,2,2026-10-07 20:30:29,2026-10-07 20:30:12
ORD-20261007-06759,2026-10-07 20:29:57,False,COMPLETED,,1,,
ORD-20261007-06760,2026-10-07 20:29:09,True,COMPLETED,,1,,
ORD-20261007-06761,2026-10-07 20:29:14,False,CANCELLED,PAYMENT_FAILED,2,2026-10-07 20:29:57,2026-10-07 20:29:36
ORD-20261007-06762,2026-10-07 20:29:40,False,CANCELLED,PAYMENT_FAILED,2,2026-10-07 20:31:09,2026-10-07 20:30:51
ORD-20261007-06763,2026-10-07 20:30:21,True,COMPLETED,,2,,
ORD-20261007-06764,2026-10-07 20:30:19,True,COMPLETED,,2,,
ORD-20261007-06765,2026-10-07 20:30:06,False,CANCELLED,PAYMENT_FAILED,2,2026-10-07 20:30:47,
ORD-20261007-06766,2026-10-07 20:30:11,False,CANCELLED,PAYMENT_FAILED,2,2026-10-07 20:31:37,2026-10-07 20:31:22
ORD-20261007-06767,2026-10-07 20:30:19,True,COMPLETED,,2,,
ORD-20261007-06768,2026-10-07 20:30:19,False,CANCELLED,PAYMENT_FAILED,1,2026-10-07 20:31:35,
ORD-20261007-06769,2026-10-07 20:30:54,True,COMPLETED,,1,,
ORD-20261007-06770,2026-10-07 20:30:07,False,COMPLETED,,1,,
ORD-20261007-06771,2026-10-07 20:30:25,False,COMPLETED,,2,,
ORD-20261007-06772,2026-10-07 20:30:21,True,COMPLETED,,2,,
ORD-20261007-06773,2026-10-07 20:30:31,True,COMPLETED,,2,,
ORD-20261007-06774,2026-10-07 20:30:48,True,COMPLETED,,2,,
ORD-20261007-06775,2026-10-07 20:30:06,True,COMPLETED,,2,,
ORD-20261007-06776,2026-10-07 20:30:26,True,COMPLETED,,1,,
ORD-20261007-06777,2026-10-07 20:30:06,True,COMPLETED,,1,,
ORD-20261007-06778,2026-10-07 20:30:08,True,COMPLETED,,1,,
ORD-20261007-06779,2026-10-07 20:30:48,True,COMPLETED,,2,,
ORD-20261007-06780,2026-10-07 20:30:34,True,COMPLETED,,2,,
ORD-20261007-06781,2026-10-07 20:30:22,True,COMPLETED,,1,,
ORD-20261007-06782,2026-10-07 20:30:08,False,CANCELLED,PAYMENT_FAILED,2,2026-10-07 20:30:57,
ORD-20261007-06783,2026-10-07 20:30:14,True,COMPLETED,,1,,
ORD-20261007-06784,2026-10-07 20:30:52,True,COMPLETED,,2,,
ORD-20261007-06785,2026-10-07 20:30:20,True,COMPLETED,,2,,
ORD-20261007-06786,2026-10-07 20:30:30,True,COMPLETED,,1,,
ORD-20261007-06787,2026-10-07 20:30:50,True,COMPLETED,,2,,
ORD-20261007-06788,2026-10-07 20:30:49,True,COMPLETED,,2,,
ORD-20261007-06789,2026-10-07 20:30:43,True,COMPLETED,,1,,
ORD-20261007-06790,2026-10-07 20:30:54,True,COMPLETED,,2,,
ORD-20261007-06791,2026-10-07 20:30:28,True,COMPLETED,,1,,
ORD-20261007-06792,2026-10-07 20:30:22,True,COMPLETED,,2,,
ORD-20261007-06793,2026-10-07 20:30:19,True,COMPLETED,,2,,
ORD-20261007-06794,2026-10-07 20:30:47,False,CANCELLED,PAYMENT_FAILED,2,2026-10-07 20:32:06,2026-10-07 20:31:43
ORD-20261007-06795,2026-10-07 20:30:43,False,CANCELLED,PAYMENT_FAILED,2,2026-10-07 20:31:48,
ORD-20261007-06796,2026-10-07 20:30:21,True,COMPLETED,,1,,
ORD-20261007-06797,2026-10-07 20:30:24,True,COMPLETED,,2,,
ORD-20261007-06798,2026-10-07 20:30:32,True,COMPLETED,,2,,
ORD-20261007-06799,2026-10-07 20:30:01,True,COMPLETED,,1,,
ORD-20261007-06800,2026-10-07 20:30:24,True,COMPLETED,,1,,
ORD-20261007-06801,2026-10-07 20:30:55,True,COMPLETED,,2,,
ORD-20261007-06802,2026-10-07 20:30:23,True,COMPLETED,,1,,
ORD-20261007-06803,2026-10-07 20:30:54,True,COMPLETED,,2,,
ORD-20261007-06804,2026-10-07 20:30:37,False,CANCELLED,PAYMENT_FAILED,2,2026-10-07 20:31:07,2026-10-07 20:30:47
ORD-20261007-06805,2026-10-07 20:30:23,True,COMPLETED,,2,,
ORD-20261007-06806,2026-10-07 20:30:15,False,CANCELLED,PAYMENT_FAILED,1,2026-10-07 20:31:25,2026-10-07 20:31:06
ORD-20261007-06807,2026-10-07 20:30:00,False,CANCELLED,PAYMENT_FAILED,1,2026-10-07 20:31:01,
ORD-20261007-06808,2026-10-07 20:30:32,True,COMPLETED,,1,,
ORD-20261007-06809,2026-10-07 20:30:34,False,CANCELLED,PAYMENT_FAILED,1,2026-10-07 20:31:09,2026-10-07 20:30:54
ORD-20261007-06810,2026-10-07 20:31:22,True,COMPLETED,,2,,
ORD-20261007-06811,2026-10-07 20:31:50,False,CANCELLED,PAYMENT_FAILED,2,2026-10-07 20:33:09,2026-10-07 20:32:52
ORD-20261007-06812,2026-10-07 20:31:40,True,COMPLETED,,2,,
ORD-20261007-06813,2026-10-07 20:31:36,True,COMPLETED,,2,,
ORD-20261007-06814,2026-10-07 20:31:49,True,COMPLETED,,2,,
ORD-20261007-06815,2026-10-07 20:31:59,False,CANCELLED,PAYMENT_FAILED,1,2026-10-07 20:32:41,
ORD-20261007-06816,2026-10-07 20:31:16,False,CANCELLED,PAYMENT_FAILED,1,2026-10-07 20:32:27,2026-10-07 20:32:16
ORD-20261007-06817,2026-10-07 20:31:06,False,CANCELLED,PAYMENT_FAILED,2,2026-10-07 20:31:39,2026-10-07 20:31:19
ORD-20261007-06818,2026-10-07 20:31:13,True,COMPLETED,,2,,
ORD-20261007-06819,2026-10-07 20:31:49,False,CANCELLED,PAYMENT_FAILED,2,2026-10-07 20:32:29,2026-10-07 20:32:13
ORD-20261007-06820,2026-10-07 20:31:48,True,COMPLETED,,2,,
ORD-20261007-06821,2026-10-07 20:31:59,False,CANCELLED,PAYMENT_FAILED,2,2026-10-07 20:33:11,2026-10-07 20:32:52
ORD-20261007-06822,2026-10-07 20:31:27,True,COMPLETED,,2,,
ORD-20261007-06823,2026-10-07 20:31:50,True,COMPLETED,,1,,
ORD-20261007-06824,2026-10-07 20:31:51,False,CANCELLED,PAYMENT_FAILED,1,2026-10-07 20:32:33,2026-10-07 20:32:22
ORD-20261007-06825,2026-10-07 20:31:15,True,COMPLETED,,2,,
ORD-20261007-06826,2026-10-07 20:31:46,False,CANCELLED,PAYMENT_FAILED,1,2026-10-07 20:32:42,2026-10-07 20:32:28
ORD-20261007-06827,2026-10-07 20:31:59,False,CANCELLED,PAYMENT_FAILED,2,2026-10-07 20:32:56,2026-10-07 20:32:34
ORD-20261007-06828,2026-10-07 20:31:34,True,COMPLETED,,1,,
ORD-20261007-06829,2026-10-07 20:31:04,True,COMPLETED,,1,,
ORD-20261007-06830,2026-10-07 20:31:55,False,CANCELLED,PAYMENT_FAILED,2,2026-10-07 20:32:57,
ORD-20261007-06831,2026-10-07 20:31:35,True,COMPLETED,,1,,
ORD-20261007-06832,2026-10-07 20:31:29,False,CANCELLED,PAYMENT_FAILED,2,2026-10-07 20:32:06,2026-10-07 20:31:52
ORD-20261007-06833,2026-10-07 20:31:56,True,COMPLETED,,1,,
ORD-20261007-06834,2026-10-07 20:31:29,False,CANCELLED,PAYMENT_FAILED,2,2026-10-07 20:32:44,2026-10-07 20:32:27
ORD-20261007-06835,2026-10-07 20:31:24,True,COMPLETED,,1,,
ORD-20261007-06836,2026-10-07 20:31:36,True,COMPLETED,,1,,
ORD-20261007-06837,2026-10-07 20:31:52,False,COMPLETED,,1,,
ORD-20261007-06838,2026-10-07 20:31:32,True,COMPLETED,,2,,
ORD-20261007-06839,2026-10-07 20:31:56,False,CANCELLED,PAYMENT_FAILED,2,2026-10-07 20:32:36,
ORD-20261007-06840,2026-10-07 20:31:05,True,COMPLETED,,2,,
ORD-20261007-06841,2026-10-07 20:31:19,True,COMPLETED,,2,,
ORD-20261007-06842,2026-10-07 20:31:17,False,CANCELLED,PAYMENT_FAILED,2,2026-10-07 20:32:42,2026-10-07 20:32:24
ORD-20261007-06843,2026-10-07 20:31:31,True,COMPLETED,,1,,
ORD-20261007-06844,2026-10-07 20:31:06,True,COMPLETED,,1,,
ORD-20261007-06845,2026-10-07 20:31:43,True,COMPLETED,,2,,
ORD-20261007-06846,2026-10-07 20:31:28,False,CANCELLED,PAYMENT_FAILED,1,2026-10-07 20:32:12,
ORD-20261007-06847,2026-10-07 20:31:37,True,COMPLETED,,2,,
ORD-20261007-06848,2026-10-07 20:31:43,False,COMPLETED,,2,,
ORD-20261007-06849,2026-10-07 20:31:34,False,CANCELLED,PAYMENT_FAILED,2,2026-10-07 20:32:50,2026-10-07 20:32:33
ORD-20261007-06850,2026-10-07 20:31:05,True,COMPLETED,,1,,
ORD-20261007-06851,2026-10-07 20:31:41,True,COMPLETED,,1,,
ORD-20261007-06852,2026-10-07 20:31:42,True,COMPLETED,,1,,
ORD-20261007-06853,2026-10-07 20:32:42,False,CANCELLED,PAYMENT_FAILED,2,2026-10-07 20:33:12,
ORD-20261007-06854,2026-10-07 20:32:34,True,COMPLETED,,1,,
ORD-20261007-06855,2026-10-07 20:32:55,True,COMPLETED,,1,,
ORD-20261007-06856,2026-10-07 20:32:55,False,CANCELLED,PAYMENT_FAILED,2,2026-10-07 20:33:34,2026-10-07 20:33:18
ORD-20261007-06857,2026-10-07 20:32:51,True,COMPLETED,,1,,
ORD-20261007-06858,2026-10-07 20:32:07,True,CANCELLED,RIDER_REJECTION,2,2026-10-07 20:33:09,2026-10-07 20:32:48
ORD-20261007-06859,2026-10-07 20:32:20,True,COMPLETED,,2,,
ORD-20261007-06860,2026-10-07 20:32:19,True,COMPLETED,,1,,
ORD-20261007-06861,2026-10-07 20:32:13,False,CANCELLED,PAYMENT_FAILED,1,2026-10-07 20:33:40,2026-10-07 20:33:29
ORD-20261007-06862,2026-10-07 20:32:08,False,COMPLETED,,1,,
ORD-20261007-06863,2026-10-07 20:32:35,True,COMPLETED,,1,,
ORD-20261007-06864,2026-10-07 20:32:56,False,CANCELLED,PAYMENT_FAILED,1,2026-10-07 20:33:33,2026-10-07 20:33:23
ORD-20261007-06865,2026-10-07 20:32:18,True,COMPLETED,,1,,
ORD-20261007-06866,2026-10-07 20:32:18,False,CANCELLED,PAYMENT_FAILED,2,2026-10-07 20:33:05,2026-10-07 20:32:42
ORD-20261007-06867,2026-10-07 20:32:57,True,COMPLETED,,2,,
ORD-20261007-06868,2026-10-07 20:32:02,True,COMPLETED,,2,,
ORD-20261007-06869,2026-10-07 20:32:17,False,CANCELLED,PAYMENT_FAILED,1,2026-10-07 20:33:30,2026-10-07 20:33:06
ORD-20261007-06870,2026-10-07 20:32:57,True,COMPLETED,,1,,
ORD-20261007-06871,2026-10-07 20:32:01,True,CANCELLED,DISPATCH_TIMEOUT,2,2026-10-07 20:32:51,2026-10-07 20:32:39
ORD-20261007-06872,2026-10-07 20:32:56,True,COMPLETED,,1,,
ORD-20261007-06873,2026-10-07 20:32:43,False,COMPLETED,,1,,
ORD-20261007-06874,2026-10-07 20:32:46,False,CANCELLED,PAYMENT_FAILED,1,2026-10-07 20:33:31,2026-10-07 20:33:07
ORD-20261007-06875,2026-10-07 20:32:57,True,COMPLETED,,2,,
ORD-20261007-06876,2026-10-07 20:32:06,False,CANCELLED,PAYMENT_FAILED,1,2026-10-07 20:32:49,
ORD-20261007-06877,2026-10-07 20:32:41,False,CANCELLED,PAYMENT_FAILED,1,2026-10-07 20:33:33,2026-10-07 20:33:17
ORD-20261007-06878,2026-10-07 20:32:50,True,COMPLETED,,1,,
ORD-20261007-06879,2026-10-07 20:32:15,False,COMPLETED,,2,,
ORD-20261007-06880,2026-10-07 20:32:55,False,CANCELLED,PAYMENT_FAILED,1,2026-10-07 20:33:25,2026-10-07 20:33:04
ORD-20261007-06881,2026-10-07 20:32:01,False,CANCELLED,PAYMENT_FAILED,1,2026-10-07 20:32:42,2026-10-07 20:32:20
ORD-20261007-06882,2026-10-07 20:32:06,True,COMPLETED,,2,,
ORD-20261007-06883,2026-10-07 20:32:27,True,COMPLETED,,2,,
ORD-20261007-06884,2026-10-07 20:32:02,True,COMPLETED,,1,,
ORD-20261007-06885,2026-10-07 20:32:35,True,COMPLETED,,1,,
ORD-20261007-06886,2026-10-07 20:32:59,True,COMPLETED,,2,,
ORD-20261007-06887,2026-10-07 20:32:20,True,COMPLETED,,2,,
ORD-20261007-06888,2026-10-07 20:32:04,False,CANCELLED,PAYMENT_FAILED,2,2026-10-07 20:33:02,2026-10-07 20:32:38
ORD-20261007-06889,2026-10-07 20:32:32,True,COMPLETED,,1,,
ORD-20261007-06890,2026-10-07 20:32:02,False,COMPLETED,,2,,
ORD-20261007-06891,2026-10-07 20:32:10,True,COMPLETED,,2,,
ORD-20261007-06892,2026-10-07 20:32:06,False,COMPLETED,,1,,
ORD-20261007-06893,2026-10-07 20:32:31,True,COMPLETED,,1,,
ORD-20261007-06894,2026-10-07 20:32:14,True,COMPLETED,,1,,
ORD-20261007-06895,2026-10-07 20:32:59,True,COMPLETED,,1,,
ORD-20261007-06896,2026-10-07 20:32:28,False,COMPLETED,,1,,
ORD-20261007-06897,2026-10-07 20:32:10,False,COMPLETED,,1,,
ORD-20261007-06898,2026-10-07 20:32:33,False,CANCELLED,PAYMENT_FAILED,2,2026-10-07 20:33:10,2026-10-07 20:32:53
ORD-20261007-06899,2026-10-07 20:32:16,False,CANCELLED,PAYMENT_FAILED,1,2026-10-07 20:33:07,
ORD-20261007-06900,2026-10-07 20:32:46,False,CANCELLED,PAYMENT_FAILED,1,2026-10-07 20:33:48,
ORD-20261007-06901,2026-10-07 20:33:20,False,CANCELLED,PAYMENT_FAILED,1,2026-10-07 20:33:50,2026-10-07 20:33:26
ORD-20261007-06902,2026-10-07 20:33:46,True,COMPLETED,,1,,
ORD-20261007-06903,2026-10-07 20:33:03,True,COMPLETED,,1,,
ORD-20261007-06904,2026-10-07 20:33:23,True,COMPLETED,,1,,
ORD-20261007-06905,2026-10-07 20:33:28,True,COMPLETED,,2,,
ORD-20261007-06906,2026-10-07 20:33:50,True,CANCELLED,DISPATCH_TIMEOUT,2,2026-10-07 20:35:17,
ORD-20261007-06907,2026-10-07 20:33:44,True,CANCELLED,DISPATCH_TIMEOUT,1,2026-10-07 20:34:53,2026-10-07 20:34:43
ORD-20261007-06908,2026-10-07 20:33:06,True,COMPLETED,,1,,
ORD-20261007-06909,2026-10-07 20:33:26,True,COMPLETED,,1,,
ORD-20261007-06910,2026-10-07 20:33:52,True,COMPLETED,,2,,
ORD-20261007-06911,2026-10-07 20:33:42,True,COMPLETED,,2,,
ORD-20261007-06912,2026-10-07 20:33:18,False,COMPLETED,,2,,
ORD-20261007-06913,2026-10-07 20:33:02,True,COMPLETED,,2,,
ORD-20261007-06914,2026-10-07 20:33:25,False,CANCELLED,PAYMENT_FAILED,1,2026-10-07 20:34:49,
ORD-20261007-06915,2026-10-07 20:33:46,True,COMPLETED,,1,,
ORD-20261007-06916,2026-10-07 20:33:36,True,COMPLETED,,1,,
ORD-20261007-06917,2026-10-07 20:33:37,False,COMPLETED,,1,,
ORD-20261007-06918,2026-10-07 20:33:29,False,CANCELLED,PAYMENT_FAILED,2,2026-10-07 20:34:00,
ORD-20261007-06919,2026-10-07 20:33:21,True,COMPLETED,,1,,
ORD-20261007-06920,2026-10-07 20:33:54,False,CANCELLED,PAYMENT_FAILED,2,2026-10-07 20:35:10,2026-10-07 20:34:48
ORD-20261007-06921,2026-10-07 20:33:46,True,COMPLETED,,2,,
ORD-20261007-06922,2026-10-07 20:33:32,True,COMPLETED,,1,,
ORD-20261007-06923,2026-10-07 20:33:06,True,COMPLETED,,2,,
ORD-20261007-06924,2026-10-07 20:33:30,False,CANCELLED,PAYMENT_FAILED,1,2026-10-07 20:34:00,2026-10-07 20:33:50
ORD-20261007-06925,2026-10-07 20:33:26,True,COMPLETED,,2,,
ORD-20261007-06926,2026-10-07 20:33:04,False,CANCELLED,PAYMENT_FAILED,2,2026-10-07 20:33:48,2026-10-07 20:33:38
ORD-20261007-06927,2026-10-07 20:33:05,True,COMPLETED,,2,,
ORD-20261007-06928,2026-10-07 20:33:34,True,COMPLETED,,1,,
ORD-20261007-06929,2026-10-07 20:33:58,True,COMPLETED,,2,,
ORD-20261007-06930,2026-10-07 20:33:21,True,COMPLETED,,2,,
ORD-20261007-06931,2026-10-07 20:33:37,True,COMPLETED,,1,,
ORD-20261007-06932,2026-10-07 20:33:09,True,COMPLETED,,1,,
ORD-20261007-06933,2026-10-07 20:33:13,True,COMPLETED,,2,,
ORD-20261007-06934,2026-10-07 20:33:42,False,COMPLETED,,1,,
ORD-20261007-06935,2026-10-07 20:33:19,False,CANCELLED,PAYMENT_FAILED,1,2026-10-07 20:34:43,2026-10-07 20:34:21
ORD-20261007-06936,2026-10-07 20:33:50,False,COMPLETED,,1,,
ORD-20261007-06937,2026-10-07 20:33:45,True,COMPLETED,,2,,
ORD-20261007-06938,2026-10-07 20:33:15,False,CANCELLED,PAYMENT_FAILED,2,2026-10-07 20:33:49,2026-10-07 20:33:30
ORD-20261007-06939,2026-10-07 20:33:06,True,COMPLETED,,1,,
ORD-20261007-06940,2026-10-07 20:33:50,False,COMPLETED,,1,,
ORD-20261007-06941,2026-10-07 20:33:58,True,COMPLETED,,2,,
ORD-20261007-06942,2026-10-07 20:33:31,True,COMPLETED,,2,,
ORD-20261007-06943,2026-10-07 20:33:34,False,COMPLETED,,2,,
ORD-20261007-06944,2026-10-07 20:33:18,False,COMPLETED,,2,,
ORD-20261007-06945,2026-10-07 20:34:06,True,COMPLETED,,2,,
ORD-20261007-06946,2026-10-07 20:34:19,True,COMPLETED,,2,,
ORD-20261007-06947,2026-10-07 20:34:21,True,COMPLETED,,2,,
ORD-20261007-06948,2026-10-07 20:34:23,False,CANCELLED,PAYMENT_FAILED,2,2026-10-07 20:35:07,2026-10-07 20:34:50
ORD-20261007-06949,2026-10-07 20:34:29,False,CANCELLED,PAYMENT_FAILED,2,2026-10-07 20:34:59,2026-10-07 20:34:41
ORD-20261007-06950,2026-10-07 20:34:04,True,COMPLETED,,2,,
ORD-20261007-06951,2026-10-07 20:34:21,True,COMPLETED,,2,,
ORD-20261007-06952,2026-10-07 20:34:35,True,COMPLETED,,2,,
ORD-20261007-06953,2026-10-07 20:34:13,False,COMPLETED,,1,,
ORD-20261007-06954,2026-10-07 20:34:26,False,CANCELLED,PAYMENT_FAILED,1,2026-10-07 20:35:14,2026-10-07 20:35:01
ORD-20261007-06955,2026-10-07 20:34:41,False,CANCELLED,PAYMENT_FAILED,1,2026-10-07 20:35:48,
ORD-20261007-06956,2026-10-07 20:34:42,True,COMPLETED,,2,,
ORD-20261007-06957,2026-10-07 20:34:53,True,CANCELLED,RIDER_REJECTION,1,2026-10-07 20:36:15,
ORD-20261007-06958,2026-10-07 20:34:17,False,CANCELLED,PAYMENT_FAILED,2,2026-10-07 20:35:14,2026-10-07 20:34:54
ORD-20261007-06959,2026-10-07 20:34:40,True,COMPLETED,,2,,
ORD-20261007-06960,2026-10-07 20:34:12,False,CANCELLED,PAYMENT_FAILED,1,2026-10-07 20:35:20,2026-10-07 20:35:06
ORD-20261007-06961,2026-10-07 20:34:58,True,COMPLETED,,1,,
ORD-20261007-06962,2026-10-07 20:34:03,True,COMPLETED,,1,,
ORD-20261007-06963,2026-10-07 20:34:49,True,COMPLETED,,2,,
ORD-20261007-06964,2026-10-07 20:34:52,True,COMPLETED,,1,,
ORD-20261007-06965,2026-10-07 20:34:28,True,COMPLETED,,1,,
ORD-20261007-06966,2026-10-07 20:34:59,False,CANCELLED,PAYMENT_FAILED,2,2026-10-07 20:35:31,2026-10-07 20:35:10
ORD-20261007-06967,2026-10-07 20:34:50,True,COMPLETED,,1,,
ORD-20261007-06968,2026-10-07 20:34:18,True,COMPLETED,,2,,
ORD-20261007-06969,2026-10-07 20:34:15,True,COMPLETED,,1,,
ORD-20261007-06970,2026-10-07 20:34:00,True,COMPLETED,,1,,
ORD-20261007-06971,2026-10-07 20:34:35,True,COMPLETED,,2,,
ORD-20261007-06972,2026-10-07 20:34:37,True,COMPLETED,,2,,
ORD-20261007-06973,2026-10-07 20:34:32,False,CANCELLED,PAYMENT_FAILED,1,2026-10-07 20:35:49,2026-10-07 20:35:37
ORD-20261007-06974,2026-10-07 20:34:50,False,COMPLETED,,1,,
ORD-20261007-06975,2026-10-07 20:34:39,True,COMPLETED,,1,,
ORD-20261007-06976,2026-10-07 20:34:35,True,COMPLETED,,1,,
ORD-20261007-06977,2026-10-07 20:34:17,True,COMPLETED,,1,,
ORD-20261007-06978,2026-10-07 20:34:55,False,COMPLETED,,2,,
ORD-20261007-06979,2026-10-07 20:34:50,False,CANCELLED,PAYMENT_FAILED,2,2026-10-07 20:36:06,
ORD-20261007-06980,2026-10-07 20:34:53,False,CANCELLED,PAYMENT_FAILED,1,2026-10-07 20:35:58,2026-10-07 20:35:46
ORD-20261007-06981,2026-10-07 20:34:22,False,COMPLETED,,2,,
ORD-20261007-06982,2026-10-07 20:34:16,True,COMPLETED,,1,,
ORD-20261007-06983,2026-10-07 20:34:50,True,COMPLETED,,1,,
ORD-20261007-06984,2026-10-07 20:34:38,True,COMPLETED,,2,,
ORD-20261007-06985,2026-10-07 20:34:59,True,COMPLETED,,2,,
ORD-20261007-06986,2026-10-07 20:34:56,False,CANCELLED,PAYMENT_FAILED,1,2026-10-07 20:36:01,
ORD-20261007-06987,2026-10-07 20:34:58,True,COMPLETED,,2,,
ORD-20261007-06988,2026-10-07 20:34:24,False,COMPLETED,,2,,
ORD-20261007-06989,2026-10-07 20:34:10,True,COMPLETED,,2,,
ORD-20261007-06990,2026-10-07 20:35:34,False,CANCELLED,PAYMENT_FAILED,2,2026-10-07 20:36:39,2026-10-07 20:36:29
ORD-20261007-06991,2026-10-07 20:35:42,True,COMPLETED,,1,,
ORD-20261007-06992,2026-10-07 20:35:35,False,CANCELLED,PAYMENT_FAILED,2,2026-10-07 20:36:48,2026-10-07 20:36:26
ORD-20261007-06993,2026-10-07 20:35:02,True,COMPLETED,,1,,
ORD-20261007-06994,2026-10-07 20:35:42,True,COMPLETED,,2,,
ORD-20261007-06995,2026-10-07 20:35:13,True,COMPLETED,,1,,
ORD-20261007-06996,2026-10-07 20:35:58,True,COMPLETED,,2,,
ORD-20261007-06997,2026-10-07 20:35:41,True,COMPLETED,,1,,
ORD-20261007-06998,2026-10-07 20:35:12,False,CANCELLED,PAYMENT_FAILED,1,2026-10-07 20:36:15,2026-10-07 20:35:59
ORD-20261007-06999,2026-10-07 20:35:39,False,COMPLETED,,1,,
ORD-20261007-07000,2026-10-07 20:35:19,False,CANCELLED,PAYMENT_FAILED,2,2026-10-07 20:36:47,
ORD-20261007-07001,2026-10-07 20:35:32,True,COMPLETED,,2,,
ORD-20261007-07002,2026-10-07 20:35:35,True,COMPLETED,,2,,
ORD-20261007-07003,2026-10-07 20:35:15,True,COMPLETED,,2,,
ORD-20261007-07004,2026-10-07 20:35:39,True,COMPLETED,,1,,
ORD-20261007-07005,2026-10-07 20:35:06,False,CANCELLED,PAYMENT_FAILED,2,2026-10-07 20:35:43,
ORD-20261007-07006,2026-10-07 20:35:09,False,CANCELLED,PAYMENT_FAILED,2,2026-10-07 20:35:58,2026-10-07 20:35:45
ORD-20261007-07007,2026-10-07 20:35:55,True,COMPLETED,,1,,
ORD-20261007-07008,2026-10-07 20:35:10,False,CANCELLED,PAYMENT_FAILED,1,2026-10-07 20:36:29,2026-10-07 20:36:17
ORD-20261007-07009,2026-10-07 20:35:57,True,COMPLETED,,2,,
ORD-20261007-07010,2026-10-07 20:35:57,True,COMPLETED,,2,,
ORD-20261007-07011,2026-10-07 20:35:03,True,COMPLETED,,2,,
ORD-20261007-07012,2026-10-07 20:35:19,True,COMPLETED,,1,,
ORD-20261007-07013,2026-10-07 20:35:27,True,COMPLETED,,2,,
ORD-20261007-07014,2026-10-07 20:35:56,True,COMPLETED,,1,,
ORD-20261007-07015,2026-10-07 20:35:06,False,CANCELLED,PAYMENT_FAILED,2,2026-10-07 20:36:11,2026-10-07 20:35:59
ORD-20261007-07016,2026-10-07 20:35:31,True,COMPLETED,,1,,
ORD-20261007-07017,2026-10-07 20:35:04,True,COMPLETED,,2,,
ORD-20261007-07018,2026-10-07 20:35:58,False,COMPLETED,,2,,
ORD-20261007-07019,2026-10-07 20:35:27,False,COMPLETED,,2,,
ORD-20261007-07020,2026-10-07 20:35:33,True,COMPLETED,,1,,
ORD-20261007-07021,2026-10-07 20:35:48,True,COMPLETED,,2,,
ORD-20261007-07022,2026-10-07 20:35:34,True,COMPLETED,,2,,
ORD-20261007-07023,2026-10-07 20:35:49,True,COMPLETED,,1,,
ORD-20261007-07024,2026-10-07 20:35:24,False,CANCELLED,PAYMENT_FAILED,1,2026-10-07 20:36:42,2026-10-07 20:36:19
ORD-20261007-07025,2026-10-07 20:35:03,True,COMPLETED,,1,,
ORD-20261007-07026,2026-10-07 20:35:08,True,COMPLETED,,1,,
ORD-20261007-07027,2026-10-07 20:35:22,False,CANCELLED,PAYMENT_FAILED,1,2026-10-07 20:35:53,
ORD-20261007-07028,2026-10-07 20:35:11,True,COMPLETED,,2,,
ORD-20261007-07029,2026-10-07 20:35:16,True,COMPLETED,,2,,
ORD-20261007-07030,2026-10-07 20:35:21,True,COMPLETED,,2,,
ORD-20261007-07031,2026-10-07 20:35:33,True,COMPLETED,,1,,
ORD-20261007-07032,2026-10-07 20:35:48,True,COMPLETED,,2,,
ORD-20261007-07033,2026-10-07 20:35:34,False,CANCELLED,PAYMENT_FAILED,1,2026-10-07 20:36:21,2026-10-07 20:36:03
ORD-20261007-07034,2026-10-07 20:35:15,True,COMPLETED,,1,,
ORD-20261007-07035,2026-10-07 20:35:42,False,COMPLETED,,1,,
ORD-20261007-07036,2026-10-07 20:36:03,False,CANCELLED,PAYMENT_FAILED,1,2026-10-07 20:36:40,2026-10-07 20:36:25
ORD-20261007-07037,2026-10-07 20:36:14,False,CANCELLED,PAYMENT_FAILED,2,2026-10-07 20:36:45,
ORD-20261007-07038,2026-10-07 20:36:32,True,COMPLETED,,2,,
ORD-20261007-07039,2026-10-07 20:36:20,False,COMPLETED,,1,,
ORD-20261007-07040,2026-10-07 20:36:35,True,COMPLETED,,2,,
ORD-20261007-07041,2026-10-07 20:36:22,True,COMPLETED,,1,,
ORD-20261007-07042,2026-10-07 20:36:25,True,COMPLETED,,2,,
ORD-20261007-07043,2026-10-07 20:36:32,True,COMPLETED,,1,,
ORD-20261007-07044,2026-10-07 20:36:47,True,COMPLETED,,2,,
ORD-20261007-07045,2026-10-07 20:36:45,True,COMPLETED,,2,,
ORD-20261007-07046,2026-10-07 20:36:53,True,COMPLETED,,2,,
ORD-20261007-07047,2026-10-07 20:36:16,True,COMPLETED,,2,,
ORD-20261007-07048,2026-10-07 20:36:17,True,COMPLETED,,2,,
ORD-20261007-07049,2026-10-07 20:36:18,True,COMPLETED,,1,,
ORD-20261007-07050,2026-10-07 20:36:24,True,COMPLETED,,1,,
ORD-20261007-07051,2026-10-07 20:36:43,False,CANCELLED,PAYMENT_FAILED,1,2026-10-07 20:37:42,
ORD-20261007-07052,2026-10-07 20:36:37,False,CANCELLED,PAYMENT_FAILED,2,2026-10-07 20:37:44,2026-10-07 20:37:24
ORD-20261007-07053,2026-10-07 20:36:24,True,COMPLETED,,1,,
ORD-20261007-07054,2026-10-07 20:36:40,False,CANCELLED,PAYMENT_FAILED,2,2026-10-07 20:37:55,
ORD-20261007-07055,2026-10-07 20:36:25,False,CANCELLED,PAYMENT_FAILED,2,2026-10-07 20:37:33,
ORD-20261007-07056,2026-10-07 20:36:38,True,COMPLETED,,1,,
ORD-20261007-07057,2026-10-07 20:36:53,False,CANCELLED,PAYMENT_FAILED,1,2026-10-07 20:37:49,2026-10-07 20:37:30
ORD-20261007-07058,2026-10-07 20:36:06,True,COMPLETED,,2,,
ORD-20261007-07059,2026-10-07 20:36:08,True,COMPLETED,,1,,
ORD-20261007-07060,2026-10-07 20:36:50,False,COMPLETED,,2,,
ORD-20261007-07061,2026-10-07 20:36:18,True,COMPLETED,,2,,
ORD-20261007-07062,2026-10-07 20:36:36,True,COMPLETED,,1,,
ORD-20261007-07063,2026-10-07 20:36:05,False,CANCELLED,PAYMENT_FAILED,2,2026-10-07 20:37:28,
ORD-20261007-07064,2026-10-07 20:36:45,False,COMPLETED,,1,,
ORD-20261007-07065,2026-10-07 20:36:59,False,CANCELLED,PAYMENT_FAILED,2,2026-10-07 20:37:43,2026-10-07 20:37:23
ORD-20261007-07066,2026-10-07 20:36:59,True,COMPLETED,,2,,
ORD-20261007-07067,2026-10-07 20:36:15,True,COMPLETED,,2,,
ORD-20261007-07068,2026-10-07 20:36:48,True,COMPLETED,,2,,
ORD-20261007-07069,2026-10-07 20:36:21,True,COMPLETED,,1,,
ORD-20261007-07070,2026-10-07 20:36:54,False,CANCELLED,PAYMENT_FAILED,1,2026-10-07 20:37:48,2026-10-07 20:37:35
ORD-20261007-07071,2026-10-07 20:36:38,True,COMPLETED,,1,,
ORD-20261007-07072,2026-10-07 20:36:29,True,COMPLETED,,2,,
ORD-20261007-07073,2026-10-07 20:36:44,True,COMPLETED,,2,,
ORD-20261007-07074,2026-10-07 20:36:50,True,COMPLETED,,1,,
ORD-20261007-07075,2026-10-07 20:36:33,True,COMPLETED,,1,,
ORD-20261007-07076,2026-10-07 20:36:44,True,COMPLETED,,2,,
ORD-20261007-07077,2026-10-07 20:36:02,True,COMPLETED,,1,,
ORD-20261007-07078,2026-10-07 20:37:57,True,COMPLETED,,2,,
ORD-20261007-07079,2026-10-07 20:37:24,True,COMPLETED,,2,,
ORD-20261007-07080,2026-10-07 20:37:16,True,COMPLETED,,2,,
ORD-20261007-07081,2026-10-07 20:37:38,False,CANCELLED,PAYMENT_FAILED,2,2026-10-07 20:38:41,2026-10-07 20:38:28
ORD-20261007-07082,2026-10-07 20:37:34,True,COMPLETED,,1,,
ORD-20261007-07083,2026-10-07 20:37:56,True,COMPLETED,,1,,
ORD-20261007-07084,2026-10-07 20:37:33,True,CANCELLED,DISPATCH_TIMEOUT,1,2026-10-07 20:38:39,2026-10-07 20:38:25
ORD-20261007-07085,2026-10-07 20:37:08,False,CANCELLED,PAYMENT_FAILED,1,2026-10-07 20:38:20,2026-10-07 20:38:04
ORD-20261007-07086,2026-10-07 20:37:56,False,CANCELLED,PAYMENT_FAILED,1,2026-10-07 20:39:23,2026-10-07 20:39:11
ORD-20261007-07087,2026-10-07 20:37:36,False,CANCELLED,PAYMENT_FAILED,2,2026-10-07 20:38:29,
ORD-20261007-07088,2026-10-07 20:37:58,False,CANCELLED,PAYMENT_FAILED,2,2026-10-07 20:39:01,
ORD-20261007-07089,2026-10-07 20:37:21,True,COMPLETED,,1,,
ORD-20261007-07090,2026-10-07 20:37:46,True,COMPLETED,,1,,
ORD-20261007-07091,2026-10-07 20:37:10,True,COMPLETED,,2,,
ORD-20261007-07092,2026-10-07 20:37:08,False,CANCELLED,PAYMENT_FAILED,1,2026-10-07 20:38:18,
ORD-20261007-07093,2026-10-07 20:37:11,False,CANCELLED,PAYMENT_FAILED,1,2026-10-07 20:38:00,
ORD-20261007-07094,2026-10-07 20:37:38,False,CANCELLED,PAYMENT_FAILED,1,2026-10-07 20:39:06,2026-10-07 20:38:45
ORD-20261007-07095,2026-10-07 20:37:56,True,COMPLETED,,2,,
ORD-20261007-07096,2026-10-07 20:37:20,True,COMPLETED,,1,,
ORD-20261007-07097,2026-10-07 20:37:20,True,COMPLETED,,1,,
ORD-20261007-07098,2026-10-07 20:37:26,True,COMPLETED,,2,,
ORD-20261007-07099,2026-10-07 20:37:45,True,COMPLETED,,1,,
ORD-20261007-07100,2026-10-07 20:37:12,True,COMPLETED,,1,,
ORD-20261007-07101,2026-10-07 20:37:51,True,COMPLETED,,1,,
ORD-20261007-07102,2026-10-07 20:37:21,True,COMPLETED,,1,,
ORD-20261007-07103,2026-10-07 20:37:58,False,COMPLETED,,1,,
ORD-20261007-07104,2026-10-07 20:37:04,True,COMPLETED,,1,,
ORD-20261007-07105,2026-10-07 20:37:15,False,CANCELLED,PAYMENT_FAILED,1,2026-10-07 20:37:50,
ORD-20261007-07106,2026-10-07 20:37:16,True,COMPLETED,,1,,
ORD-20261007-07107,2026-10-07 20:37:32,False,CANCELLED,PAYMENT_FAILED,1,2026-10-07 20:38:29,2026-10-07 20:38:09
ORD-20261007-07108,2026-10-07 20:37:14,True,COMPLETED,,1,,
ORD-20261007-07109,2026-10-07 20:37:02,True,COMPLETED,,2,,
ORD-20261007-07110,2026-10-07 20:37:54,True,COMPLETED,,2,,
ORD-20261007-07111,2026-10-07 20:37:58,False,CANCELLED,PAYMENT_FAILED,1,2026-10-07 20:38:40,2026-10-07 20:38:21
ORD-20261007-07112,2026-10-07 20:37:38,True,COMPLETED,,1,,
ORD-20261007-07113,2026-10-07 20:37:32,False,CANCELLED,PAYMENT_FAILED,1,2026-10-07 20:38:37,2026-10-07 20:38:26
ORD-20261007-07114,2026-10-07 20:37:26,True,COMPLETED,,2,,
ORD-20261007-07115,2026-10-07 20:37:30,True,COMPLETED,,1,,
ORD-20261007-07116,2026-10-07 20:37:16,True,COMPLETED,,2,,
ORD-20261007-07117,2026-10-07 20:37:11,True,CANCELLED,DISPATCH_TIMEOUT,2,2026-10-07 20:37:59,
ORD-20261007-07118,2026-10-07 20:37:23,False,CANCELLED,PAYMENT_FAILED,1,2026-10-07 20:38:22,2026-10-07 20:37:58
ORD-20261007-07119,2026-10-07 20:37:24,False,CANCELLED,PAYMENT_FAILED,2,2026-10-07 20:38:11,2026-10-07 20:37:47
ORD-20261007-07120,2026-10-07 20:37:40,True,COMPLETED,,2,,
ORD-20261007-07121,2026-10-07 20:37:00,False,CANCELLED,PAYMENT_FAILED,1,2026-10-07 20:37:46,
ORD-20261007-07122,2026-10-07 20:37:40,True,COMPLETED,,1,,
ORD-20261007-07123,2026-10-07 20:38:11,True,COMPLETED,,2,,
ORD-20261007-07124,2026-10-07 20:38:33,False,CANCELLED,PAYMENT_FAILED,1,2026-10-07 20:39:16,2026-10-07 20:39:02
ORD-20261007-07125,2026-10-07 20:38:04,True,COMPLETED,,1,,
ORD-20261007-07126,2026-10-07 20:38:52,False,COMPLETED,,2,,
ORD-20261007-07127,2026-10-07 20:38:33,False,CANCELLED,PAYMENT_FAILED,1,2026-10-07 20:39:05,
ORD-20261007-07128,2026-10-07 20:38:04,False,COMPLETED,,2,,
ORD-20261007-07129,2026-10-07 20:38:45,False,CANCELLED,PAYMENT_FAILED,2,2026-10-07 20:39:56,2026-10-07 20:39:41
ORD-20261007-07130,2026-10-07 20:38:41,True,COMPLETED,,1,,
ORD-20261007-07131,2026-10-07 20:38:14,True,COMPLETED,,1,,
ORD-20261007-07132,2026-10-07 20:38:03,False,CANCELLED,PAYMENT_FAILED,2,2026-10-07 20:38:52,2026-10-07 20:38:37
ORD-20261007-07133,2026-10-07 20:38:44,True,COMPLETED,,1,,
ORD-20261007-07134,2026-10-07 20:38:46,True,COMPLETED,,2,,
ORD-20261007-07135,2026-10-07 20:38:03,True,COMPLETED,,2,,
ORD-20261007-07136,2026-10-07 20:38:09,False,CANCELLED,PAYMENT_FAILED,2,2026-10-07 20:39:31,2026-10-07 20:39:15
ORD-20261007-07137,2026-10-07 20:38:23,True,COMPLETED,,1,,
ORD-20261007-07138,2026-10-07 20:38:06,True,COMPLETED,,2,,
ORD-20261007-07139,2026-10-07 20:38:10,False,COMPLETED,,1,,
ORD-20261007-07140,2026-10-07 20:38:39,False,CANCELLED,PAYMENT_FAILED,2,2026-10-07 20:39:57,
ORD-20261007-07141,2026-10-07 20:38:23,False,COMPLETED,,1,,
ORD-20261007-07142,2026-10-07 20:38:34,False,CANCELLED,PAYMENT_FAILED,1,2026-10-07 20:39:43,2026-10-07 20:39:22
ORD-20261007-07143,2026-10-07 20:38:30,False,CANCELLED,PAYMENT_FAILED,2,2026-10-07 20:39:20,
ORD-20261007-07144,2026-10-07 20:38:40,False,CANCELLED,PAYMENT_FAILED,1,2026-10-07 20:40:02,
ORD-20261007-07145,2026-10-07 20:38:11,True,COMPLETED,,2,,
ORD-20261007-07146,2026-10-07 20:38:31,False,CANCELLED,PAYMENT_FAILED,1,2026-10-07 20:39:02,2026-10-07 20:38:41
ORD-20261007-07147,2026-10-07 20:38:45,False,COMPLETED,,1,,
ORD-20261007-07148,2026-10-07 20:38:42,True,COMPLETED,,1,,
ORD-20261007-07149,2026-10-07 20:38:24,True,COMPLETED,,1,,
ORD-20261007-07150,2026-10-07 20:38:50,True,COMPLETED,,1,,
ORD-20261007-07151,2026-10-07 20:38:42,False,CANCELLED,PAYMENT_FAILED,1,2026-10-07 20:39:55,2026-10-07 20:39:35
ORD-20261007-07152,2026-10-07 20:38:08,True,COMPLETED,,1,,
ORD-20261007-07153,2026-10-07 20:38:58,True,COMPLETED,,2,,
ORD-20261007-07154,2026-10-07 20:38:34,True,COMPLETED,,2,,
ORD-20261007-07155,2026-10-07 20:38:19,False,COMPLETED,,1,,
ORD-20261007-07156,2026-10-07 20:38:12,False,COMPLETED,,2,,
ORD-20261007-07157,2026-10-07 20:38:33,True,COMPLETED,,1,,
ORD-20261007-07158,2026-10-07 20:38:41,True,COMPLETED,,1,,
ORD-20261007-07159,2026-10-07 20:38:39,True,COMPLETED,,2,,
ORD-20261007-07160,2026-10-07 20:38:34,False,CANCELLED,PAYMENT_FAILED,1,2026-10-07 20:39:36,2026-10-07 20:39:20
ORD-20261007-07161,2026-10-07 20:38:35,False,COMPLETED,,2,,
ORD-20261007-07162,2026-10-07 20:38:24,True,COMPLETED,,1,,
ORD-20261007-07163,2026-10-07 20:38:24,True,COMPLETED,,2,,
ORD-20261007-07164,2026-10-07 20:38:29,True,COMPLETED,,2,,
ORD-20261007-07165,2026-10-07 20:38:44,True,COMPLETED,,2,,
ORD-20261007-07166,2026-10-07 20:38:49,True,COMPLETED,,2,,
ORD-20261007-07167,2026-10-07 20:38:36,True,COMPLETED,,1,,
ORD-20261007-07168,2026-10-07 20:39:49,False,COMPLETED,,2,,
ORD-20261007-07169,2026-10-07 20:39:39,True,COMPLETED,,1,,
ORD-20261007-07170,2026-10-07 20:39:29,True,COMPLETED,,2,,
ORD-20261007-07171,2026-10-07 20:39:25,True,COMPLETED,,1,,
ORD-20261007-07172,2026-10-07 20:39:02,True,COMPLETED,,2,,
ORD-20261007-07173,2026-10-07 20:39:31,True,COMPLETED,,1,,
ORD-20261007-07174,2026-10-07 20:39:59,True,COMPLETED,,2,,
ORD-20261007-07175,2026-10-07 20:39:28,True,COMPLETED,,2,,
ORD-20261007-07176,2026-10-07 20:39:13,True,COMPLETED,,2,,
ORD-20261007-07177,2026-10-07 20:39:34,True,COMPLETED,,1,,
ORD-20261007-07178,2026-10-07 20:39:22,True,CANCELLED,DISPATCH_TIMEOUT,1,2026-10-07 20:40:06,
ORD-20261007-07179,2026-10-07 20:39:34,False,CANCELLED,PAYMENT_FAILED,1,2026-10-07 20:40:09,2026-10-07 20:39:53
ORD-20261007-07180,2026-10-07 20:39:55,False,CANCELLED,PAYMENT_FAILED,1,2026-10-07 20:41:02,2026-10-07 20:40:47
ORD-20261007-07181,2026-10-07 20:39:15,True,COMPLETED,,1,,
ORD-20261007-07182,2026-10-07 20:39:09,True,COMPLETED,,2,,
ORD-20261007-07183,2026-10-07 20:39:09,False,CANCELLED,PAYMENT_FAILED,1,2026-10-07 20:40:09,2026-10-07 20:39:56
ORD-20261007-07184,2026-10-07 20:39:57,False,CANCELLED,PAYMENT_FAILED,1,2026-10-07 20:40:51,
ORD-20261007-07185,2026-10-07 20:39:03,False,COMPLETED,,1,,
ORD-20261007-07186,2026-10-07 20:39:55,False,CANCELLED,PAYMENT_FAILED,2,2026-10-07 20:40:55,
ORD-20261007-07187,2026-10-07 20:39:55,True,COMPLETED,,1,,
ORD-20261007-07188,2026-10-07 20:39:37,False,CANCELLED,PAYMENT_FAILED,1,2026-10-07 20:40:32,
ORD-20261007-07189,2026-10-07 20:39:03,True,COMPLETED,,1,,
ORD-20261007-07190,2026-10-07 20:39:19,False,COMPLETED,,2,,
ORD-20261007-07191,2026-10-07 20:39:53,False,CANCELLED,PAYMENT_FAILED,2,2026-10-07 20:40:56,
ORD-20261007-07192,2026-10-07 20:39:38,False,CANCELLED,PAYMENT_FAILED,1,2026-10-07 20:40:23,2026-10-07 20:40:00
ORD-20261007-07193,2026-10-07 20:39:09,False,COMPLETED,,1,,
ORD-20261007-07194,2026-10-07 20:39:38,True,COMPLETED,,1,,
ORD-20261007-07195,2026-10-07 20:39:22,False,COMPLETED,,2,,
ORD-20261007-07196,2026-10-07 20:39:11,True,COMPLETED,,2,,
ORD-20261007-07197,2026-10-07 20:39:07,True,COMPLETED,,2,,
ORD-20261007-07198,2026-10-07 20:39:04,True,COMPLETED,,1,,
ORD-20261007-07199,2026-10-07 20:39:40,True,COMPLETED,,2,,
ORD-20261007-07200,2026-10-07 20:39:39,True,COMPLETED,,1,,
ORD-20261007-07201,2026-10-07 20:39:17,True,COMPLETED,,2,,
ORD-20261007-07202,2026-10-07 20:39:59,True,COMPLETED,,2,,
ORD-20261007-07203,2026-10-07 20:39:15,True,COMPLETED,,1,,
ORD-20261007-07204,2026-10-07 20:39:43,False,CANCELLED,PAYMENT_FAILED,1,2026-10-07 20:41:01,
ORD-20261007-07205,2026-10-07 20:39:39,True,COMPLETED,,1,,
ORD-20261007-07206,2026-10-07 20:39:18,False,CANCELLED,PAYMENT_FAILED,1,2026-10-07 20:39:53,2026-10-07 20:39:34
ORD-20261007-07207,2026-10-07 20:39:57,True,COMPLETED,,2,,
ORD-20261007-07208,2026-10-07 20:39:35,False,CANCELLED,PAYMENT_FAILED,1,2026-10-07 20:40:35,
ORD-20261007-07209,2026-10-07 20:39:36,False,CANCELLED,PAYMENT_FAILED,2,2026-10-07 20:40:43,2026-10-07 20:40:29
ORD-20261007-07210,2026-10-07 20:39:17,True,COMPLETED,,2,,
ORD-20261007-07211,2026-10-07 20:39:25,False,CANCELLED,PAYMENT_FAILED,2,2026-10-07 20:40:11,2026-10-07 20:39:51
ORD-20261007-07212,2026-10-07 20:39:23,True,COMPLETED,,1,,
ORD-20261007-07213,2026-10-07 20:39:54,True,COMPLETED,,1,,
ORD-20261007-07214,2026-10-07 20:39:43,True,COMPLETED,,2,,
ORD-20261007-07215,2026-10-07 20:40:13,True,COMPLETED,,1,,
ORD-20261007-07216,2026-10-07 20:40:43,True,COMPLETED,,2,,
ORD-20261007-07217,2026-10-07 20:40:55,True,CANCELLED,DISPATCH_TIMEOUT,2,2026-10-07 20:42:09,
ORD-20261007-07218,2026-10-07 20:40:20,True,COMPLETED,,1,,
ORD-20261007-07219,2026-10-07 20:40:01,False,CANCELLED,PAYMENT_FAILED,2,2026-10-07 20:41:21,
ORD-20261007-07220,2026-10-07 20:40:49,True,COMPLETED,,1,,
ORD-20261007-07221,2026-10-07 20:40:27,True,COMPLETED,,1,,
ORD-20261007-07222,2026-10-07 20:40:32,False,COMPLETED,,1,,
ORD-20261007-07223,2026-10-07 20:40:27,True,COMPLETED,,1,,
ORD-20261007-07224,2026-10-07 20:40:50,True,COMPLETED,,1,,
ORD-20261007-07225,2026-10-07 20:40:38,True,COMPLETED,,2,,
ORD-20261007-07226,2026-10-07 20:40:44,True,CANCELLED,DISPATCH_TIMEOUT,1,2026-10-07 20:41:45,2026-10-07 20:41:28
ORD-20261007-07227,2026-10-07 20:40:16,True,COMPLETED,,1,,
ORD-20261007-07228,2026-10-07 20:40:19,True,CANCELLED,RIDER_REJECTION,2,2026-10-07 20:41:42,2026-10-07 20:41:18
ORD-20261007-07229,2026-10-07 20:40:36,True,COMPLETED,,2,,
ORD-20261007-07230,2026-10-07 20:40:22,True,COMPLETED,,1,,
ORD-20261007-07231,2026-10-07 20:40:14,True,COMPLETED,,2,,
ORD-20261007-07232,2026-10-07 20:40:14,True,COMPLETED,,2,,
ORD-20261007-07233,2026-10-07 20:40:49,True,CANCELLED,DISPATCH_TIMEOUT,1,2026-10-07 20:41:47,
ORD-20261007-07234,2026-10-07 20:40:29,False,CANCELLED,PAYMENT_FAILED,1,2026-10-07 20:41:07,
ORD-20261007-07235,2026-10-07 20:40:42,False,CANCELLED,PAYMENT_FAILED,2,2026-10-07 20:41:23,2026-10-07 20:41:06
ORD-20261007-07236,2026-10-07 20:40:58,True,COMPLETED,,1,,
ORD-20261007-07237,2026-10-07 20:40:51,True,COMPLETED,,1,,
ORD-20261007-07238,2026-10-07 20:40:50,False,CANCELLED,PAYMENT_FAILED,2,2026-10-07 20:41:46,2026-10-07 20:41:25
ORD-20261007-07239,2026-10-07 20:40:31,False,COMPLETED,,1,,
ORD-20261007-07240,2026-10-07 20:40:34,True,COMPLETED,,2,,
ORD-20261007-07241,2026-10-07 20:40:56,True,COMPLETED,,1,,
ORD-20261007-07242,2026-10-07 20:40:30,True,COMPLETED,,1,,
ORD-20261007-07243,2026-10-07 20:40:44,True,COMPLETED,,1,,
ORD-20261007-07244,2026-10-07 20:40:26,True,COMPLETED,,1,,
ORD-20261007-07245,2026-10-07 20:40:40,True,COMPLETED,,1,,
ORD-20261007-07246,2026-10-07 20:40:46,False,CANCELLED,PAYMENT_FAILED,1,2026-10-07 20:41:50,
ORD-20261007-07247,2026-10-07 20:40:59,False,CANCELLED,PAYMENT_FAILED,1,2026-10-07 20:41:37,2026-10-07 20:41:26
ORD-20261007-07248,2026-10-07 20:40:15,True,COMPLETED,,2,,
ORD-20261007-07249,2026-10-07 20:40:15,True,COMPLETED,,1,,
ORD-20261007-07250,2026-10-07 20:40:01,True,COMPLETED,,2,,
ORD-20261007-07251,2026-10-07 20:40:43,True,COMPLETED,,2,,
ORD-20261007-07252,2026-10-07 20:40:38,False,COMPLETED,,2,,
ORD-20261007-07253,2026-10-07 20:40:21,True,COMPLETED,,1,,
ORD-20261007-07254,2026-10-07 20:40:15,True,COMPLETED,,1,,
ORD-20261007-07255,2026-10-07 20:40:08,True,COMPLETED,,2,,
ORD-20261007-07256,2026-10-07 20:40:30,False,CANCELLED,PAYMENT_FAILED,1,2026-10-07 20:41:42,2026-10-07 20:41:18
ORD-20261007-07257,2026-10-07 20:40:40,True,COMPLETED,,1,,
ORD-20261007-07258,2026-10-07 20:40:11,True,COMPLETED,,1,,
ORD-20261007-07259,2026-10-07 20:40:39,False,CANCELLED,PAYMENT_FAILED,2,2026-10-07 20:42:03,
ORD-20261007-07260,2026-10-07 20:40:39,True,COMPLETED,,1,,
ORD-20261007-07261,2026-10-07 20:40:18,True,COMPLETED,,1,,
ORD-20261007-07262,2026-10-07 20:40:28,True,COMPLETED,,2,,
ORD-20261007-07263,2026-10-07 20:41:47,True,COMPLETED,,2,,
ORD-20261007-07264,2026-10-07 20:41:09,True,COMPLETED,,1,,
ORD-20261007-07265,2026-10-07 20:41:04,False,COMPLETED,,2,,
ORD-20261007-07266,2026-10-07 20:41:28,True,COMPLETED,,1,,
ORD-20261007-07267,2026-10-07 20:41:11,True,COMPLETED,,2,,
ORD-20261007-07268,2026-10-07 20:41:13,True,COMPLETED,,2,,
ORD-20261007-07269,2026-10-07 20:41:06,True,COMPLETED,,1,,
ORD-20261007-07270,2026-10-07 20:41:26,True,COMPLETED,,1,,
ORD-20261007-07271,2026-10-07 20:41:42,False,CANCELLED,PAYMENT_FAILED,2,2026-10-07 20:42:46,2026-10-07 20:42:29
ORD-20261007-07272,2026-10-07 20:41:04,True,COMPLETED,,2,,
ORD-20261007-07273,2026-10-07 20:41:51,True,COMPLETED,,1,,
ORD-20261007-07274,2026-10-07 20:41:53,True,COMPLETED,,2,,
ORD-20261007-07275,2026-10-07 20:41:19,False,CANCELLED,PAYMENT_FAILED,1,2026-10-07 20:41:58,2026-10-07 20:41:47
ORD-20261007-07276,2026-10-07 20:41:58,False,CANCELLED,PAYMENT_FAILED,2,2026-10-07 20:42:41,2026-10-07 20:42:24
ORD-20261007-07277,2026-10-07 20:41:51,False,COMPLETED,,1,,
ORD-20261007-07278,2026-10-07 20:41:47,True,COMPLETED,,2,,
ORD-20261007-07279,2026-10-07 20:41:19,True,COMPLETED,,2,,
ORD-20261007-07280,2026-10-07 20:41:02,False,CANCELLED,PAYMENT_FAILED,1,2026-10-07 20:42:11,2026-10-07 20:41:56
ORD-20261007-07281,2026-10-07 20:41:30,True,COMPLETED,,1,,
ORD-20261007-07282,2026-10-07 20:41:50,False,COMPLETED,,2,,
ORD-20261007-07283,2026-10-07 20:41:15,True,COMPLETED,,1,,
ORD-20261007-07284,2026-10-07 20:41:43,False,COMPLETED,,1,,
ORD-20261007-07285,2026-10-07 20:41:35,False,CANCELLED,PAYMENT_FAILED,1,2026-10-07 20:42:46,2026-10-07 20:42:24
ORD-20261007-07286,2026-10-07 20:41:32,True,CANCELLED,DISPATCH_TIMEOUT,1,2026-10-07 20:42:30,
ORD-20261007-07287,2026-10-07 20:41:14,True,COMPLETED,,2,,
ORD-20261007-07288,2026-10-07 20:41:26,True,COMPLETED,,1,,
ORD-20261007-07289,2026-10-07 20:41:53,False,CANCELLED,PAYMENT_FAILED,1,2026-10-07 20:43:22,2026-10-07 20:43:02
ORD-20261007-07290,2026-10-07 20:41:24,True,COMPLETED,,1,,
ORD-20261007-07291,2026-10-07 20:41:50,True,COMPLETED,,2,,
ORD-20261007-07292,2026-10-07 20:41:25,True,COMPLETED,,1,,
ORD-20261007-07293,2026-10-07 20:41:35,False,CANCELLED,PAYMENT_FAILED,2,2026-10-07 20:42:54,2026-10-07 20:42:32
ORD-20261007-07294,2026-10-07 20:41:12,False,CANCELLED,PAYMENT_FAILED,2,2026-10-07 20:42:17,2026-10-07 20:41:59
ORD-20261007-07295,2026-10-07 20:41:42,True,COMPLETED,,2,,
ORD-20261007-07296,2026-10-07 20:41:00,True,COMPLETED,,1,,
ORD-20261007-07297,2026-10-07 20:41:48,False,CANCELLED,PAYMENT_FAILED,1,2026-10-07 20:42:29,
ORD-20261007-07298,2026-10-07 20:41:22,False,CANCELLED,PAYMENT_FAILED,1,2026-10-07 20:42:49,2026-10-07 20:42:34
ORD-20261007-07299,2026-10-07 20:41:32,True,COMPLETED,,1,,
ORD-20261007-07300,2026-10-07 20:41:30,True,COMPLETED,,2,,
ORD-20261007-07301,2026-10-07 20:41:06,False,CANCELLED,PAYMENT_FAILED,2,2026-10-07 20:41:48,
ORD-20261007-07302,2026-10-07 20:41:59,True,COMPLETED,,1,,
ORD-20261007-07303,2026-10-07 20:41:59,True,COMPLETED,,1,,
ORD-20261007-07304,2026-10-07 20:41:07,True,COMPLETED,,2,,
ORD-20261007-07305,2026-10-07 20:41:35,False,CANCELLED,PAYMENT_FAILED,2,2026-10-07 20:42:11,2026-10-07 20:41:57
ORD-20261007-07306,2026-10-07 20:41:07,False,CANCELLED,PAYMENT_FAILED,2,2026-10-07 20:41:40,2026-10-07 20:41:18
ORD-20261007-07307,2026-10-07 20:41:29,False,COMPLETED,,1,,
ORD-20261007-07308,2026-10-07 20:41:04,False,COMPLETED,,2,,
ORD-20261007-07309,2026-10-07 20:42:06,True,COMPLETED,,1,,
ORD-20261007-07310,2026-10-07 20:42:16,True,COMPLETED,,2,,
ORD-20261007-07311,2026-10-07 20:42:11,True,COMPLETED,,2,,
ORD-20261007-07312,2026-10-07 20:42:21,True,COMPLETED,,2,,
ORD-20261007-07313,2026-10-07 20:42:47,True,COMPLETED,,1,,
ORD-20261007-07314,2026-10-07 20:42:00,True,COMPLETED,,1,,
ORD-20261007-07315,2026-10-07 20:42:13,False,CANCELLED,PAYMENT_FAILED,1,2026-10-07 20:43:28,
ORD-20261007-07316,2026-10-07 20:42:58,False,CANCELLED,PAYMENT_FAILED,2,2026-10-07 20:43:46,2026-10-07 20:43:35
ORD-20261007-07317,2026-10-07 20:42:11,True,COMPLETED,,1,,
ORD-20261007-07318,2026-10-07 20:42:21,False,CANCELLED,PAYMENT_FAILED,1,2026-10-07 20:43:39,
ORD-20261007-07319,2026-10-07 20:42:02,True,COMPLETED,,2,,
ORD-20261007-07320,2026-10-07 20:42:18,False,CANCELLED,PAYMENT_FAILED,1,2026-10-07 20:42:55,2026-10-07 20:42:31
ORD-20261007-07321,2026-10-07 20:42:02,True,COMPLETED,,2,,
ORD-20261007-07322,2026-10-07 20:42:27,False,COMPLETED,,1,,
ORD-20261007-07323,2026-10-07 20:42:06,True,COMPLETED,,2,,
ORD-20261007-07324,2026-10-07 20:42:21,False,CANCELLED,PAYMENT_FAILED,1,2026-10-07 20:42:58,2026-10-07 20:42:46
ORD-20261007-07325,2026-10-07 20:42:23,False,CANCELLED,PAYMENT_FAILED,2,2026-10-07 20:43:02,
ORD-20261007-07326,2026-10-07 20:42:08,True,COMPLETED,,1,,
ORD-20261007-07327,2026-10-07 20:42:40,True,COMPLETED,,2,,
ORD-20261007-07328,2026-10-07 20:42:33,True,COMPLETED,,2,,
ORD-20261007-07329,2026-10-07 20:42:15,True,COMPLETED,,2,,
ORD-20261007-07330,2026-10-07 20:42:46,True,COMPLETED,,1,,
ORD-20261007-07331,2026-10-07 20:42:04,False,CANCELLED,PAYMENT_FAILED,1,2026-10-07 20:42:56,2026-10-07 20:42:33
ORD-20261007-07332,2026-10-07 20:42:06,False,COMPLETED,,2,,
ORD-20261007-07333,2026-10-07 20:42:50,False,CANCELLED,PAYMENT_FAILED,1,2026-10-07 20:43:41,2026-10-07 20:43:23
ORD-20261007-07334,2026-10-07 20:42:38,True,COMPLETED,,2,,
ORD-20261007-07335,2026-10-07 20:42:42,True,COMPLETED,,2,,
ORD-20261007-07336,2026-10-07 20:42:19,True,COMPLETED,,2,,
ORD-20261007-07337,2026-10-07 20:42:16,True,COMPLETED,,2,,
ORD-20261007-07338,2026-10-07 20:42:44,False,COMPLETED,,2,,
ORD-20261007-07339,2026-10-07 20:42:53,True,COMPLETED,,1,,
ORD-20261007-07340,2026-10-07 20:42:54,True,COMPLETED,,1,,
ORD-20261007-07341,2026-10-07 20:42:56,False,CANCELLED,PAYMENT_FAILED,2,2026-10-07 20:43:44,2026-10-07 20:43:30
ORD-20261007-07342,2026-10-07 20:42:41,False,CANCELLED,PAYMENT_FAILED,1,2026-10-07 20:43:51,2026-10-07 20:43:41
ORD-20261007-07343,2026-10-07 20:42:44,False,COMPLETED,,2,,
ORD-20261007-07344,2026-10-07 20:42:19,True,COMPLETED,,2,,
ORD-20261007-07345,2026-10-07 20:42:56,True,COMPLETED,,2,,
ORD-20261007-07346,2026-10-07 20:42:17,True,COMPLETED,,2,,
ORD-20261007-07347,2026-10-07 20:42:48,True,COMPLETED,,1,,
ORD-20261007-07348,2026-10-07 20:42:15,True,COMPLETED,,2,,
ORD-20261007-07349,2026-10-07 20:42:03,True,COMPLETED,,1,,
ORD-20261007-07350,2026-10-07 20:42:26,True,COMPLETED,,2,,
ORD-20261007-07351,2026-10-07 20:42:33,True,COMPLETED,,2,,
ORD-20261007-07352,2026-10-07 20:42:21,True,COMPLETED,,1,,
ORD-20261007-07353,2026-10-07 20:43:03,True,COMPLETED,,1,,
ORD-20261007-07354,2026-10-07 20:43:52,False,CANCELLED,PAYMENT_FAILED,1,2026-10-07 20:44:33,2026-10-07 20:44:20
ORD-20261007-07355,2026-10-07 20:43:06,False,CANCELLED,PAYMENT_FAILED,1,2026-10-07 20:43:36,
ORD-20261007-07356,2026-10-07 20:43:36,True,COMPLETED,,2,,
ORD-20261007-07357,2026-10-07 20:43:45,False,CANCELLED,PAYMENT_FAILED,2,2026-10-07 20:45:01,2026-10-07 20:44:39
ORD-20261007-07358,2026-10-07 20:43:46,True,COMPLETED,,1,,
ORD-20261007-07359,2026-10-07 20:43:57,True,COMPLETED,,1,,
ORD-20261007-07360,2026-10-07 20:43:25,True,COMPLETED,,2,,
ORD-20261007-07361,2026-10-07 20:43:36,True,COMPLETED,,2,,
ORD-20261007-07362,2026-10-07 20:43:04,True,COMPLETED,,2,,
ORD-20261007-07363,2026-10-07 20:43:17,True,COMPLETED,,1,,
ORD-20261007-07364,2026-10-07 20:43:47,True,COMPLETED,,1,,
ORD-20261007-07365,2026-10-07 20:43:27,False,CANCELLED,PAYMENT_FAILED,2,2026-10-07 20:44:27,
ORD-20261007-07366,2026-10-07 20:43:01,False,CANCELLED,PAYMENT_FAILED,1,2026-10-07 20:44:03,2026-10-07 20:43:43
ORD-20261007-07367,2026-10-07 20:43:54,True,COMPLETED,,2,,
ORD-20261007-07368,2026-10-07 20:43:54,True,COMPLETED,,1,,
ORD-20261007-07369,2026-10-07 20:43:37,False,CANCELLED,PAYMENT_FAILED,1,2026-10-07 20:44:22,2026-10-07 20:44:05
ORD-20261007-07370,2026-10-07 20:43:30,False,CANCELLED,PAYMENT_FAILED,2,2026-10-07 20:44:01,
ORD-20261007-07371,2026-10-07 20:43:28,False,COMPLETED,,1,,
ORD-20261007-07372,2026-10-07 20:43:22,True,COMPLETED,,2,,
ORD-20261007-07373,2026-10-07 20:43:40,True,COMPLETED,,1,,
ORD-20261007-07374,2026-10-07 20:43:14,True,COMPLETED,,2,,
ORD-20261007-07375,2026-10-07 20:43:05,False,CANCELLED,PAYMENT_FAILED,1,2026-10-07 20:44:32,2026-10-07 20:44:16
ORD-20261007-07376,2026-10-07 20:43:13,False,COMPLETED,,2,,
ORD-20261007-07377,2026-10-07 20:43:02,True,COMPLETED,,2,,
ORD-20261007-07378,2026-10-07 20:43:17,False,CANCELLED,PAYMENT_FAILED,2,2026-10-07 20:43:56,2026-10-07 20:43:45
ORD-20261007-07379,2026-10-07 20:43:18,True,COMPLETED,,2,,
ORD-20261007-07380,2026-10-07 20:43:03,False,CANCELLED,PAYMENT_FAILED,2,2026-10-07 20:44:20,2026-10-07 20:43:59
ORD-20261007-07381,2026-10-07 20:43:53,True,COMPLETED,,2,,
ORD-20261007-07382,2026-10-07 20:43:36,True,COMPLETED,,2,,
ORD-20261007-07383,2026-10-07 20:43:35,True,COMPLETED,,2,,
ORD-20261007-07384,2026-10-07 20:43:16,True,COMPLETED,,1,,
ORD-20261007-07385,2026-10-07 20:43:53,False,CANCELLED,PAYMENT_FAILED,2,2026-10-07 20:44:51,2026-10-07 20:44:41
ORD-20261007-07386,2026-10-07 20:43:38,True,COMPLETED,,1,,
ORD-20261007-07387,2026-10-07 20:43:29,False,CANCELLED,PAYMENT_FAILED,1,2026-10-07 20:44:06,
ORD-20261007-07388,2026-10-07 20:43:21,True,COMPLETED,,1,,
ORD-20261007-07389,2026-10-07 20:43:58,True,COMPLETED,,1,,
ORD-20261007-07390,2026-10-07 20:43:00,False,CANCELLED,PAYMENT_FAILED,1,2026-10-07 20:43:39,2026-10-07 20:43:21
ORD-20261007-07391,2026-10-07 20:43:08,False,CANCELLED,PAYMENT_FAILED,2,2026-10-07 20:43:42,2026-10-07 20:43:19
ORD-20261007-07392,2026-10-07 20:43:43,True,COMPLETED,,2,,
ORD-20261007-07393,2026-10-07 20:43:11,False,CANCELLED,PAYMENT_FAILED,1,2026-10-07 20:44:39,2026-10-07 20:44:24
ORD-20261007-07394,2026-10-07 20:43:08,True,COMPLETED,,2,,
ORD-20261007-07395,2026-10-07 20:43:36,True,COMPLETED,,1,,
ORD-20261007-07396,2026-10-07 20:43:52,True,COMPLETED,,2,,
ORD-20261007-07397,2026-10-07 20:44:00,True,COMPLETED,,1,,
ORD-20261007-07398,2026-10-07 20:44:39,True,CANCELLED,RIDER_REJECTION,1,2026-10-07 20:45:21,2026-10-07 20:45:05
ORD-20261007-07399,2026-10-07 20:44:16,True,COMPLETED,,2,,
ORD-20261007-07400,2026-10-07 20:44:26,True,COMPLETED,,1,,
ORD-20261007-07401,2026-10-07 20:44:45,True,COMPLETED,,2,,
ORD-20261007-07402,2026-10-07 20:44:18,False,CANCELLED,PAYMENT_FAILED,2,2026-10-07 20:45:19,2026-10-07 20:45:01
ORD-20261007-07403,2026-10-07 20:44:13,True,COMPLETED,,1,,
ORD-20261007-07404,2026-10-07 20:44:50,False,CANCELLED,PAYMENT_FAILED,1,2026-10-07 20:46:19,
ORD-20261007-07405,2026-10-07 20:44:20,True,COMPLETED,,1,,
ORD-20261007-07406,2026-10-07 20:44:09,True,COMPLETED,,1,,
ORD-20261007-07407,2026-10-07 20:44:50,True,COMPLETED,,2,,
ORD-20261007-07408,2026-10-07 20:44:13,True,CANCELLED,DISPATCH_TIMEOUT,2,2026-10-07 20:44:51,
ORD-20261007-07409,2026-10-07 20:44:54,True,COMPLETED,,1,,
ORD-20261007-07410,2026-10-07 20:44:29,True,COMPLETED,,2,,
ORD-20261007-07411,2026-10-07 20:44:13,False,CANCELLED,PAYMENT_FAILED,1,2026-10-07 20:45:41,
ORD-20261007-07412,2026-10-07 20:44:06,False,CANCELLED,PAYMENT_FAILED,2,2026-10-07 20:45:07,
ORD-20261007-07413,2026-10-07 20:44:47,True,COMPLETED,,2,,
ORD-20261007-07414,2026-10-07 20:44:48,True,COMPLETED,,2,,
ORD-20261007-07415,2026-10-07 20:44:24,True,COMPLETED,,1,,
ORD-20261007-07416,2026-10-07 20:44:58,True,COMPLETED,,1,,
ORD-20261007-07417,2026-10-07 20:44:07,True,COMPLETED,,2,,
ORD-20261007-07418,2026-10-07 20:44:41,True,COMPLETED,,2,,
ORD-20261007-07419,2026-10-07 20:44:03,True,COMPLETED,,2,,
ORD-20261007-07420,2026-10-07 20:44:54,False,CANCELLED,PAYMENT_FAILED,2,2026-10-07 20:45:42,
ORD-20261007-07421,2026-10-07 20:44:16,False,CANCELLED,PAYMENT_FAILED,2,2026-10-07 20:45:13,2026-10-07 20:44:58
ORD-20261007-07422,2026-10-07 20:44:43,True,COMPLETED,,1,,
ORD-20261007-07423,2026-10-07 20:44:58,True,COMPLETED,,2,,
ORD-20261007-07424,2026-10-07 20:44:45,True,COMPLETED,,2,,
ORD-20261007-07425,2026-10-07 20:44:23,True,COMPLETED,,1,,
ORD-20261007-07426,2026-10-07 20:44:14,True,COMPLETED,,1,,
ORD-20261007-07427,2026-10-07 20:44:27,True,COMPLETED,,2,,
ORD-20261007-07428,2026-10-07 20:44:41,True,COMPLETED,,2,,
ORD-20261007-07429,2026-10-07 20:44:26,True,COMPLETED,,1,,
ORD-20261007-07430,2026-10-07 20:44:16,True,COMPLETED,,2,,
ORD-20261007-07431,2026-10-07 20:44:40,True,COMPLETED,,2,,
ORD-20261007-07432,2026-10-07 20:44:29,False,CANCELLED,PAYMENT_FAILED,2,2026-10-07 20:45:04,
ORD-20261007-07433,2026-10-07 20:44:37,True,COMPLETED,,2,,
ORD-20261007-07434,2026-10-07 20:44:48,False,CANCELLED,PAYMENT_FAILED,2,2026-10-07 20:45:43,
ORD-20261007-07435,2026-10-07 20:44:15,True,COMPLETED,,1,,
ORD-20261007-07436,2026-10-07 20:44:07,True,COMPLETED,,1,,
ORD-20261007-07437,2026-10-07 20:44:35,True,COMPLETED,,1,,
ORD-20261007-07438,2026-10-07 20:44:55,True,COMPLETED,,1,,
ORD-20261007-07439,2026-10-07 20:44:28,False,CANCELLED,PAYMENT_FAILED,2,2026-10-07 20:45:49,
ORD-20261007-07440,2026-10-07 20:44:41,False,COMPLETED,,1,,
ORD-20261007-07441,2026-10-07 20:45:29,True,COMPLETED,,1,,
ORD-20261007-07442,2026-10-07 20:45:14,False,CANCELLED,PAYMENT_FAILED,2,2026-10-07 20:46:22,2026-10-07 20:46:01
ORD-20261007-07443,2026-10-07 20:45:57,False,CANCELLED,PAYMENT_FAILED,2,2026-10-07 20:46:48,2026-10-07 20:46:38
ORD-20261007-07444,2026-10-07 20:45:09,True,CANCELLED,DISPATCH_TIMEOUT,2,2026-10-07 20:46:18,2026-10-07 20:45:58
ORD-20261007-07445,2026-10-07 20:45:57,True,CANCELLED,DISPATCH_TIMEOUT,2,2026-10-07 20:46:51,2026-10-07 20:46:38
ORD-20261007-07446,2026-10-07 20:45:18,True,COMPLETED,,1,,
ORD-20261007-07447,2026-10-07 20:45:02,True,COMPLETED,,1,,
ORD-20261007-07448,2026-10-07 20:45:03,True,COMPLETED,,1,,
ORD-20261007-07449,2026-10-07 20:45:56,True,COMPLETED,,1,,
ORD-20261007-07450,2026-10-07 20:45:58,True,COMPLETED,,2,,
ORD-20261007-07451,2026-10-07 20:45:36,False,CANCELLED,PAYMENT_FAILED,1,2026-10-07 20:46:48,2026-10-07 20:46:24
ORD-20261007-07452,2026-10-07 20:45:09,False,CANCELLED,PAYMENT_FAILED,2,2026-10-07 20:46:34,
ORD-20261007-07453,2026-10-07 20:45:20,False,COMPLETED,,2,,
ORD-20261007-07454,2026-10-07 20:45:26,True,COMPLETED,,1,,
ORD-20261007-07455,2026-10-07 20:45:37,True,COMPLETED,,2,,
ORD-20261007-07456,2026-10-07 20:45:02,False,CANCELLED,PAYMENT_FAILED,1,2026-10-07 20:45:33,2026-10-07 20:45:09
ORD-20261007-07457,2026-10-07 20:45:45,False,CANCELLED,PAYMENT_FAILED,2,2026-10-07 20:46:52,2026-10-07 20:46:40
ORD-20261007-07458,2026-10-07 20:45:12,True,COMPLETED,,1,,
ORD-20261007-07459,2026-10-07 20:45:21,True,COMPLETED,,2,,
ORD-20261007-07460,2026-10-07 20:45:04,False,CANCELLED,PAYMENT_FAILED,2,2026-10-07 20:45:42,
ORD-20261007-07461,2026-10-07 20:45:42,False,CANCELLED,PAYMENT_FAILED,2,2026-10-07 20:46:14,2026-10-07 20:45:52
ORD-20261007-07462,2026-10-07 20:45:00,True,COMPLETED,,1,,
ORD-20261007-07463,2026-10-07 20:45:08,False,COMPLETED,,1,,
ORD-20261007-07464,2026-10-07 20:45:03,False,CANCELLED,PAYMENT_FAILED,2,2026-10-07 20:46:12,2026-10-07 20:45:52
ORD-20261007-07465,2026-10-07 20:45:50,True,COMPLETED,,1,,
ORD-20261007-07466,2026-10-07 20:45:37,True,COMPLETED,,1,,
ORD-20261007-07467,2026-10-07 20:45:54,False,COMPLETED,,1,,
ORD-20261007-07468,2026-10-07 20:45:26,False,CANCELLED,PAYMENT_FAILED,2,2026-10-07 20:46:43,
ORD-20261007-07469,2026-10-07 20:45:37,True,COMPLETED,,2,,
ORD-20261007-07470,2026-10-07 20:45:40,True,COMPLETED,,1,,
ORD-20261007-07471,2026-10-07 20:45:47,True,COMPLETED,,1,,
ORD-20261007-07472,2026-10-07 20:45:26,True,COMPLETED,,2,,
ORD-20261007-07473,2026-10-07 20:45:36,True,COMPLETED,,1,,
ORD-20261007-07474,2026-10-07 20:45:34,False,COMPLETED,,1,,
ORD-20261007-07475,2026-10-07 20:45:46,True,COMPLETED,,1,,
ORD-20261007-07476,2026-10-07 20:45:19,False,CANCELLED,PAYMENT_FAILED,1,2026-10-07 20:45:54,2026-10-07 20:45:42
ORD-20261007-07477,2026-10-07 20:45:46,False,COMPLETED,,1,,
ORD-20261007-07478,2026-10-07 20:45:27,False,COMPLETED,,2,,
ORD-20261007-07479,2026-10-07 20:45:47,True,COMPLETED,,2,,
ORD-20261007-07480,2026-10-07 20:45:08,True,COMPLETED,,1,,
ORD-20261007-07481,2026-10-07 20:45:22,False,CANCELLED,PAYMENT_FAILED,1,2026-10-07 20:46:12,
ORD-20261007-07482,2026-10-07 20:45:12,True,COMPLETED,,1,,
ORD-20261007-07483,2026-10-07 20:45:04,True,COMPLETED,,1,,
ORD-20261007-07484,2026-10-07 20:45:37,False,CANCELLED,PAYMENT_FAILED,2,2026-10-07 20:46:17,
ORD-20261007-07485,2026-10-07 20:45:32,True,COMPLETED,,2,,
ORD-20261007-07486,2026-10-07 20:45:08,True,COMPLETED,,1,,
ORD-20261007-07487,2026-10-07 20:45:26,True,COMPLETED,,2,,
ORD-20261007-07488,2026-10-07 20:46:56,False,CANCELLED,PAYMENT_FAILED,1,2026-10-07 20:47:49,2026-10-07 20:47:29
ORD-20261007-07489,2026-10-07 20:46:20,True,CANCELLED,DISPATCH_TIMEOUT,2,2026-10-07 20:47:13,
ORD-20261007-07490,2026-10-07 20:46:45,False,COMPLETED,,1,,
ORD-20261007-07491,2026-10-07 20:46:52,False,CANCELLED,PAYMENT_FAILED,2,2026-10-07 20:47:38,2026-10-07 20:47:16
ORD-20261007-07492,2026-10-07 20:46:33,True,COMPLETED,,1,,
ORD-20261007-07493,2026-10-07 20:46:19,False,CANCELLED,PAYMENT_FAILED,2,2026-10-07 20:47:09,2026-10-07 20:46:53
ORD-20261007-07494,2026-10-07 20:46:15,True,COMPLETED,,1,,
ORD-20261007-07495,2026-10-07 20:46:01,True,COMPLETED,,1,,
ORD-20261007-07496,2026-10-07 20:46:14,True,COMPLETED,,2,,
ORD-20261007-07497,2026-10-07 20:46:44,False,CANCELLED,PAYMENT_FAILED,1,2026-10-07 20:47:28,2026-10-07 20:47:09
ORD-20261007-07498,2026-10-07 20:46:36,True,COMPLETED,,1,,
ORD-20261007-07499,2026-10-07 20:46:35,True,COMPLETED,,2,,
ORD-20261007-07500,2026-10-07 20:46:38,False,CANCELLED,PAYMENT_FAILED,1,2026-10-07 20:48:05,2026-10-07 20:47:46
ORD-20261007-07501,2026-10-07 20:46:04,True,COMPLETED,,1,,
ORD-20261007-07502,2026-10-07 20:46:13,True,COMPLETED,,2,,
ORD-20261007-07503,2026-10-07 20:46:48,True,COMPLETED,,1,,
ORD-20261007-07504,2026-10-07 20:46:59,True,COMPLETED,,1,,
ORD-20261007-07505,2026-10-07 20:46:09,False,CANCELLED,PAYMENT_FAILED,1,2026-10-07 20:46:50,
ORD-20261007-07506,2026-10-07 20:46:57,True,COMPLETED,,2,,
ORD-20261007-07507,2026-10-07 20:46:13,True,COMPLETED,,2,,
ORD-20261007-07508,2026-10-07 20:46:27,False,CANCELLED,PAYMENT_FAILED,1,2026-10-07 20:47:12,2026-10-07 20:46:58
ORD-20261007-07509,2026-10-07 20:46:44,True,COMPLETED,,1,,
ORD-20261007-07510,2026-10-07 20:46:16,True,COMPLETED,,1,,
ORD-20261007-07511,2026-10-07 20:46:30,True,COMPLETED,,1,,
ORD-20261007-07512,2026-10-07 20:46:25,True,COMPLETED,,1,,
ORD-20261007-07513,2026-10-07 20:46:21,False,COMPLETED,,2,,
ORD-20261007-07514,2026-10-07 20:46:59,True,COMPLETED,,1,,
ORD-20261007-07515,2026-10-07 20:46:00,False,CANCELLED,PAYMENT_FAILED,2,2026-10-07 20:46:35,
ORD-20261007-07516,2026-10-07 20:46:47,False,CANCELLED,PAYMENT_FAILED,1,2026-10-07 20:47:36,2026-10-07 20:47:14
ORD-20261007-07517,2026-10-07 20:46:06,False,COMPLETED,,1,,
ORD-20261007-07518,2026-10-07 20:46:47,False,COMPLETED,,2,,
ORD-20261007-07519,2026-10-07 20:46:27,True,COMPLETED,,1,,
ORD-20261007-07520,2026-10-07 20:46:11,False,COMPLETED,,1,,
ORD-20261007-07521,2026-10-07 20:46:59,True,COMPLETED,,1,,
ORD-20261007-07522,2026-10-07 20:46:04,False,CANCELLED,PAYMENT_FAILED,2,2026-10-07 20:47:03,2026-10-07 20:46:45
ORD-20261007-07523,2026-10-07 20:46:04,False,CANCELLED,PAYMENT_FAILED,2,2026-10-07 20:47:14,2026-10-07 20:47:04
ORD-20261007-07524,2026-10-07 20:46:14,True,COMPLETED,,1,,
ORD-20261007-07525,2026-10-07 20:46:43,True,COMPLETED,,2,,
ORD-20261007-07526,2026-10-07 20:46:32,True,COMPLETED,,1,,
ORD-20261007-07527,2026-10-07 20:46:51,True,COMPLETED,,2,,
ORD-20261007-07528,2026-10-07 20:46:15,True,COMPLETED,,2,,
ORD-20261007-07529,2026-10-07 20:46:41,True,COMPLETED,,2,,
ORD-20261007-07530,2026-10-07 20:46:07,True,COMPLETED,,1,,
ORD-20261007-07531,2026-10-07 20:46:14,True,COMPLETED,,2,,
ORD-20261007-07532,2026-10-07 20:47:22,True,COMPLETED,,1,,
ORD-20261007-07533,2026-10-07 20:47:42,True,COMPLETED,,2,,
ORD-20261007-07534,2026-10-07 20:47:22,True,COMPLETED,,1,,
ORD-20261007-07535,2026-10-07 20:47:20,True,COMPLETED,,1,,
ORD-20261007-07536,2026-10-07 20:47:00,True,COMPLETED,,1,,
ORD-20261007-07537,2026-10-07 20:47:14,False,CANCELLED,PAYMENT_FAILED,1,2026-10-07 20:47:54,
ORD-20261007-07538,2026-10-07 20:47:27,True,COMPLETED,,1,,
ORD-20261007-07539,2026-10-07 20:47:33,False,CANCELLED,PAYMENT_FAILED,2,2026-10-07 20:48:42,2026-10-07 20:48:22
ORD-20261007-07540,2026-10-07 20:47:07,True,COMPLETED,,1,,
ORD-20261007-07541,2026-10-07 20:47:35,False,COMPLETED,,2,,
ORD-20261007-07542,2026-10-07 20:47:05,False,COMPLETED,,2,,
ORD-20261007-07543,2026-10-07 20:47:23,True,COMPLETED,,2,,
ORD-20261007-07544,2026-10-07 20:47:59,True,COMPLETED,,1,,
ORD-20261007-07545,2026-10-07 20:47:33,True,COMPLETED,,2,,
ORD-20261007-07546,2026-10-07 20:47:13,True,COMPLETED,,2,,
ORD-20261007-07547,2026-10-07 20:47:53,True,COMPLETED,,2,,
ORD-20261007-07548,2026-10-07 20:47:02,True,CANCELLED,RIDER_REJECTION,1,2026-10-07 20:48:16,
ORD-20261007-07549,2026-10-07 20:47:28,False,COMPLETED,,1,,
ORD-20261007-07550,2026-10-07 20:47:38,False,CANCELLED,PAYMENT_FAILED,2,2026-10-07 20:48:23,
ORD-20261007-07551,2026-10-07 20:47:35,True,COMPLETED,,2,,
ORD-20261007-07552,2026-10-07 20:47:24,True,COMPLETED,,2,,
ORD-20261007-07553,2026-10-07 20:47:26,True,COMPLETED,,2,,
ORD-20261007-07554,2026-10-07 20:47:10,True,COMPLETED,,2,,
ORD-20261007-07555,2026-10-07 20:47:40,False,CANCELLED,PAYMENT_FAILED,1,2026-10-07 20:48:19,
ORD-20261007-07556,2026-10-07 20:47:48,False,CANCELLED,PAYMENT_FAILED,2,2026-10-07 20:48:26,2026-10-07 20:48:04
ORD-20261007-07557,2026-10-07 20:47:32,True,COMPLETED,,1,,
ORD-20261007-07558,2026-10-07 20:47:07,True,COMPLETED,,2,,
ORD-20261007-07559,2026-10-07 20:47:35,True,COMPLETED,,1,,
ORD-20261007-07560,2026-10-07 20:47:30,True,COMPLETED,,2,,
ORD-20261007-07561,2026-10-07 20:47:47,True,COMPLETED,,2,,
ORD-20261007-07562,2026-10-07 20:47:40,False,CANCELLED,PAYMENT_FAILED,1,2026-10-07 20:49:08,2026-10-07 20:48:54
ORD-20261007-07563,2026-10-07 20:47:45,True,COMPLETED,,1,,
ORD-20261007-07564,2026-10-07 20:47:39,False,CANCELLED,PAYMENT_FAILED,2,2026-10-07 20:48:20,2026-10-07 20:48:09
ORD-20261007-07565,2026-10-07 20:47:42,False,CANCELLED,PAYMENT_FAILED,2,2026-10-07 20:48:31,
ORD-20261007-07566,2026-10-07 20:47:08,False,CANCELLED,PAYMENT_FAILED,2,2026-10-07 20:47:41,
ORD-20261007-07567,2026-10-07 20:47:29,True,COMPLETED,,2,,
ORD-20261007-07568,2026-10-07 20:47:19,True,COMPLETED,,1,,
ORD-20261007-07569,2026-10-07 20:47:35,True,COMPLETED,,2,,
ORD-20261007-07570,2026-10-07 20:47:23,False,CANCELLED,PAYMENT_FAILED,2,2026-10-07 20:48:31,
ORD-20261007-07571,2026-10-07 20:47:47,True,COMPLETED,,1,,
ORD-20261007-07572,2026-10-07 20:47:05,True,COMPLETED,,2,,
ORD-20261007-07573,2026-10-07 20:47:29,False,CANCELLED,PAYMENT_FAILED,2,2026-10-07 20:48:56,2026-10-07 20:48:35
ORD-20261007-07574,2026-10-07 20:47:33,False,CANCELLED,PAYMENT_FAILED,2,2026-10-07 20:48:08,
ORD-20261007-07575,2026-10-07 20:48:07,True,COMPLETED,,1,,
ORD-20261007-07576,2026-10-07 20:48:18,False,CANCELLED,PAYMENT_FAILED,2,2026-10-07 20:49:14,2026-10-07 20:48:51
ORD-20261007-07577,2026-10-07 20:48:44,True,COMPLETED,,1,,
ORD-20261007-07578,2026-10-07 20:48:19,True,COMPLETED,,2,,
ORD-20261007-07579,2026-10-07 20:48:45,True,COMPLETED,,2,,
ORD-20261007-07580,2026-10-07 20:48:41,True,COMPLETED,,1,,
ORD-20261007-07581,2026-10-07 20:48:04,True,COMPLETED,,2,,
ORD-20261007-07582,2026-10-07 20:48:46,False,CANCELLED,PAYMENT_FAILED,1,2026-10-07 20:50:02,2026-10-07 20:49:45
ORD-20261007-07583,2026-10-07 20:48:04,False,COMPLETED,,1,,
ORD-20261007-07584,2026-10-07 20:48:32,True,COMPLETED,,2,,
ORD-20261007-07585,2026-10-07 20:48:00,True,COMPLETED,,1,,
ORD-20261007-07586,2026-10-07 20:48:07,True,COMPLETED,,1,,
ORD-20261007-07587,2026-10-07 20:48:47,False,CANCELLED,PAYMENT_FAILED,2,2026-10-07 20:49:20,2026-10-07 20:49:01
ORD-20261007-07588,2026-10-07 20:48:02,True,COMPLETED,,1,,
ORD-20261007-07589,2026-10-07 20:48:25,True,COMPLETED,,2,,
ORD-20261007-07590,2026-10-07 20:48:03,True,CANCELLED,RIDER_REJECTION,1,2026-10-07 20:49:24,2026-10-07 20:49:03
ORD-20261007-07591,2026-10-07 20:48:02,True,COMPLETED,,2,,
ORD-20261007-07592,2026-10-07 20:48:47,True,COMPLETED,,1,,
ORD-20261007-07593,2026-10-07 20:48:18,False,CANCELLED,PAYMENT_FAILED,1,2026-10-07 20:49:16,
ORD-20261007-07594,2026-10-07 20:48:57,True,COMPLETED,,1,,
ORD-20261007-07595,2026-10-07 20:48:33,False,CANCELLED,PAYMENT_FAILED,1,2026-10-07 20:49:43,
ORD-20261007-07596,2026-10-07 20:48:52,False,CANCELLED,PAYMENT_FAILED,1,2026-10-07 20:49:46,
ORD-20261007-07597,2026-10-07 20:48:01,False,COMPLETED,,2,,
ORD-20261007-07598,2026-10-07 20:48:46,False,CANCELLED,PAYMENT_FAILED,2,2026-10-07 20:49:18,
ORD-20261007-07599,2026-10-07 20:48:50,True,COMPLETED,,1,,
ORD-20261007-07600,2026-10-07 20:48:54,True,CANCELLED,RIDER_REJECTION,1,2026-10-07 20:49:54,2026-10-07 20:49:32
ORD-20261007-07601,2026-10-07 20:48:22,False,CANCELLED,PAYMENT_FAILED,2,2026-10-07 20:48:55,
ORD-20261007-07602,2026-10-07 20:48:46,False,COMPLETED,,2,,
ORD-20261007-07603,2026-10-07 20:48:53,True,COMPLETED,,2,,
ORD-20261007-07604,2026-10-07 20:48:53,True,COMPLETED,,1,,
ORD-20261007-07605,2026-10-07 20:48:18,True,COMPLETED,,2,,
ORD-20261007-07606,2026-10-07 20:48:01,False,CANCELLED,PAYMENT_FAILED,1,2026-10-07 20:48:55,
ORD-20261007-07607,2026-10-07 20:48:33,True,COMPLETED,,1,,
ORD-20261007-07608,2026-10-07 20:48:53,True,COMPLETED,,2,,
ORD-20261007-07609,2026-10-07 20:48:03,False,CANCELLED,PAYMENT_FAILED,2,2026-10-07 20:48:55,
ORD-20261007-07610,2026-10-07 20:48:36,True,COMPLETED,,2,,
ORD-20261007-07611,2026-10-07 20:48:01,True,COMPLETED,,2,,
ORD-20261007-07612,2026-10-07 20:48:59,True,COMPLETED,,2,,
ORD-20261007-07613,2026-10-07 20:48:43,False,CANCELLED,PAYMENT_FAILED,2,2026-10-07 20:49:51,
ORD-20261007-07614,2026-10-07 20:48:18,True,COMPLETED,,1,,
ORD-20261007-07615,2026-10-07 20:48:48,False,CANCELLED,PAYMENT_FAILED,2,2026-10-07 20:49:39,2026-10-07 20:49:16
ORD-20261007-07616,2026-10-07 20:48:45,False,CANCELLED,PAYMENT_FAILED,2,2026-10-07 20:49:58,2026-10-07 20:49:34
ORD-20261007-07617,2026-10-07 20:48:01,True,COMPLETED,,1,,
ORD-20261007-07618,2026-10-07 20:48:08,False,CANCELLED,PAYMENT_FAILED,2,2026-10-07 20:48:59,2026-10-07 20:48:42
ORD-20261007-07619,2026-10-07 20:49:54,False,COMPLETED,,2,,
ORD-20261007-07620,2026-10-07 20:49:24,False,COMPLETED,,1,,
ORD-20261007-07621,2026-10-07 20:49:07,False,COMPLETED,,1,,
ORD-20261007-07622,2026-10-07 20:49:25,False,COMPLETED,,2,,
ORD-20261007-07623,2026-10-07 20:49:06,True,COMPLETED,,2,,
ORD-20261007-07624,2026-10-07 20:49:47,True,COMPLETED,,2,,
ORD-20261007-07625,2026-10-07 20:49:50,False,CANCELLED,PAYMENT_FAILED,1,2026-10-07 20:50:22,2026-10-07 20:50:06
ORD-20261007-07626,2026-10-07 20:49:06,False,CANCELLED,PAYMENT_FAILED,2,2026-10-07 20:50:08,
ORD-20261007-07627,2026-10-07 20:49:09,True,CANCELLED,RIDER_REJECTION,1,2026-10-07 20:50:27,
ORD-20261007-07628,2026-10-07 20:49:19,True,COMPLETED,,2,,
ORD-20261007-07629,2026-10-07 20:49:33,True,COMPLETED,,1,,
ORD-20261007-07630,2026-10-07 20:49:28,True,COMPLETED,,2,,
ORD-20261007-07631,2026-10-07 20:49:08,True,COMPLETED,,1,,
ORD-20261007-07632,2026-10-07 20:49:57,False,CANCELLED,PAYMENT_FAILED,2,2026-10-07 20:50:37,2026-10-07 20:50:17
ORD-20261007-07633,2026-10-07 20:49:15,True,COMPLETED,,1,,
ORD-20261007-07634,2026-10-07 20:49:15,False,CANCELLED,PAYMENT_FAILED,1,2026-10-07 20:50:44,2026-10-07 20:50:21
ORD-20261007-07635,2026-10-07 20:49:44,False,CANCELLED,PAYMENT_FAILED,1,2026-10-07 20:50:20,2026-10-07 20:49:57
ORD-20261007-07636,2026-10-07 20:49:07,True,COMPLETED,,1,,
ORD-20261007-07637,2026-10-07 20:49:06,True,COMPLETED,,2,,
ORD-20261007-07638,2026-10-07 20:49:27,False,CANCELLED,PAYMENT_FAILED,1,2026-10-07 20:50:04,
ORD-20261007-07639,2026-10-07 20:49:10,True,COMPLETED,,2,,
ORD-20261007-07640,2026-10-07 20:49:41,True,COMPLETED,,2,,
ORD-20261007-07641,2026-10-07 20:49:18,True,COMPLETED,,2,,
ORD-20261007-07642,2026-10-07 20:49:53,True,COMPLETED,,2,,
ORD-20261007-07643,2026-10-07 20:49:13,False,CANCELLED,PAYMENT_FAILED,2,2026-10-07 20:50:09,2026-10-07 20:49:55
ORD-20261007-07644,2026-10-07 20:49:18,True,COMPLETED,,2,,
ORD-20261007-07645,2026-10-07 20:49:45,True,COMPLETED,,1,,
ORD-20261007-07646,2026-10-07 20:49:19,False,CANCELLED,PAYMENT_FAILED,1,2026-10-07 20:50:39,
ORD-20261007-07647,2026-10-07 20:49:42,False,CANCELLED,PAYMENT_FAILED,1,2026-10-07 20:50:25,
ORD-20261007-07648,2026-10-07 20:49:16,True,COMPLETED,,1,,
ORD-20261007-07649,2026-10-07 20:49:17,True,COMPLETED,,2,,
ORD-20261007-07650,2026-10-07 20:49:55,False,COMPLETED,,2,,
ORD-20261007-07651,2026-10-07 20:49:37,False,CANCELLED,PAYMENT_FAILED,2,2026-10-07 20:51:01,2026-10-07 20:50:38
ORD-20261007-07652,2026-10-07 20:49:35,False,CANCELLED,PAYMENT_FAILED,2,2026-10-07 20:50:17,2026-10-07 20:49:54
ORD-20261007-07653,2026-10-07 20:49:04,False,CANCELLED,PAYMENT_FAILED,2,2026-10-07 20:49:54,
ORD-20261007-07654,2026-10-07 20:49:26,True,COMPLETED,,1,,
ORD-20261007-07655,2026-10-07 20:49:41,True,COMPLETED,,2,,
ORD-20261007-07656,2026-10-07 20:49:11,False,COMPLETED,,2,,
ORD-20261007-07657,2026-10-07 20:49:06,False,CANCELLED,PAYMENT_FAILED,2,2026-10-07 20:49:38,
ORD-20261007-07658,2026-10-07 20:49:35,True,COMPLETED,,1,,
ORD-20261007-07659,2026-10-07 20:49:40,True,COMPLETED,,2,,
ORD-20261007-07660,2026-10-07 20:49:33,True,COMPLETED,,2,,
ORD-20261007-07661,2026-10-07 20:50:58,True,COMPLETED,,1,,
ORD-20261007-07662,2026-10-07 20:50:26,True,COMPLETED,,1,,
ORD-20261007-07663,2026-10-07 20:50:37,True,COMPLETED,,1,,
ORD-20261007-07664,2026-10-07 20:50:31,True,COMPLETED,,2,,
ORD-20261007-07665,2026-10-07 20:50:57,True,COMPLETED,,1,,
ORD-20261007-07666,2026-10-07 20:50:06,False,CANCELLED,PAYMENT_FAILED,2,2026-10-07 20:50:53,2026-10-07 20:50:38
ORD-20261007-07667,2026-10-07 20:50:57,True,COMPLETED,,1,,
ORD-20261007-07668,2026-10-07 20:50:36,True,COMPLETED,,2,,
ORD-20261007-07669,2026-10-07 20:50:13,False,CANCELLED,PAYMENT_FAILED,2,2026-10-07 20:51:32,2026-10-07 20:51:14
ORD-20261007-07670,2026-10-07 20:50:49,True,COMPLETED,,2,,
ORD-20261007-07671,2026-10-07 20:50:37,True,COMPLETED,,1,,
ORD-20261007-07672,2026-10-07 20:50:20,True,COMPLETED,,1,,
ORD-20261007-07673,2026-10-07 20:50:28,False,COMPLETED,,2,,
ORD-20261007-07674,2026-10-07 20:50:20,True,COMPLETED,,1,,
ORD-20261007-07675,2026-10-07 20:50:29,True,COMPLETED,,2,,
ORD-20261007-07676,2026-10-07 20:50:13,True,COMPLETED,,1,,
ORD-20261007-07677,2026-10-07 20:50:47,False,CANCELLED,PAYMENT_FAILED,2,2026-10-07 20:51:31,2026-10-07 20:51:12
ORD-20261007-07678,2026-10-07 20:50:49,False,CANCELLED,PAYMENT_FAILED,2,2026-10-07 20:51:52,2026-10-07 20:51:38
ORD-20261007-07679,2026-10-07 20:50:40,True,COMPLETED,,1,,
ORD-20261007-07680,2026-10-07 20:50:03,True,COMPLETED,,2,,
ORD-20261007-07681,2026-10-07 20:50:11,True,COMPLETED,,2,,
ORD-20261007-07682,2026-10-07 20:50:22,True,COMPLETED,,1,,
ORD-20261007-07683,2026-10-07 20:50:29,False,CANCELLED,PAYMENT_FAILED,2,2026-10-07 20:51:02,
ORD-20261007-07684,2026-10-07 20:50:19,False,COMPLETED,,1,,
ORD-20261007-07685,2026-10-07 20:50:16,True,COMPLETED,,2,,
ORD-20261007-07686,2026-10-07 20:50:00,False,CANCELLED,PAYMENT_FAILED,1,2026-10-07 20:51:14,2026-10-07 20:50:57
ORD-20261007-07687,2026-10-07 20:50:52,True,COMPLETED,,1,,
ORD-20261007-07688,2026-10-07 20:50:36,True,COMPLETED,,1,,
ORD-20261007-07689,2026-10-07 20:50:40,False,CANCELLED,PAYMENT_FAILED,2,2026-10-07 20:51:19,2026-10-07 20:51:03
ORD-20261007-07690,2026-10-07 20:50:47,True,COMPLETED,,1,,
ORD-20261007-07691,2026-10-07 20:50:28,True,CANCELLED,DISPATCH_TIMEOUT,1,2026-10-07 20:51:47,2026-10-07 20:51:24
ORD-20261007-07692,2026-10-07 20:50:43,True,COMPLETED,,1,,
ORD-20261007-07693,2026-10-07 20:50:18,True,COMPLETED,,2,,
ORD-20261007-07694,2026-10-07 20:50:10,False,CANCELLED,PAYMENT_FAILED,2,2026-10-07 20:51:17,2026-10-07 20:51:07
ORD-20261007-07695,2026-10-07 20:50:15,True,COMPLETED,,1,,
ORD-20261007-07696,2026-10-07 20:50:33,False,CANCELLED,PAYMENT_FAILED,1,2026-10-07 20:51:49,2026-10-07 20:51:39
ORD-20261007-07697,2026-10-07 20:50:27,True,COMPLETED,,1,,
ORD-20261007-07698,2026-10-07 20:50:06,True,COMPLETED,,2,,
ORD-20261007-07699,2026-10-07 20:50:59,True,COMPLETED,,1,,
ORD-20261007-07700,2026-10-07 20:50:17,False,CANCELLED,PAYMENT_FAILED,2,2026-10-07 20:51:35,2026-10-07 20:51:21
ORD-20261007-07701,2026-10-07 20:50:56,True,COMPLETED,,2,,
ORD-20261007-07702,2026-10-07 20:50:22,True,COMPLETED,,2,,
ORD-20261007-07703,2026-10-07 20:51:53,False,COMPLETED,,2,,
ORD-20261007-07704,2026-10-07 20:51:56,False,COMPLETED,,1,,
ORD-20261007-07705,2026-10-07 20:51:44,True,COMPLETED,,2,,
ORD-20261007-07706,2026-10-07 20:51:57,False,CANCELLED,PAYMENT_FAILED,2,2026-10-07 20:52:29,
ORD-20261007-07707,2026-10-07 20:51:22,True,COMPLETED,,1,,
ORD-20261007-07708,2026-10-07 20:51:06,True,COMPLETED,,2,,
ORD-20261007-07709,2026-10-07 20:51:52,True,COMPLETED,,1,,
ORD-20261007-07710,2026-10-07 20:51:02,True,COMPLETED,,2,,
ORD-20261007-07711,2026-10-07 20:51:23,False,COMPLETED,,2,,
ORD-20261007-07712,2026-10-07 20:51:44,True,COMPLETED,,1,,
ORD-20261007-07713,2026-10-07 20:51:44,False,CANCELLED,PAYMENT_FAILED,2,2026-10-07 20:52:35,2026-10-07 20:52:13
ORD-20261007-07714,2026-10-07 20:51:31,True,COMPLETED,,2,,
ORD-20261007-07715,2026-10-07 20:51:56,False,CANCELLED,PAYMENT_FAILED,1,2026-10-07 20:52:32,2026-10-07 20:52:16
ORD-20261007-07716,2026-10-07 20:51:45,False,CANCELLED,PAYMENT_FAILED,1,2026-10-07 20:52:43,
ORD-20261007-07717,2026-10-07 20:51:07,True,COMPLETED,,2,,
ORD-20261007-07718,2026-10-07 20:51:12,True,COMPLETED,,1,,
ORD-20261007-07719,2026-10-07 20:51:55,False,CANCELLED,PAYMENT_FAILED,2,2026-10-07 20:53:04,2026-10-07 20:52:49
ORD-20261007-07720,2026-10-07 20:51:11,True,COMPLETED,,2,,
ORD-20261007-07721,2026-10-07 20:51:58,True,COMPLETED,,1,,
ORD-20261007-07722,2026-10-07 20:51:50,True,COMPLETED,,2,,
ORD-20261007-07723,2026-10-07 20:51:32,False,CANCELLED,PAYMENT_FAILED,1,2026-10-07 20:52:10,2026-10-07 20:51:51
ORD-20261007-07724,2026-10-07 20:51:33,True,COMPLETED,,1,,
ORD-20261007-07725,2026-10-07 20:51:28,False,CANCELLED,PAYMENT_FAILED,2,2026-10-07 20:52:42,2026-10-07 20:52:28
ORD-20261007-07726,2026-10-07 20:51:18,True,COMPLETED,,2,,
ORD-20261007-07727,2026-10-07 20:51:11,True,COMPLETED,,2,,
ORD-20261007-07728,2026-10-07 20:51:07,True,COMPLETED,,1,,
ORD-20261007-07729,2026-10-07 20:51:47,True,COMPLETED,,2,,
ORD-20261007-07730,2026-10-07 20:51:00,False,CANCELLED,PAYMENT_FAILED,2,2026-10-07 20:51:49,2026-10-07 20:51:32
ORD-20261007-07731,2026-10-07 20:51:28,True,COMPLETED,,2,,
ORD-20261007-07732,2026-10-07 20:51:58,False,CANCELLED,PAYMENT_FAILED,2,2026-10-07 20:53:14,2026-10-07 20:53:01
ORD-20261007-07733,2026-10-07 20:51:31,True,COMPLETED,,1,,
ORD-20261007-07734,2026-10-07 20:51:55,False,CANCELLED,PAYMENT_FAILED,2,2026-10-07 20:52:34,2026-10-07 20:52:16
ORD-20261007-07735,2026-10-07 20:51:45,False,COMPLETED,,2,,
ORD-20261007-07736,2026-10-07 20:51:01,False,CANCELLED,PAYMENT_FAILED,2,2026-10-07 20:51:56,2026-10-07 20:51:34
ORD-20261007-07737,2026-10-07 20:51:27,False,COMPLETED,,2,,
ORD-20261007-07738,2026-10-07 20:51:11,True,COMPLETED,,2,,
ORD-20261007-07739,2026-10-07 20:51:07,False,COMPLETED,,2,,
ORD-20261007-07740,2026-10-07 20:51:42,False,CANCELLED,PAYMENT_FAILED,1,2026-10-07 20:52:21,2026-10-07 20:52:06
ORD-20261007-07741,2026-10-07 20:51:29,True,COMPLETED,,1,,
ORD-20261007-07742,2026-10-07 20:51:36,True,COMPLETED,,2,,
ORD-20261007-07743,2026-10-07 20:51:34,False,CANCELLED,PAYMENT_FAILED,1,2026-10-07 20:52:37,2026-10-07 20:52:22
ORD-20261007-07744,2026-10-07 20:51:05,True,COMPLETED,,1,,
ORD-20261007-07745,2026-10-07 20:52:27,False,CANCELLED,PAYMENT_FAILED,2,2026-10-07 20:53:28,2026-10-07 20:53:07
ORD-20261007-07746,2026-10-07 20:52:11,False,CANCELLED,PAYMENT_FAILED,1,2026-10-07 20:53:13,2026-10-07 20:53:01
ORD-20261007-07747,2026-10-07 20:52:47,True,COMPLETED,,2,,
ORD-20261007-07748,2026-10-07 20:52:28,True,CANCELLED,RIDER_REJECTION,1,2026-10-07 20:53:44,
ORD-20261007-07749,2026-10-07 20:52:26,False,CANCELLED,PAYMENT_FAILED,2,2026-10-07 20:53:26,
ORD-20261007-07750,2026-10-07 20:52:22,True,COMPLETED,,1,,
ORD-20261007-07751,2026-10-07 20:52:31,False,CANCELLED,PAYMENT_FAILED,2,2026-10-07 20:53:50,2026-10-07 20:53:35
ORD-20261007-07752,2026-10-07 20:52:37,False,CANCELLED,PAYMENT_FAILED,1,2026-10-07 20:53:40,2026-10-07 20:53:30
ORD-20261007-07753,2026-10-07 20:52:03,True,COMPLETED,,2,,
ORD-20261007-07754,2026-10-07 20:52:06,False,CANCELLED,PAYMENT_FAILED,1,2026-10-07 20:53:24,
ORD-20261007-07755,2026-10-07 20:52:08,False,CANCELLED,PAYMENT_FAILED,2,2026-10-07 20:52:56,2026-10-07 20:52:41
ORD-20261007-07756,2026-10-07 20:52:40,True,COMPLETED,,1,,
ORD-20261007-07757,2026-10-07 20:52:57,True,COMPLETED,,1,,
ORD-20261007-07758,2026-10-07 20:52:29,True,COMPLETED,,1,,
ORD-20261007-07759,2026-10-07 20:52:18,False,COMPLETED,,1,,
ORD-20261007-07760,2026-10-07 20:52:11,True,COMPLETED,,2,,
ORD-20261007-07761,2026-10-07 20:52:04,False,COMPLETED,,2,,
ORD-20261007-07762,2026-10-07 20:52:04,True,COMPLETED,,1,,
ORD-20261007-07763,2026-10-07 20:52:45,False,COMPLETED,,2,,
ORD-20261007-07764,2026-10-07 20:52:58,False,CANCELLED,PAYMENT_FAILED,1,2026-10-07 20:54:11,
ORD-20261007-07765,2026-10-07 20:52:56,False,CANCELLED,PAYMENT_FAILED,2,2026-10-07 20:53:30,
ORD-20261007-07766,2026-10-07 20:52:12,False,CANCELLED,PAYMENT_FAILED,2,2026-10-07 20:53:15,2026-10-07 20:52:54
ORD-20261007-07767,2026-10-07 20:52:25,False,CANCELLED,PAYMENT_FAILED,1,2026-10-07 20:53:42,
ORD-20261007-07768,2026-10-07 20:52:27,False,CANCELLED,PAYMENT_FAILED,1,2026-10-07 20:53:47,2026-10-07 20:53:34
ORD-20261007-07769,2026-10-07 20:52:41,True,COMPLETED,,2,,
ORD-20261007-07770,2026-10-07 20:52:53,True,CANCELLED,DISPATCH_TIMEOUT,1,2026-10-07 20:54:08,2026-10-07 20:53:55
ORD-20261007-07771,2026-10-07 20:52:10,False,CANCELLED,PAYMENT_FAILED,1,2026-10-07 20:53:22,
ORD-20261007-07772,2026-10-07 20:52:14,True,COMPLETED,,2,,
ORD-20261007-07773,2026-10-07 20:52:47,True,COMPLETED,,2,,
ORD-20261007-07774,2026-10-07 20:52:52,True,COMPLETED,,1,,
ORD-20261007-07775,2026-10-07 20:52:25,False,COMPLETED,,2,,
ORD-20261007-07776,2026-10-07 20:52:11,True,COMPLETED,,2,,
ORD-20261007-07777,2026-10-07 20:52:33,False,CANCELLED,PAYMENT_FAILED,2,2026-10-07 20:53:39,2026-10-07 20:53:27
ORD-20261007-07778,2026-10-07 20:52:48,True,COMPLETED,,2,,
ORD-20261007-07779,2026-10-07 20:52:22,False,CANCELLED,PAYMENT_FAILED,2,2026-10-07 20:53:06,
ORD-20261007-07780,2026-10-07 20:52:28,False,COMPLETED,,1,,
ORD-20261007-07781,2026-10-07 20:52:14,True,COMPLETED,,1,,
ORD-20261007-07782,2026-10-07 20:52:12,False,CANCELLED,PAYMENT_FAILED,2,2026-10-07 20:53:21,
ORD-20261007-07783,2026-10-07 20:52:52,True,COMPLETED,,2,,
ORD-20261007-07784,2026-10-07 20:52:50,False,COMPLETED,,2,,
ORD-20261007-07785,2026-10-07 20:52:09,True,COMPLETED,,2,,
ORD-20261007-07786,2026-10-07 20:52:59,False,COMPLETED,,2,,
ORD-20261007-07787,2026-10-07 20:52:48,True,COMPLETED,,1,,
ORD-20261007-07788,2026-10-07 20:52:27,True,COMPLETED,,2,,
ORD-20261007-07789,2026-10-07 20:52:22,False,CANCELLED,PAYMENT_FAILED,1,2026-10-07 20:53:37,
ORD-20261007-07790,2026-10-07 20:52:32,True,COMPLETED,,1,,
ORD-20261007-07791,2026-10-07 20:52:00,False,CANCELLED,PAYMENT_FAILED,2,2026-10-07 20:52:40,2026-10-07 20:52:20
ORD-20261007-07792,2026-10-07 20:53:02,True,COMPLETED,,1,,
ORD-20261007-07793,2026-10-07 20:53:47,False,CANCELLED,PAYMENT_FAILED,2,2026-10-07 20:54:42,
ORD-20261007-07794,2026-10-07 20:53:42,True,COMPLETED,,2,,
ORD-20261007-07795,2026-10-07 20:53:22,True,COMPLETED,,2,,
ORD-20261007-07796,2026-10-07 20:53:54,False,CANCELLED,PAYMENT_FAILED,2,2026-10-07 20:55:02,2026-10-07 20:54:46
ORD-20261007-07797,2026-10-07 20:53:53,False,CANCELLED,PAYMENT_FAILED,1,2026-10-07 20:55:11,2026-10-07 20:54:56
ORD-20261007-07798,2026-10-07 20:53:50,False,COMPLETED,,2,,
ORD-20261007-07799,2026-10-07 20:53:24,False,CANCELLED,PAYMENT_FAILED,1,2026-10-07 20:54:05,
ORD-20261007-07800,2026-10-07 20:53:44,False,CANCELLED,PAYMENT_FAILED,2,2026-10-07 20:55:09,2026-10-07 20:54:47
ORD-20261007-07801,2026-10-07 20:53:13,True,COMPLETED,,1,,
ORD-20261007-07802,2026-10-07 20:53:17,False,CANCELLED,PAYMENT_FAILED,1,2026-10-07 20:54:32,2026-10-07 20:54:13
ORD-20261007-07803,2026-10-07 20:53:44,False,COMPLETED,,2,,
ORD-20261007-07804,2026-10-07 20:53:41,True,COMPLETED,,1,,
ORD-20261007-07805,2026-10-07 20:53:47,False,CANCELLED,PAYMENT_FAILED,2,2026-10-07 20:54:29,2026-10-07 20:54:18
ORD-20261007-07806,2026-10-07 20:53:24,True,COMPLETED,,1,,
ORD-20261007-07807,2026-10-07 20:53:20,False,CANCELLED,PAYMENT_FAILED,1,2026-10-07 20:54:45,
ORD-20261007-07808,2026-10-07 20:53:35,True,COMPLETED,,1,,
ORD-20261007-07809,2026-10-07 20:53:12,False,CANCELLED,PAYMENT_FAILED,1,2026-10-07 20:54:11,
ORD-20261007-07810,2026-10-07 20:53:42,True,COMPLETED,,2,,
ORD-20261007-07811,2026-10-07 20:53:17,True,COMPLETED,,2,,
ORD-20261007-07812,2026-10-07 20:53:05,False,CANCELLED,PAYMENT_FAILED,1,2026-10-07 20:53:38,2026-10-07 20:53:24
ORD-20261007-07813,2026-10-07 20:53:09,True,COMPLETED,,2,,
ORD-20261007-07814,2026-10-07 20:53:20,False,CANCELLED,PAYMENT_FAILED,1,2026-10-07 20:53:58,
ORD-20261007-07815,2026-10-07 20:53:47,False,CANCELLED,PAYMENT_FAILED,2,2026-10-07 20:55:04,2026-10-07 20:54:53
ORD-20261007-07816,2026-10-07 20:53:47,False,CANCELLED,PAYMENT_FAILED,2,2026-10-07 20:54:28,2026-10-07 20:54:16
ORD-20261007-07817,2026-10-07 20:53:43,True,COMPLETED,,2,,
ORD-20261007-07818,2026-10-07 20:53:37,False,CANCELLED,PAYMENT_FAILED,1,2026-10-07 20:55:00,2026-10-07 20:54:44
ORD-20261007-07819,2026-10-07 20:53:19,False,CANCELLED,PAYMENT_FAILED,2,2026-10-07 20:54:09,2026-10-07 20:53:50
ORD-20261007-07820,2026-10-07 20:53:11,True,COMPLETED,,2,,
ORD-20261007-07821,2026-10-07 20:53:28,True,COMPLETED,,2,,
ORD-20261007-07822,2026-10-07 20:53:34,True,COMPLETED,,2,,
ORD-20261007-07823,2026-10-07 20:53:50,True,COMPLETED,,2,,
ORD-20261007-07824,2026-10-07 20:53:51,True,COMPLETED,,1,,
ORD-20261007-07825,2026-10-07 20:53:48,False,CANCELLED,PAYMENT_FAILED,2,2026-10-07 20:55:17,
ORD-20261007-07826,2026-10-07 20:53:23,False,CANCELLED,PAYMENT_FAILED,2,2026-10-07 20:54:27,2026-10-07 20:54:05
ORD-20261007-07827,2026-10-07 20:53:10,True,COMPLETED,,2,,
ORD-20261007-07828,2026-10-07 20:53:53,True,COMPLETED,,2,,
ORD-20261007-07829,2026-10-07 20:53:53,False,CANCELLED,PAYMENT_FAILED,1,2026-10-07 20:55:04,
ORD-20261007-07830,2026-10-07 20:53:34,True,COMPLETED,,2,,
ORD-20261007-07831,2026-10-07 20:53:28,False,CANCELLED,PAYMENT_FAILED,2,2026-10-07 20:54:38,
ORD-20261007-07832,2026-10-07 20:53:26,False,CANCELLED,PAYMENT_FAILED,1,2026-10-07 20:54:06,2026-10-07 20:53:51
ORD-20261007-07833,2026-10-07 20:53:15,True,COMPLETED,,2,,
ORD-20261007-07834,2026-10-07 20:53:59,True,COMPLETED,,2,,
ORD-20261007-07835,2026-10-07 20:53:31,True,CANCELLED,RIDER_REJECTION,2,2026-10-07 20:54:05,
ORD-20261007-07836,2026-10-07 20:53:04,True,COMPLETED,,1,,
ORD-20261007-07837,2026-10-07 20:53:35,True,COMPLETED,,2,,
ORD-20261007-07838,2026-10-07 20:53:23,False,CANCELLED,PAYMENT_FAILED,1,2026-10-07 20:53:57,2026-10-07 20:53:42
ORD-20261007-07839,2026-10-07 20:54:49,False,CANCELLED,PAYMENT_FAILED,1,2026-10-07 20:55:50,2026-10-07 20:55:29
ORD-20261007-07840,2026-10-07 20:54:09,False,CANCELLED,PAYMENT_FAILED,1,2026-10-07 20:54:46,
ORD-20261007-07841,2026-10-07 20:54:50,True,COMPLETED,,1,,
ORD-20261007-07842,2026-10-07 20:54:26,True,COMPLETED,,2,,
ORD-20261007-07843,2026-10-07 20:54:38,False,CANCELLED,PAYMENT_FAILED,1,2026-10-07 20:55:38,2026-10-07 20:55:15
ORD-20261007-07844,2026-10-07 20:54:15,True,COMPLETED,,2,,
ORD-20261007-07845,2026-10-07 20:54:43,False,CANCELLED,PAYMENT_FAILED,1,2026-10-07 20:55:18,2026-10-07 20:54:55
ORD-20261007-07846,2026-10-07 20:54:49,True,COMPLETED,,1,,
ORD-20261007-07847,2026-10-07 20:54:46,True,COMPLETED,,2,,
ORD-20261007-07848,2026-10-07 20:54:59,True,COMPLETED,,1,,
ORD-20261007-07849,2026-10-07 20:54:58,False,CANCELLED,PAYMENT_FAILED,1,2026-10-07 20:55:52,2026-10-07 20:55:41
ORD-20261007-07850,2026-10-07 20:54:47,True,COMPLETED,,1,,
ORD-20261007-07851,2026-10-07 20:54:48,False,COMPLETED,,2,,
ORD-20261007-07852,2026-10-07 20:54:49,False,CANCELLED,PAYMENT_FAILED,1,2026-10-07 20:55:26,2026-10-07 20:55:12
ORD-20261007-07853,2026-10-07 20:54:22,True,COMPLETED,,2,,
ORD-20261007-07854,2026-10-07 20:54:26,False,CANCELLED,PAYMENT_FAILED,1,2026-10-07 20:55:27,
ORD-20261007-07855,2026-10-07 20:54:05,False,CANCELLED,PAYMENT_FAILED,1,2026-10-07 20:54:51,2026-10-07 20:54:31
ORD-20261007-07856,2026-10-07 20:54:44,False,CANCELLED,PAYMENT_FAILED,1,2026-10-07 20:56:03,
ORD-20261007-07857,2026-10-07 20:54:29,True,COMPLETED,,2,,
ORD-20261007-07858,2026-10-07 20:54:39,True,COMPLETED,,1,,
ORD-20261007-07859,2026-10-07 20:54:47,True,COMPLETED,,2,,
ORD-20261007-07860,2026-10-07 20:54:49,False,CANCELLED,PAYMENT_FAILED,2,2026-10-07 20:56:00,2026-10-07 20:55:38
ORD-20261007-07861,2026-10-07 20:54:48,False,COMPLETED,,1,,
ORD-20261007-07862,2026-10-07 20:54:46,True,COMPLETED,,2,,
ORD-20261007-07863,2026-10-07 20:54:55,False,CANCELLED,PAYMENT_FAILED,2,2026-10-07 20:55:33,2026-10-07 20:55:17
ORD-20261007-07864,2026-10-07 20:54:39,True,COMPLETED,,2,,
ORD-20261007-07865,2026-10-07 20:54:54,True,COMPLETED,,2,,
ORD-20261007-07866,2026-10-07 20:54:15,True,COMPLETED,,1,,
ORD-20261007-07867,2026-10-07 20:54:13,True,COMPLETED,,2,,
ORD-20261007-07868,2026-10-07 20:54:16,True,COMPLETED,,2,,
ORD-20261007-07869,2026-10-07 20:54:24,True,COMPLETED,,1,,
ORD-20261007-07870,2026-10-07 20:54:29,True,COMPLETED,,1,,
ORD-20261007-07871,2026-10-07 20:54:26,True,COMPLETED,,1,,
ORD-20261007-07872,2026-10-07 20:54:36,False,CANCELLED,PAYMENT_FAILED,2,2026-10-07 20:55:24,2026-10-07 20:55:05
ORD-20261007-07873,2026-10-07 20:54:57,True,COMPLETED,,1,,
ORD-20261007-07874,2026-10-07 20:54:07,False,CANCELLED,PAYMENT_FAILED,2,2026-10-07 20:54:42,2026-10-07 20:54:22
ORD-20261007-07875,2026-10-07 20:54:46,True,COMPLETED,,1,,
ORD-20261007-07876,2026-10-07 20:54:27,True,COMPLETED,,2,,
ORD-20261007-07877,2026-10-07 20:54:39,False,CANCELLED,PAYMENT_FAILED,2,2026-10-07 20:55:16,2026-10-07 20:55:04
ORD-20261007-07878,2026-10-07 20:54:52,True,COMPLETED,,2,,
ORD-20261007-07879,2026-10-07 20:54:06,True,COMPLETED,,2,,
ORD-20261007-07880,2026-10-07 20:54:14,True,COMPLETED,,1,,
ORD-20261007-07881,2026-10-07 20:54:47,True,COMPLETED,,2,,
ORD-20261007-07882,2026-10-07 20:54:48,False,CANCELLED,PAYMENT_FAILED,1,2026-10-07 20:55:38,2026-10-07 20:55:28
ORD-20261007-07883,2026-10-07 20:54:40,True,COMPLETED,,1,,
ORD-20261007-07884,2026-10-07 20:54:17,True,COMPLETED,,1,,
ORD-20261007-07885,2026-10-07 20:55:52,True,COMPLETED,,2,,
ORD-20261007-07886,2026-10-07 20:55:16,True,COMPLETED,,2,,
ORD-20261007-07887,2026-10-07 20:55:49,True,COMPLETED,,2,,
ORD-20261007-07888,2026-10-07 20:55:11,False,CANCELLED,PAYMENT_FAILED,1,2026-10-07 20:56:02,2026-10-07 20:55:41
ORD-20261007-07889,2026-10-07 20:55:04,False,COMPLETED,,1,,
ORD-20261007-07890,2026-10-07 20:55:04,True,COMPLETED,,2,,
ORD-20261007-07891,2026-10-07 20:55:14,True,CANCELLED,DISPATCH_TIMEOUT,2,2026-10-07 20:56:22,
ORD-20261007-07892,2026-10-07 20:55:20,True,COMPLETED,,2,,
ORD-20261007-07893,2026-10-07 20:55:12,True,COMPLETED,,2,,
ORD-20261007-07894,2026-10-07 20:55:32,True,COMPLETED,,1,,
ORD-20261007-07895,2026-10-07 20:55:48,True,COMPLETED,,2,,
ORD-20261007-07896,2026-10-07 20:55:32,False,CANCELLED,PAYMENT_FAILED,2,2026-10-07 20:56:32,2026-10-07 20:56:18
ORD-20261007-07897,2026-10-07 20:55:27,True,COMPLETED,,1,,
ORD-20261007-07898,2026-10-07 20:55:19,False,CANCELLED,PAYMENT_FAILED,2,2026-10-07 20:56:34,2026-10-07 20:56:11
ORD-20261007-07899,2026-10-07 20:55:31,True,COMPLETED,,2,,
ORD-20261007-07900,2026-10-07 20:55:14,True,COMPLETED,,1,,
ORD-20261007-07901,2026-10-07 20:55:29,False,CANCELLED,PAYMENT_FAILED,1,2026-10-07 20:56:40,2026-10-07 20:56:19
ORD-20261007-07902,2026-10-07 20:55:51,False,CANCELLED,PAYMENT_FAILED,1,2026-10-07 20:57:06,2026-10-07 20:56:49
ORD-20261007-07903,2026-10-07 20:55:35,True,COMPLETED,,1,,
ORD-20261007-07904,2026-10-07 20:55:44,False,COMPLETED,,2,,
ORD-20261007-07905,2026-10-07 20:55:42,False,COMPLETED,,2,,
ORD-20261007-07906,2026-10-07 20:55:40,False,COMPLETED,,2,,
ORD-20261007-07907,2026-10-07 20:55:37,True,COMPLETED,,1,,
ORD-20261007-07908,2026-10-07 20:55:42,False,CANCELLED,PAYMENT_FAILED,2,2026-10-07 20:56:53,2026-10-07 20:56:35
ORD-20261007-07909,2026-10-07 20:55:41,True,COMPLETED,,2,,
ORD-20261007-07910,2026-10-07 20:55:26,False,COMPLETED,,2,,
ORD-20261007-07911,2026-10-07 20:55:18,True,COMPLETED,,2,,
ORD-20261007-07912,2026-10-07 20:55:14,True,COMPLETED,,2,,
ORD-20261007-07913,2026-10-07 20:55:19,True,COMPLETED,,2,,
ORD-20261007-07914,2026-10-07 20:55:05,False,CANCELLED,PAYMENT_FAILED,2,2026-10-07 20:56:09,2026-10-07 20:55:56
ORD-20261007-07915,2026-10-07 20:55:01,False,CANCELLED,PAYMENT_FAILED,2,2026-10-07 20:55:55,2026-10-07 20:55:39
ORD-20261007-07916,2026-10-07 20:55:28,False,COMPLETED,,1,,
ORD-20261007-07917,2026-10-07 20:55:48,False,CANCELLED,PAYMENT_FAILED,2,2026-10-07 20:56:34,2026-10-07 20:56:19
ORD-20261007-07918,2026-10-07 20:55:47,False,COMPLETED,,2,,
ORD-20261007-07919,2026-10-07 20:55:11,True,COMPLETED,,2,,
ORD-20261007-07920,2026-10-07 20:55:13,True,COMPLETED,,1,,
ORD-20261007-07921,2026-10-07 20:55:03,True,COMPLETED,,1,,
ORD-20261007-07922,2026-10-07 20:55:57,True,COMPLETED,,1,,
ORD-20261007-07923,2026-10-07 20:55:38,False,CANCELLED,PAYMENT_FAILED,1,2026-10-07 20:56:53,2026-10-07 20:56:40
ORD-20261007-07924,2026-10-07 20:55:38,True,COMPLETED,,2,,
ORD-20261007-07925,2026-10-07 20:55:24,True,COMPLETED,,2,,
ORD-20261007-07926,2026-10-07 20:55:34,False,COMPLETED,,1,,
ORD-20261007-07927,2026-10-07 20:55:10,True,COMPLETED,,1,,
ORD-20261007-07928,2026-10-07 20:55:21,True,COMPLETED,,2,,
ORD-20261007-07929,2026-10-07 20:55:56,True,COMPLETED,,1,,
ORD-20261007-07930,2026-10-07 20:56:01,False,CANCELLED,PAYMENT_FAILED,2,2026-10-07 20:56:42,2026-10-07 20:56:21
ORD-20261007-07931,2026-10-07 20:56:11,True,COMPLETED,,2,,
ORD-20261007-07932,2026-10-07 20:56:14,True,COMPLETED,,1,,
ORD-20261007-07933,2026-10-07 20:56:43,True,COMPLETED,,1,,
ORD-20261007-07934,2026-10-07 20:56:46,False,CANCELLED,PAYMENT_FAILED,1,2026-10-07 20:57:56,2026-10-07 20:57:45
ORD-20261007-07935,2026-10-07 20:56:36,False,CANCELLED,PAYMENT_FAILED,2,2026-10-07 20:57:46,
ORD-20261007-07936,2026-10-07 20:56:55,False,CANCELLED,PAYMENT_FAILED,2,2026-10-07 20:57:48,
ORD-20261007-07937,2026-10-07 20:56:01,True,CANCELLED,DISPATCH_TIMEOUT,1,2026-10-07 20:57:25,
ORD-20261007-07938,2026-10-07 20:56:54,True,COMPLETED,,1,,
ORD-20261007-07939,2026-10-07 20:56:36,False,CANCELLED,PAYMENT_FAILED,1,2026-10-07 20:57:09,
ORD-20261007-07940,2026-10-07 20:56:23,True,COMPLETED,,1,,
ORD-20261007-07941,2026-10-07 20:56:18,True,COMPLETED,,1,,
ORD-20261007-07942,2026-10-07 20:56:15,True,COMPLETED,,2,,
ORD-20261007-07943,2026-10-07 20:56:50,True,COMPLETED,,1,,
ORD-20261007-07944,2026-10-07 20:56:55,False,COMPLETED,,1,,
ORD-20261007-07945,2026-10-07 20:56:41,True,COMPLETED,,1,,
ORD-20261007-07946,2026-10-07 20:56:17,False,CANCELLED,PAYMENT_FAILED,1,2026-10-07 20:56:59,2026-10-07 20:56:48
ORD-20261007-07947,2026-10-07 20:56:43,False,CANCELLED,PAYMENT_FAILED,1,2026-10-07 20:57:14,
ORD-20261007-07948,2026-10-07 20:56:47,False,COMPLETED,,2,,
ORD-20261007-07949,2026-10-07 20:56:52,True,COMPLETED,,2,,
ORD-20261007-07950,2026-10-07 20:56:49,True,COMPLETED,,1,,
ORD-20261007-07951,2026-10-07 20:56:20,False,CANCELLED,PAYMENT_FAILED,2,2026-10-07 20:57:42,
ORD-20261007-07952,2026-10-07 20:56:55,False,CANCELLED,PAYMENT_FAILED,1,2026-10-07 20:57:37,2026-10-07 20:57:16
ORD-20261007-07953,2026-10-07 20:56:13,True,COMPLETED,,1,,
ORD-20261007-07954,2026-10-07 20:56:44,True,COMPLETED,,1,,
ORD-20261007-07955,2026-10-07 20:56:43,True,COMPLETED,,2,,
ORD-20261007-07956,2026-10-07 20:56:24,True,COMPLETED,,2,,
ORD-20261007-07957,2026-10-07 20:56:31,True,COMPLETED,,2,,
ORD-20261007-07958,2026-10-07 20:56:01,True,COMPLETED,,2,,
ORD-20261007-07959,2026-10-07 20:56:20,True,COMPLETED,,2,,
ORD-20261007-07960,2026-10-07 20:56:19,False,CANCELLED,PAYMENT_FAILED,2,2026-10-07 20:56:56,2026-10-07 20:56:43
ORD-20261007-07961,2026-10-07 20:56:05,False,COMPLETED,,2,,
ORD-20261007-07962,2026-10-07 20:56:54,False,CANCELLED,PAYMENT_FAILED,1,2026-10-07 20:57:49,
ORD-20261007-07963,2026-10-07 20:56:17,False,CANCELLED,PAYMENT_FAILED,1,2026-10-07 20:57:10,
ORD-20261007-07964,2026-10-07 20:56:40,False,CANCELLED,PAYMENT_FAILED,1,2026-10-07 20:57:50,
ORD-20261007-07965,2026-10-07 20:56:43,True,COMPLETED,,1,,
ORD-20261007-07966,2026-10-07 20:56:25,False,CANCELLED,PAYMENT_FAILED,1,2026-10-07 20:57:49,2026-10-07 20:57:27
ORD-20261007-07967,2026-10-07 20:56:50,True,COMPLETED,,1,,
ORD-20261007-07968,2026-10-07 20:56:33,False,COMPLETED,,1,,
ORD-20261007-07969,2026-10-07 20:56:03,True,COMPLETED,,1,,
ORD-20261007-07970,2026-10-07 20:56:31,False,CANCELLED,PAYMENT_FAILED,1,2026-10-07 20:57:14,2026-10-07 20:57:04
ORD-20261007-07971,2026-10-07 20:56:56,False,COMPLETED,,1,,
ORD-20261007-07972,2026-10-07 20:56:33,False,CANCELLED,PAYMENT_FAILED,2,2026-10-07 20:58:00,
ORD-20261007-07973,2026-10-07 20:56:45,True,COMPLETED,,1,,
ORD-20261007-07974,2026-10-07 20:56:41,False,CANCELLED,PAYMENT_FAILED,1,2026-10-07 20:58:03,2026-10-07 20:57:41
ORD-20261007-07975,2026-10-07 20:56:39,True,COMPLETED,,1,,
ORD-20261007-07976,2026-10-07 20:56:02,True,COMPLETED,,2,,
ORD-20261007-07977,2026-10-07 20:57:24,False,CANCELLED,PAYMENT_FAILED,1,2026-10-07 20:58:15,
ORD-20261007-07978,2026-10-07 20:57:29,False,COMPLETED,,1,,
ORD-20261007-07979,2026-10-07 20:57:10,True,COMPLETED,,2,,
ORD-20261007-07980,2026-10-07 20:57:03,True,COMPLETED,,1,,
ORD-20261007-07981,2026-10-07 20:57:24,True,COMPLETED,,2,,
ORD-20261007-07982,2026-10-07 20:57:42,False,CANCELLED,PAYMENT_FAILED,1,2026-10-07 20:58:19,
ORD-20261007-07983,2026-10-07 20:57:58,True,COMPLETED,,2,,
ORD-20261007-07984,2026-10-07 20:57:17,False,CANCELLED,PAYMENT_FAILED,1,2026-10-07 20:57:58,2026-10-07 20:57:46
ORD-20261007-07985,2026-10-07 20:57:38,True,COMPLETED,,2,,
ORD-20261007-07986,2026-10-07 20:57:28,True,COMPLETED,,2,,
ORD-20261007-07987,2026-10-07 20:57:30,True,COMPLETED,,2,,
ORD-20261007-07988,2026-10-07 20:57:57,True,COMPLETED,,2,,
ORD-20261007-07989,2026-10-07 20:57:06,False,CANCELLED,PAYMENT_FAILED,1,2026-10-07 20:58:00,2026-10-07 20:57:46
ORD-20261007-07990,2026-10-07 20:57:58,False,CANCELLED,PAYMENT_FAILED,2,2026-10-07 20:58:54,
ORD-20261007-07991,2026-10-07 20:57:19,True,COMPLETED,,1,,
ORD-20261007-07992,2026-10-07 20:57:34,True,COMPLETED,,1,,
ORD-20261007-07993,2026-10-07 20:57:36,True,COMPLETED,,1,,
ORD-20261007-07994,2026-10-07 20:57:05,True,COMPLETED,,1,,
ORD-20261007-07995,2026-10-07 20:57:10,True,COMPLETED,,2,,
ORD-20261007-07996,2026-10-07 20:57:16,False,CANCELLED,PAYMENT_FAILED,2,2026-10-07 20:58:15,
ORD-20261007-07997,2026-10-07 20:57:38,True,COMPLETED,,1,,
ORD-20261007-07998,2026-10-07 20:57:30,True,COMPLETED,,1,,
ORD-20261007-07999,2026-10-07 20:57:07,True,COMPLETED,,1,,
ORD-20261007-08000,2026-10-07 20:57:27,True,COMPLETED,,2,,
ORD-20261007-08001,2026-10-07 20:57:33,True,COMPLETED,,1,,
ORD-20261007-08002,2026-10-07 20:57:37,False,COMPLETED,,2,,
ORD-20261007-08003,2026-10-07 20:57:45,False,CANCELLED,PAYMENT_FAILED,2,2026-10-07 20:58:29,
ORD-20261007-08004,2026-10-07 20:57:22,False,CANCELLED,PAYMENT_FAILED,2,2026-10-07 20:58:34,2026-10-07 20:58:11
ORD-20261007-08005,2026-10-07 20:57:13,True,COMPLETED,,1,,
ORD-20261007-08006,2026-10-07 20:57:13,False,COMPLETED,,2,,
ORD-20261007-08007,2026-10-07 20:57:04,True,COMPLETED,,2,,
ORD-20261007-08008,2026-10-07 20:57:29,True,COMPLETED,,2,,
ORD-20261007-08009,2026-10-07 20:57:13,True,COMPLETED,,2,,
ORD-20261007-08010,2026-10-07 20:57:17,True,COMPLETED,,2,,
ORD-20261007-08011,2026-10-07 20:57:41,True,COMPLETED,,1,,
ORD-20261007-08012,2026-10-07 20:57:14,True,COMPLETED,,1,,
ORD-20261007-08013,2026-10-07 20:57:30,False,CANCELLED,PAYMENT_FAILED,1,2026-10-07 20:58:47,2026-10-07 20:58:34
ORD-20261007-08014,2026-10-07 20:57:15,True,COMPLETED,,1,,
ORD-20261007-08015,2026-10-07 20:57:35,True,COMPLETED,,1,,
ORD-20261007-08016,2026-10-07 20:57:27,False,CANCELLED,PAYMENT_FAILED,1,2026-10-07 20:58:10,2026-10-07 20:57:58
ORD-20261007-08017,2026-10-07 20:57:27,True,COMPLETED,,2,,
ORD-20261007-08018,2026-10-07 20:57:32,True,COMPLETED,,2,,
ORD-20261007-08019,2026-10-07 20:57:03,True,COMPLETED,,1,,
ORD-20261007-08020,2026-10-07 20:58:50,False,CANCELLED,PAYMENT_FAILED,2,2026-10-07 21:00:02,2026-10-07 20:59:49
ORD-20261007-08021,2026-10-07 20:58:53,True,COMPLETED,,2,,
ORD-20261007-08022,2026-10-07 20:58:50,True,COMPLETED,,2,,
ORD-20261007-08023,2026-10-07 20:58:58,False,CANCELLED,PAYMENT_FAILED,2,2026-10-07 21:00:15,2026-10-07 20:59:58
ORD-20261007-08024,2026-10-07 20:58:38,True,COMPLETED,,2,,
ORD-20261007-08025,2026-10-07 20:58:34,False,COMPLETED,,2,,
ORD-20261007-08026,2026-10-07 20:58:50,True,COMPLETED,,2,,
ORD-20261007-08027,2026-10-07 20:58:33,True,COMPLETED,,1,,
ORD-20261007-08028,2026-10-07 20:58:42,True,CANCELLED,DISPATCH_TIMEOUT,1,2026-10-07 20:59:47,
ORD-20261007-08029,2026-10-07 20:58:05,False,CANCELLED,PAYMENT_FAILED,2,2026-10-07 20:59:23,
ORD-20261007-08030,2026-10-07 20:58:54,True,COMPLETED,,2,,
ORD-20261007-08031,2026-10-07 20:58:09,True,COMPLETED,,1,,
ORD-20261007-08032,2026-10-07 20:58:30,False,CANCELLED,PAYMENT_FAILED,2,2026-10-07 20:59:55,2026-10-07 20:59:33
ORD-20261007-08033,2026-10-07 20:58:42,False,COMPLETED,,1,,
ORD-20261007-08034,2026-10-07 20:58:52,True,COMPLETED,,1,,
ORD-20261007-08035,2026-10-07 20:58:50,True,CANCELLED,RIDER_REJECTION,2,2026-10-07 20:59:46,2026-10-07 20:59:32
ORD-20261007-08036,2026-10-07 20:58:02,True,COMPLETED,,2,,
ORD-20261007-08037,2026-10-07 20:58:59,True,COMPLETED,,1,,
ORD-20261007-08038,2026-10-07 20:58:35,False,CANCELLED,PAYMENT_FAILED,2,2026-10-07 20:59:07,
ORD-20261007-08039,2026-10-07 20:58:21,False,CANCELLED,PAYMENT_FAILED,2,2026-10-07 20:59:30,
ORD-20261007-08040,2026-10-07 20:58:07,False,COMPLETED,,1,,
ORD-20261007-08041,2026-10-07 20:58:11,False,CANCELLED,PAYMENT_FAILED,1,2026-10-07 20:58:44,
ORD-20261007-08042,2026-10-07 20:58:27,False,COMPLETED,,1,,
ORD-20261007-08043,2026-10-07 20:58:45,False,COMPLETED,,1,,
ORD-20261007-08044,2026-10-07 20:58:30,True,COMPLETED,,1,,
ORD-20261007-08045,2026-10-07 20:58:22,True,COMPLETED,,2,,
ORD-20261007-08046,2026-10-07 20:58:11,True,COMPLETED,,1,,
ORD-20261007-08047,2026-10-07 20:58:18,True,COMPLETED,,2,,
ORD-20261007-08048,2026-10-07 20:58:20,False,COMPLETED,,2,,
ORD-20261007-08049,2026-10-07 20:58:56,True,COMPLETED,,2,,
ORD-20261007-08050,2026-10-07 20:58:07,True,COMPLETED,,1,,
ORD-20261007-08051,2026-10-07 20:58:39,True,COMPLETED,,1,,
ORD-20261007-08052,2026-10-07 20:58:17,True,COMPLETED,,1,,
ORD-20261007-08053,2026-10-07 20:58:22,False,CANCELLED,PAYMENT_FAILED,1,2026-10-07 20:59:08,2026-10-07 20:58:52
ORD-20261007-08054,2026-10-07 20:58:58,False,CANCELLED,PAYMENT_FAILED,1,2026-10-07 20:59:55,2026-10-07 20:59:35
ORD-20261007-08055,2026-10-07 20:58:25,True,COMPLETED,,1,,
ORD-20261007-08056,2026-10-07 20:58:29,True,COMPLETED,,2,,
ORD-20261007-08057,2026-10-07 20:58:50,False,COMPLETED,,2,,
ORD-20261007-08058,2026-10-07 20:58:52,True,COMPLETED,,1,,
ORD-20261007-08059,2026-10-07 20:58:32,False,CANCELLED,PAYMENT_FAILED,2,2026-10-07 20:59:43,2026-10-07 20:59:27
ORD-20261007-08060,2026-10-07 20:58:01,False,CANCELLED,PAYMENT_FAILED,1,2026-10-07 20:59:18,2026-10-07 20:58:56
ORD-20261007-08061,2026-10-07 20:58:05,True,COMPLETED,,2,,
ORD-20261007-08062,2026-10-07 20:58:03,True,CANCELLED,RIDER_REJECTION,1,2026-10-07 20:58:40,2026-10-07 20:58:23
ORD-20261007-08063,2026-10-07 20:58:30,True,COMPLETED,,1,,
ORD-20261007-08064,2026-10-07 20:58:19,True,COMPLETED,,1,,
ORD-20261007-08065,2026-10-07 20:58:21,True,COMPLETED,,1,,
ORD-20261007-08066,2026-10-07 20:58:20,True,COMPLETED,,1,,
ORD-20261007-08067,2026-10-07 20:58:57,False,CANCELLED,PAYMENT_FAILED,2,2026-10-07 20:59:47,2026-10-07 20:59:37
ORD-20261007-08068,2026-10-07 20:59:01,False,CANCELLED,PAYMENT_FAILED,1,2026-10-07 20:59:48,2026-10-07 20:59:29
ORD-20261007-08069,2026-10-07 20:59:25,False,CANCELLED,PAYMENT_FAILED,1,2026-10-07 21:00:50,2026-10-07 21:00:34
ORD-20261007-08070,2026-10-07 20:59:37,True,COMPLETED,,2,,
ORD-20261007-08071,2026-10-07 20:59:24,True,COMPLETED,,2,,
ORD-20261007-08072,2026-10-07 20:59:34,True,COMPLETED,,1,,
ORD-20261007-08073,2026-10-07 20:59:02,False,COMPLETED,,2,,
ORD-20261007-08074,2026-10-07 20:59:37,False,CANCELLED,PAYMENT_FAILED,1,2026-10-07 21:00:49,
ORD-20261007-08075,2026-10-07 20:59:10,False,COMPLETED,,1,,
ORD-20261007-08076,2026-10-07 20:59:37,True,COMPLETED,,1,,
ORD-20261007-08077,2026-10-07 20:59:23,False,COMPLETED,,2,,
ORD-20261007-08078,2026-10-07 20:59:49,True,COMPLETED,,2,,
ORD-20261007-08079,2026-10-07 20:59:01,False,COMPLETED,,2,,
ORD-20261007-08080,2026-10-07 20:59:44,False,COMPLETED,,1,,
ORD-20261007-08081,2026-10-07 20:59:01,False,CANCELLED,PAYMENT_FAILED,2,2026-10-07 21:00:03,
ORD-20261007-08082,2026-10-07 20:59:25,True,COMPLETED,,1,,
ORD-20261007-08083,2026-10-07 20:59:44,True,COMPLETED,,1,,
ORD-20261007-08084,2026-10-07 20:59:34,False,CANCELLED,PAYMENT_FAILED,1,2026-10-07 21:00:07,2026-10-07 20:59:48
ORD-20261007-08085,2026-10-07 20:59:18,False,CANCELLED,PAYMENT_FAILED,2,2026-10-07 20:59:51,2026-10-07 20:59:38
ORD-20261007-08086,2026-10-07 20:59:05,True,COMPLETED,,2,,
ORD-20261007-08087,2026-10-07 20:59:43,True,COMPLETED,,2,,
ORD-20261007-08088,2026-10-07 20:59:41,True,COMPLETED,,1,,
ORD-20261007-08089,2026-10-07 20:59:56,True,COMPLETED,,2,,
ORD-20261007-08090,2026-10-07 20:59:18,True,COMPLETED,,1,,
ORD-20261007-08091,2026-10-07 20:59:57,True,COMPLETED,,1,,
ORD-20261007-08092,2026-10-07 20:59:28,True,COMPLETED,,1,,
ORD-20261007-08093,2026-10-07 20:59:26,True,COMPLETED,,2,,
ORD-20261007-08094,2026-10-07 20:59:57,True,COMPLETED,,2,,
ORD-20261007-08095,2026-10-07 20:59:25,True,COMPLETED,,1,,
ORD-20261007-08096,2026-10-07 20:59:35,False,CANCELLED,PAYMENT_FAILED,2,2026-10-07 21:00:48,2026-10-07 21:00:31
ORD-20261007-08097,2026-10-07 20:59:56,True,COMPLETED,,2,,
ORD-20261007-08098,2026-10-07 20:59:47,True,COMPLETED,,1,,
ORD-20261007-08099,2026-10-07 20:59:37,True,COMPLETED,,2,,
ORD-20261007-08100,2026-10-07 20:59:06,False,CANCELLED,PAYMENT_FAILED,1,2026-10-07 21:00:35,
ORD-20261007-08101,2026-10-07 20:59:26,False,COMPLETED,,2,,
ORD-20261007-08102,2026-10-07 20:59:12,False,CANCELLED,PAYMENT_FAILED,2,2026-10-07 20:59:43,
ORD-20261007-08103,2026-10-07 20:59:35,True,COMPLETED,,1,,
ORD-20261007-08104,2026-10-07 20:59:58,True,COMPLETED,,1,,
ORD-20261007-08105,2026-10-07 20:59:11,True,COMPLETED,,1,,
ORD-20261007-08106,2026-10-07 20:59:58,True,COMPLETED,,2,,
ORD-20261007-08107,2026-10-07 20:59:10,True,COMPLETED,,1,,
ORD-20261007-08108,2026-10-07 20:59:52,True,COMPLETED,,1,,
ORD-20261007-08109,2026-10-07 20:59:40,True,COMPLETED,,1,,
ORD-20261007-08110,2026-10-07 20:59:05,False,CANCELLED,PAYMENT_FAILED,2,2026-10-07 20:59:44,2026-10-07 20:59:30
ORD-20261007-08111,2026-10-07 20:59:06,False,COMPLETED,,1,,
ORD-20261007-08112,2026-10-07 20:59:52,False,CANCELLED,PAYMENT_FAILED,2,2026-10-07 21:00:41,2026-10-07 21:00:30
ORD-20261007-08113,2026-10-07 21:00:51,True,COMPLETED,,2,,
ORD-20261007-08114,2026-10-07 21:00:51,False,CANCELLED,PAYMENT_FAILED,2,2026-10-07 21:01:49,2026-10-07 21:01:29
ORD-20261007-08115,2026-10-07 21:00:16,False,CANCELLED,PAYMENT_FAILED,1,2026-10-07 21:01:17,
ORD-20261007-08116,2026-10-07 21:00:20,True,COMPLETED,,2,,
ORD-20261007-08117,2026-10-07 21:00:40,True,COMPLETED,,1,,
ORD-20261007-08118,2026-10-07 21:00:11,False,CANCELLED,PAYMENT_FAILED,2,2026-10-07 21:00:42,2026-10-07 21:00:31
ORD-20261007-08119,2026-10-07 21:00:59,True,COMPLETED,,2,,
ORD-20261007-08120,2026-10-07 21:00:57,False,COMPLETED,,1,,
ORD-20261007-08121,2026-10-07 21:00:37,True,COMPLETED,,1,,
ORD-20261007-08122,2026-10-07 21:00:51,True,COMPLETED,,2,,
ORD-20261007-08123,2026-10-07 21:00:09,True,COMPLETED,,2,,
ORD-20261007-08124,2026-10-07 21:00:56,True,COMPLETED,,1,,
ORD-20261007-08125,2026-10-07 21:00:01,True,COMPLETED,,2,,
ORD-20261007-08126,2026-10-07 21:00:27,True,COMPLETED,,2,,
ORD-20261007-08127,2026-10-07 21:00:47,False,COMPLETED,,1,,
ORD-20261007-08128,2026-10-07 21:00:27,False,COMPLETED,,1,,
ORD-20261007-08129,2026-10-07 21:00:09,True,CANCELLED,DISPATCH_TIMEOUT,2,2026-10-07 21:01:30,2026-10-07 21:01:10
ORD-20261007-08130,2026-10-07 21:00:23,False,CANCELLED,PAYMENT_FAILED,2,2026-10-07 21:01:41,2026-10-07 21:01:25
ORD-20261007-08131,2026-10-07 21:00:37,True,COMPLETED,,2,,
ORD-20261007-08132,2026-10-07 21:00:31,False,CANCELLED,PAYMENT_FAILED,2,2026-10-07 21:01:40,
ORD-20261007-08133,2026-10-07 21:00:40,False,COMPLETED,,2,,
ORD-20261007-08134,2026-10-07 21:00:00,True,COMPLETED,,2,,
ORD-20261007-08135,2026-10-07 21:00:21,False,CANCELLED,PAYMENT_FAILED,2,2026-10-07 21:01:47,
ORD-20261007-08136,2026-10-07 21:00:36,True,COMPLETED,,1,,
ORD-20261007-08137,2026-10-07 21:00:07,True,CANCELLED,RIDER_REJECTION,1,2026-10-07 21:01:36,2026-10-07 21:01:24
ORD-20261007-08138,2026-10-07 21:00:49,True,COMPLETED,,2,,
ORD-20261007-08139,2026-10-07 21:00:51,True,COMPLETED,,2,,
ORD-20261007-08140,2026-10-07 21:00:54,False,CANCELLED,PAYMENT_FAILED,2,2026-10-07 21:02:11,
ORD-20261007-08141,2026-10-07 21:00:14,True,COMPLETED,,2,,
ORD-20261007-08142,2026-10-07 21:00:36,False,CANCELLED,PAYMENT_FAILED,2,2026-10-07 21:01:11,2026-10-07 21:00:56
ORD-20261007-08143,2026-10-07 21:00:34,False,COMPLETED,,1,,
ORD-20261007-08144,2026-10-07 21:00:25,True,COMPLETED,,2,,
ORD-20261007-08145,2026-10-07 21:00:21,False,CANCELLED,PAYMENT_FAILED,2,2026-10-07 21:00:59,
ORD-20261007-08146,2026-10-07 21:00:20,True,COMPLETED,,2,,
ORD-20261007-08147,2026-10-07 21:00:06,False,COMPLETED,,2,,
ORD-20261007-08148,2026-10-07 21:00:48,False,CANCELLED,PAYMENT_FAILED,2,2026-10-07 21:02:15,2026-10-07 21:01:52
ORD-20261007-08149,2026-10-07 21:00:03,True,COMPLETED,,1,,
ORD-20261007-08150,2026-10-07 21:00:00,True,COMPLETED,,1,,
ORD-20261007-08151,2026-10-07 21:00:20,False,CANCELLED,PAYMENT_FAILED,2,2026-10-07 21:01:21,2026-10-07 21:00:57
ORD-20261007-08152,2026-10-07 21:00:50,True,COMPLETED,,2,,
ORD-20261007-08153,2026-10-07 21:00:05,True,COMPLETED,,1,,
ORD-20261007-08154,2026-10-07 21:00:44,True,COMPLETED,,1,,
ORD-20261007-08155,2026-10-07 21:00:24,False,COMPLETED,,1,,
ORD-20261007-08156,2026-10-07 21:00:28,True,COMPLETED,,1,,
ORD-20261007-08157,2026-10-07 21:00:13,False,CANCELLED,PAYMENT_FAILED,2,2026-10-07 21:01:07,2026-10-07 21:00:49
ORD-20261007-08158,2026-10-07 21:00:41,True,COMPLETED,,1,,
ORD-20261007-08159,2026-10-07 21:00:27,True,COMPLETED,,1,,
ORD-20261007-08160,2026-10-07 21:00:34,False,CANCELLED,PAYMENT_FAILED,1,2026-10-07 21:01:41,2026-10-07 21:01:21
ORD-20261007-08161,2026-10-07 21:01:39,True,COMPLETED,,2,,
ORD-20261007-08162,2026-10-07 21:01:28,True,COMPLETED,,1,,
ORD-20261007-08163,2026-10-07 21:01:30,True,COMPLETED,,1,,
ORD-20261007-08164,2026-10-07 21:01:22,False,COMPLETED,,1,,
ORD-20261007-08165,2026-10-07 21:01:51,False,CANCELLED,PAYMENT_FAILED,2,2026-10-07 21:03:07,2026-10-07 21:02:52
ORD-20261007-08166,2026-10-07 21:01:17,False,COMPLETED,,1,,
ORD-20261007-08167,2026-10-07 21:01:53,False,COMPLETED,,1,,
ORD-20261007-08168,2026-10-07 21:01:42,True,COMPLETED,,2,,
ORD-20261007-08169,2026-10-07 21:01:57,True,COMPLETED,,1,,
ORD-20261007-08170,2026-10-07 21:01:07,False,CANCELLED,PAYMENT_FAILED,2,2026-10-07 21:01:42,
ORD-20261007-08171,2026-10-07 21:01:52,False,CANCELLED,PAYMENT_FAILED,2,2026-10-07 21:02:45,
ORD-20261007-08172,2026-10-07 21:01:44,False,CANCELLED,PAYMENT_FAILED,1,2026-10-07 21:03:03,2026-10-07 21:02:46
ORD-20261007-08173,2026-10-07 21:01:02,True,COMPLETED,,2,,
ORD-20261007-08174,2026-10-07 21:01:32,True,COMPLETED,,2,,
ORD-20261007-08175,2026-10-07 21:01:10,False,CANCELLED,PAYMENT_FAILED,1,2026-10-07 21:01:50,2026-10-07 21:01:30
ORD-20261007-08176,2026-10-07 21:01:13,True,COMPLETED,,2,,
ORD-20261007-08177,2026-10-07 21:01:52,False,CANCELLED,PAYMENT_FAILED,1,2026-10-07 21:02:24,2026-10-07 21:02:06
ORD-20261007-08178,2026-10-07 21:01:25,True,COMPLETED,,1,,
ORD-20261007-08179,2026-10-07 21:01:39,False,COMPLETED,,1,,
ORD-20261007-08180,2026-10-07 21:01:25,False,COMPLETED,,1,,
ORD-20261007-08181,2026-10-07 21:01:21,True,COMPLETED,,2,,
ORD-20261007-08182,2026-10-07 21:01:42,True,COMPLETED,,2,,
ORD-20261007-08183,2026-10-07 21:01:04,True,COMPLETED,,1,,
ORD-20261007-08184,2026-10-07 21:01:26,True,COMPLETED,,2,,
ORD-20261007-08185,2026-10-07 21:01:44,True,COMPLETED,,2,,
ORD-20261007-08186,2026-10-07 21:01:33,True,COMPLETED,,2,,
ORD-20261007-08187,2026-10-07 21:01:09,True,COMPLETED,,2,,
ORD-20261007-08188,2026-10-07 21:01:34,False,CANCELLED,PAYMENT_FAILED,1,2026-10-07 21:02:13,
ORD-20261007-08189,2026-10-07 21:01:46,True,COMPLETED,,1,,
ORD-20261007-08190,2026-10-07 21:01:03,True,COMPLETED,,1,,
ORD-20261007-08191,2026-10-07 21:01:37,True,COMPLETED,,2,,
ORD-20261007-08192,2026-10-07 21:01:46,True,COMPLETED,,2,,
ORD-20261007-08193,2026-10-07 21:01:26,True,COMPLETED,,1,,
ORD-20261007-08194,2026-10-07 21:01:22,False,CANCELLED,PAYMENT_FAILED,1,2026-10-07 21:02:39,2026-10-07 21:02:28
ORD-20261007-08195,2026-10-07 21:01:14,True,COMPLETED,,1,,
ORD-20261007-08196,2026-10-07 21:01:57,True,COMPLETED,,2,,
ORD-20261007-08197,2026-10-07 21:01:50,False,CANCELLED,PAYMENT_FAILED,1,2026-10-07 21:02:30,2026-10-07 21:02:18
ORD-20261007-08198,2026-10-07 21:01:24,True,COMPLETED,,1,,
ORD-20261007-08199,2026-10-07 21:01:28,True,COMPLETED,,1,,
ORD-20261007-08200,2026-10-07 21:01:01,False,CANCELLED,PAYMENT_FAILED,1,2026-10-07 21:01:33,2026-10-07 21:01:17
ORD-20261007-08201,2026-10-07 21:01:47,True,COMPLETED,,1,,
ORD-20261007-08202,2026-10-07 21:01:59,False,CANCELLED,PAYMENT_FAILED,1,2026-10-07 21:03:18,2026-10-07 21:02:57
ORD-20261007-08203,2026-10-07 21:01:35,True,COMPLETED,,1,,
ORD-20261007-08204,2026-10-07 21:02:31,False,CANCELLED,PAYMENT_FAILED,2,2026-10-07 21:03:14,2026-10-07 21:02:59
ORD-20261007-08205,2026-10-07 21:02:53,True,COMPLETED,,1,,
ORD-20261007-08206,2026-10-07 21:02:34,True,COMPLETED,,1,,
ORD-20261007-08207,2026-10-07 21:02:34,False,CANCELLED,PAYMENT_FAILED,2,2026-10-07 21:03:42,2026-10-07 21:03:22
ORD-20261007-08208,2026-10-07 21:02:41,True,COMPLETED,,2,,
ORD-20261007-08209,2026-10-07 21:02:07,True,COMPLETED,,2,,
ORD-20261007-08210,2026-10-07 21:02:40,False,CANCELLED,PAYMENT_FAILED,2,2026-10-07 21:03:49,2026-10-07 21:03:25
ORD-20261007-08211,2026-10-07 21:02:52,False,CANCELLED,PAYMENT_FAILED,1,2026-10-07 21:04:03,
ORD-20261007-08212,2026-10-07 21:02:31,False,COMPLETED,,2,,
ORD-20261007-08213,2026-10-07 21:02:49,True,COMPLETED,,1,,
ORD-20261007-08214,2026-10-07 21:02:17,True,COMPLETED,,1,,
ORD-20261007-08215,2026-10-07 21:02:40,False,CANCELLED,PAYMENT_FAILED,2,2026-10-07 21:03:44,
ORD-20261007-08216,2026-10-07 21:02:28,True,COMPLETED,,2,,
ORD-20261007-08217,2026-10-07 21:02:51,True,COMPLETED,,2,,
ORD-20261007-08218,2026-10-07 21:02:50,True,COMPLETED,,2,,
ORD-20261007-08219,2026-10-07 21:02:23,False,CANCELLED,PAYMENT_FAILED,1,2026-10-07 21:03:48,2026-10-07 21:03:38
ORD-20261007-08220,2026-10-07 21:02:45,False,CANCELLED,PAYMENT_FAILED,1,2026-10-07 21:03:53,2026-10-07 21:03:43
ORD-20261007-08221,2026-10-07 21:02:02,True,COMPLETED,,1,,
ORD-20261007-08222,2026-10-07 21:02:38,False,COMPLETED,,1,,
ORD-20261007-08223,2026-10-07 21:02:18,True,COMPLETED,,1,,
ORD-20261007-08224,2026-10-07 21:02:42,True,COMPLETED,,2,,
ORD-20261007-08225,2026-10-07 21:02:43,False,COMPLETED,,2,,
ORD-20261007-08226,2026-10-07 21:02:54,False,COMPLETED,,2,,
ORD-20261007-08227,2026-10-07 21:02:52,True,COMPLETED,,2,,
ORD-20261007-08228,2026-10-07 21:02:51,False,CANCELLED,PAYMENT_FAILED,1,2026-10-07 21:03:59,
ORD-20261007-08229,2026-10-07 21:02:22,True,COMPLETED,,2,,
ORD-20261007-08230,2026-10-07 21:02:06,True,COMPLETED,,1,,
ORD-20261007-08231,2026-10-07 21:02:06,True,COMPLETED,,1,,
ORD-20261007-08232,2026-10-07 21:02:41,True,COMPLETED,,2,,
ORD-20261007-08233,2026-10-07 21:02:33,True,COMPLETED,,1,,
ORD-20261007-08234,2026-10-07 21:02:55,False,CANCELLED,PAYMENT_FAILED,1,2026-10-07 21:03:53,2026-10-07 21:03:41
ORD-20261007-08235,2026-10-07 21:02:58,False,CANCELLED,PAYMENT_FAILED,2,2026-10-07 21:03:45,2026-10-07 21:03:29
ORD-20261007-08236,2026-10-07 21:02:31,True,COMPLETED,,1,,
ORD-20261007-08237,2026-10-07 21:02:05,False,CANCELLED,PAYMENT_FAILED,2,2026-10-07 21:03:34,2026-10-07 21:03:16
ORD-20261007-08238,2026-10-07 21:02:48,False,COMPLETED,,1,,
ORD-20261007-08239,2026-10-07 21:02:30,True,COMPLETED,,2,,
ORD-20261007-08240,2026-10-07 21:02:29,True,COMPLETED,,2,,
ORD-20261007-08241,2026-10-07 21:02:37,True,COMPLETED,,1,,
ORD-20261007-08242,2026-10-07 21:02:22,True,COMPLETED,,2,,
ORD-20261007-08243,2026-10-07 21:02:19,False,CANCELLED,PAYMENT_FAILED,2,2026-10-07 21:03:00,
ORD-20261007-08244,2026-10-07 21:02:39,True,COMPLETED,,2,,
ORD-20261007-08245,2026-10-07 21:02:56,True,COMPLETED,,1,,
ORD-20261007-08246,2026-10-07 21:02:36,True,COMPLETED,,2,,
ORD-20261007-08247,2026-10-07 21:02:11,True,COMPLETED,,1,,
ORD-20261007-08248,2026-10-07 21:02:16,True,COMPLETED,,1,,
ORD-20261007-08249,2026-10-07 21:03:42,True,COMPLETED,,2,,
ORD-20261007-08250,2026-10-07 21:03:02,True,COMPLETED,,2,,
ORD-20261007-08251,2026-10-07 21:03:56,True,COMPLETED,,2,,
ORD-20261007-08252,2026-10-07 21:03:24,True,COMPLETED,,2,,
ORD-20261007-08253,2026-10-07 21:03:38,True,COMPLETED,,2,,
ORD-20261007-08254,2026-10-07 21:03:31,False,COMPLETED,,2,,
ORD-20261007-08255,2026-10-07 21:03:55,True,COMPLETED,,2,,
ORD-20261007-08256,2026-10-07 21:03:46,False,CANCELLED,PAYMENT_FAILED,2,2026-10-07 21:04:39,2026-10-07 21:04:25
ORD-20261007-08257,2026-10-07 21:03:04,True,COMPLETED,,1,,
ORD-20261007-08258,2026-10-07 21:03:10,True,COMPLETED,,2,,
ORD-20261007-08259,2026-10-07 21:03:16,True,COMPLETED,,2,,
ORD-20261007-08260,2026-10-07 21:03:07,True,COMPLETED,,2,,
ORD-20261007-08261,2026-10-07 21:03:04,False,COMPLETED,,2,,
ORD-20261007-08262,2026-10-07 21:03:13,True,COMPLETED,,1,,
ORD-20261007-08263,2026-10-07 21:03:11,True,CANCELLED,DISPATCH_TIMEOUT,1,2026-10-07 21:04:00,2026-10-07 21:03:42
ORD-20261007-08264,2026-10-07 21:03:33,True,COMPLETED,,1,,
ORD-20261007-08265,2026-10-07 21:03:28,True,COMPLETED,,1,,
ORD-20261007-08266,2026-10-07 21:03:53,True,COMPLETED,,2,,
ORD-20261007-08267,2026-10-07 21:03:40,True,COMPLETED,,1,,
ORD-20261007-08268,2026-10-07 21:03:59,False,CANCELLED,PAYMENT_FAILED,2,2026-10-07 21:04:38,2026-10-07 21:04:26
ORD-20261007-08269,2026-10-07 21:03:23,True,COMPLETED,,2,,
ORD-20261007-08270,2026-10-07 21:03:40,True,COMPLETED,,2,,
ORD-20261007-08271,2026-10-07 21:03:31,False,CANCELLED,PAYMENT_FAILED,1,2026-10-07 21:04:48,2026-10-07 21:04:28
ORD-20261007-08272,2026-10-07 21:03:29,True,COMPLETED,,2,,
ORD-20261007-08273,2026-10-07 21:03:28,False,CANCELLED,PAYMENT_FAILED,2,2026-10-07 21:04:57,2026-10-07 21:04:40
ORD-20261007-08274,2026-10-07 21:03:33,True,COMPLETED,,2,,
ORD-20261007-08275,2026-10-07 21:03:51,True,CANCELLED,RIDER_REJECTION,1,2026-10-07 21:04:46,
ORD-20261007-08276,2026-10-07 21:03:58,True,COMPLETED,,2,,
ORD-20261007-08277,2026-10-07 21:03:25,True,COMPLETED,,2,,
ORD-20261007-08278,2026-10-07 21:03:22,False,CANCELLED,PAYMENT_FAILED,1,2026-10-07 21:04:13,
ORD-20261007-08279,2026-10-07 21:03:06,True,COMPLETED,,2,,
ORD-20261007-08280,2026-10-07 21:03:35,True,COMPLETED,,2,,
ORD-20261007-08281,2026-10-07 21:03:33,True,COMPLETED,,2,,
ORD-20261007-08282,2026-10-07 21:03:52,False,COMPLETED,,1,,
ORD-20261007-08283,2026-10-07 21:03:09,False,CANCELLED,PAYMENT_FAILED,1,2026-10-07 21:03:57,
ORD-20261007-08284,2026-10-07 21:03:15,False,CANCELLED,PAYMENT_FAILED,2,2026-10-07 21:04:32,2026-10-07 21:04:08
ORD-20261007-08285,2026-10-07 21:03:07,True,COMPLETED,,1,,
ORD-20261007-08286,2026-10-07 21:03:23,True,COMPLETED,,2,,
ORD-20261007-08287,2026-10-07 21:03:10,False,CANCELLED,PAYMENT_FAILED,1,2026-10-07 21:04:28,
ORD-20261007-08288,2026-10-07 21:03:28,False,COMPLETED,,1,,
ORD-20261007-08289,2026-10-07 21:03:37,False,CANCELLED,PAYMENT_FAILED,2,2026-10-07 21:05:01,2026-10-07 21:04:48
ORD-20261007-08290,2026-10-07 21:03:08,False,CANCELLED,PAYMENT_FAILED,1,2026-10-07 21:03:49,2026-10-07 21:03:28
ORD-20261007-08291,2026-10-07 21:03:08,True,COMPLETED,,2,,
ORD-20261007-08292,2026-10-07 21:03:29,False,CANCELLED,PAYMENT_FAILED,1,2026-10-07 21:04:12,2026-10-07 21:03:53
ORD-20261007-08293,2026-10-07 21:03:57,True,COMPLETED,,2,,
ORD-20261007-08294,2026-10-07 21:03:52,True,CANCELLED,RIDER_REJECTION,1,2026-10-07 21:05:02,2026-10-07 21:04:38
ORD-20261007-08295,2026-10-07 21:04:28,True,COMPLETED,,1,,
ORD-20261007-08296,2026-10-07 21:04:48,True,COMPLETED,,1,,
ORD-20261007-08297,2026-10-07 21:04:59,False,COMPLETED,,2,,
ORD-20261007-08298,2026-10-07 21:04:40,True,COMPLETED,,1,,
ORD-20261007-08299,2026-10-07 21:04:09,False,COMPLETED,,2,,
ORD-20261007-08300,2026-10-07 21:04:54,False,COMPLETED,,1,,
ORD-20261007-08301,2026-10-07 21:04:22,True,COMPLETED,,1,,
ORD-20261007-08302,2026-10-07 21:04:49,True,COMPLETED,,1,,
ORD-20261007-08303,2026-10-07 21:04:31,False,CANCELLED,PAYMENT_FAILED,2,2026-10-07 21:05:36,
ORD-20261007-08304,2026-10-07 21:04:00,True,COMPLETED,,2,,
ORD-20261007-08305,2026-10-07 21:04:15,False,CANCELLED,PAYMENT_FAILED,2,2026-10-07 21:05:39,2026-10-07 21:05:23
ORD-20261007-08306,2026-10-07 21:04:32,True,COMPLETED,,1,,
ORD-20261007-08307,2026-10-07 21:04:40,True,COMPLETED,,2,,
ORD-20261007-08308,2026-10-07 21:04:46,True,COMPLETED,,1,,
ORD-20261007-08309,2026-10-07 21:04:57,False,CANCELLED,PAYMENT_FAILED,2,2026-10-07 21:05:35,2026-10-07 21:05:21
ORD-20261007-08310,2026-10-07 21:04:10,False,CANCELLED,PAYMENT_FAILED,2,2026-10-07 21:05:38,2026-10-07 21:05:20
ORD-20261007-08311,2026-10-07 21:04:23,False,CANCELLED,PAYMENT_FAILED,1,2026-10-07 21:05:30,2026-10-07 21:05:13
ORD-20261007-08312,2026-10-07 21:04:45,True,COMPLETED,,1,,
ORD-20261007-08313,2026-10-07 21:04:05,True,COMPLETED,,2,,
ORD-20261007-08314,2026-10-07 21:04:20,True,COMPLETED,,2,,
ORD-20261007-08315,2026-10-07 21:04:27,True,COMPLETED,,1,,
ORD-20261007-08316,2026-10-07 21:04:45,True,COMPLETED,,1,,
ORD-20261007-08317,2026-10-07 21:04:00,True,COMPLETED,,1,,
ORD-20261007-08318,2026-10-07 21:04:52,True,COMPLETED,,1,,
ORD-20261007-08319,2026-10-07 21:04:12,False,COMPLETED,,1,,
ORD-20261007-08320,2026-10-07 21:04:34,False,CANCELLED,PAYMENT_FAILED,2,2026-10-07 21:05:28,2026-10-07 21:05:11
ORD-20261007-08321,2026-10-07 21:04:42,False,CANCELLED,PAYMENT_FAILED,1,2026-10-07 21:05:29,2026-10-07 21:05:15
ORD-20261007-08322,2026-10-07 21:04:19,True,COMPLETED,,1,,
ORD-20261007-08323,2026-10-07 21:04:19,True,COMPLETED,,1,,
ORD-20261007-08324,2026-10-07 21:04:51,True,COMPLETED,,2,,
ORD-20261007-08325,2026-10-07 21:04:17,True,COMPLETED,,2,,
ORD-20261007-08326,2026-10-07 21:04:27,True,COMPLETED,,1,,
ORD-20261007-08327,2026-10-07 21:04:54,True,COMPLETED,,2,,
ORD-20261007-08328,2026-10-07 21:04:28,False,CANCELLED,PAYMENT_FAILED,2,2026-10-07 21:05:46,
ORD-20261007-08329,2026-10-07 21:04:10,True,COMPLETED,,2,,
ORD-20261007-08330,2026-10-07 21:04:58,False,CANCELLED,PAYMENT_FAILED,1,2026-10-07 21:05:43,2026-10-07 21:05:21
ORD-20261007-08331,2026-10-07 21:04:18,True,CANCELLED,RIDER_REJECTION,1,2026-10-07 21:05:35,
ORD-20261007-08332,2026-10-07 21:04:46,True,COMPLETED,,1,,
ORD-20261007-08333,2026-10-07 21:04:33,True,COMPLETED,,2,,
ORD-20261007-08334,2026-10-07 21:04:41,True,COMPLETED,,1,,
ORD-20261007-08335,2026-10-07 21:04:28,False,CANCELLED,PAYMENT_FAILED,1,2026-10-07 21:05:28,2026-10-07 21:05:08
ORD-20261007-08336,2026-10-07 21:04:27,True,COMPLETED,,1,,
ORD-20261007-08337,2026-10-07 21:04:54,False,CANCELLED,PAYMENT_FAILED,1,2026-10-07 21:06:06,2026-10-07 21:05:42
ORD-20261007-08338,2026-10-07 21:04:40,False,CANCELLED,PAYMENT_FAILED,1,2026-10-07 21:05:49,
ORD-20261007-08339,2026-10-07 21:04:41,False,CANCELLED,PAYMENT_FAILED,1,2026-10-07 21:05:17,2026-10-07 21:04:57
ORD-20261007-08340,2026-10-07 21:05:39,False,CANCELLED,PAYMENT_FAILED,1,2026-10-07 21:06:59,2026-10-07 21:06:38
ORD-20261007-08341,2026-10-07 21:05:47,True,COMPLETED,,1,,
ORD-20261007-08342,2026-10-07 21:05:51,True,COMPLETED,,1,,
ORD-20261007-08343,2026-10-07 21:05:12,True,COMPLETED,,1,,
ORD-20261007-08344,2026-10-07 21:05:08,False,COMPLETED,,2,,
ORD-20261007-08345,2026-10-07 21:05:16,True,COMPLETED,,1,,
ORD-20261007-08346,2026-10-07 21:05:55,True,COMPLETED,,1,,
ORD-20261007-08347,2026-10-07 21:05:58,True,COMPLETED,,1,,
ORD-20261007-08348,2026-10-07 21:05:21,True,COMPLETED,,1,,
ORD-20261007-08349,2026-10-07 21:05:28,False,CANCELLED,PAYMENT_FAILED,2,2026-10-07 21:06:32,2026-10-07 21:06:18
ORD-20261007-08350,2026-10-07 21:05:57,True,COMPLETED,,2,,
ORD-20261007-08351,2026-10-07 21:05:13,True,COMPLETED,,2,,
ORD-20261007-08352,2026-10-07 21:05:33,True,COMPLETED,,2,,
ORD-20261007-08353,2026-10-07 21:05:09,True,COMPLETED,,1,,
ORD-20261007-08354,2026-10-07 21:05:20,False,CANCELLED,PAYMENT_FAILED,1,2026-10-07 21:06:29,2026-10-07 21:06:14
ORD-20261007-08355,2026-10-07 21:05:18,True,COMPLETED,,2,,
ORD-20261007-08356,2026-10-07 21:05:14,False,CANCELLED,PAYMENT_FAILED,1,2026-10-07 21:06:24,2026-10-07 21:06:05
ORD-20261007-08357,2026-10-07 21:05:18,False,CANCELLED,PAYMENT_FAILED,1,2026-10-07 21:06:33,2026-10-07 21:06:23
ORD-20261007-08358,2026-10-07 21:05:48,False,COMPLETED,,1,,
ORD-20261007-08359,2026-10-07 21:05:32,True,COMPLETED,,1,,
ORD-20261007-08360,2026-10-07 21:05:17,True,COMPLETED,,2,,
ORD-20261007-08361,2026-10-07 21:05:41,False,CANCELLED,PAYMENT_FAILED,2,2026-10-07 21:06:49,2026-10-07 21:06:25
ORD-20261007-08362,2026-10-07 21:05:10,True,COMPLETED,,2,,
ORD-20261007-08363,2026-10-07 21:05:57,True,COMPLETED,,1,,
ORD-20261007-08364,2026-10-07 21:05:13,True,COMPLETED,,1,,
ORD-20261007-08365,2026-10-07 21:05:33,False,CANCELLED,PAYMENT_FAILED,2,2026-10-07 21:06:15,
ORD-20261007-08366,2026-10-07 21:05:19,False,CANCELLED,PAYMENT_FAILED,1,2026-10-07 21:05:55,
ORD-20261007-08367,2026-10-07 21:05:36,True,COMPLETED,,1,,
ORD-20261007-08368,2026-10-07 21:05:12,True,CANCELLED,DISPATCH_TIMEOUT,2,2026-10-07 21:05:49,2026-10-07 21:05:32
ORD-20261007-08369,2026-10-07 21:05:31,True,COMPLETED,,2,,
ORD-20261007-08370,2026-10-07 21:05:38,True,COMPLETED,,2,,
ORD-20261007-08371,2026-10-07 21:05:33,False,CANCELLED,PAYMENT_FAILED,1,2026-10-07 21:06:48,2026-10-07 21:06:34
ORD-20261007-08372,2026-10-07 21:05:24,False,CANCELLED,PAYMENT_FAILED,1,2026-10-07 21:06:23,2026-10-07 21:06:06
ORD-20261007-08373,2026-10-07 21:05:01,True,COMPLETED,,2,,
ORD-20261007-08374,2026-10-07 21:05:15,True,CANCELLED,DISPATCH_TIMEOUT,2,2026-10-07 21:06:11,
ORD-20261007-08375,2026-10-07 21:05:03,True,COMPLETED,,2,,
ORD-20261007-08376,2026-10-07 21:05:22,False,CANCELLED,PAYMENT_FAILED,1,2026-10-07 21:05:58,2026-10-07 21:05:35
ORD-20261007-08377,2026-10-07 21:05:35,True,COMPLETED,,2,,
ORD-20261007-08378,2026-10-07 21:05:54,True,COMPLETED,,1,,
ORD-20261007-08379,2026-10-07 21:05:25,False,CANCELLED,PAYMENT_FAILED,1,2026-10-07 21:06:04,2026-10-07 21:05:41
ORD-20261007-08380,2026-10-07 21:05:34,False,CANCELLED,PAYMENT_FAILED,2,2026-10-07 21:06:30,2026-10-07 21:06:08
ORD-20261007-08381,2026-10-07 21:05:44,True,COMPLETED,,2,,
ORD-20261007-08382,2026-10-07 21:05:24,True,COMPLETED,,1,,
ORD-20261007-08383,2026-10-07 21:05:24,True,COMPLETED,,1,,
ORD-20261007-08384,2026-10-07 21:05:35,True,COMPLETED,,2,,
ORD-20261007-08385,2026-10-07 21:06:36,True,COMPLETED,,1,,
ORD-20261007-08386,2026-10-07 21:06:29,False,CANCELLED,PAYMENT_FAILED,1,2026-10-07 21:07:29,2026-10-07 21:07:15
ORD-20261007-08387,2026-10-07 21:06:18,False,CANCELLED,PAYMENT_FAILED,2,2026-10-07 21:07:41,2026-10-07 21:07:20
ORD-20261007-08388,2026-10-07 21:06:52,False,COMPLETED,,2,,
ORD-20261007-08389,2026-10-07 21:06:16,True,COMPLETED,,1,,
ORD-20261007-08390,2026-10-07 21:06:32,True,COMPLETED,,1,,
ORD-20261007-08391,2026-10-07 21:06:55,True,COMPLETED,,2,,
ORD-20261007-08392,2026-10-07 21:06:12,True,COMPLETED,,1,,
ORD-20261007-08393,2026-10-07 21:06:40,True,CANCELLED,DISPATCH_TIMEOUT,2,2026-10-07 21:07:40,2026-10-07 21:07:17
ORD-20261007-08394,2026-10-07 21:06:07,True,COMPLETED,,1,,
ORD-20261007-08395,2026-10-07 21:06:11,False,CANCELLED,PAYMENT_FAILED,2,2026-10-07 21:07:29,2026-10-07 21:07:18
ORD-20261007-08396,2026-10-07 21:06:31,True,COMPLETED,,1,,
ORD-20261007-08397,2026-10-07 21:06:13,False,CANCELLED,PAYMENT_FAILED,2,2026-10-07 21:07:38,2026-10-07 21:07:20
ORD-20261007-08398,2026-10-07 21:06:45,False,COMPLETED,,1,,
ORD-20261007-08399,2026-10-07 21:06:31,True,CANCELLED,DISPATCH_TIMEOUT,2,2026-10-07 21:07:34,
ORD-20261007-08400,2026-10-07 21:06:25,True,COMPLETED,,2,,
ORD-20261007-08401,2026-10-07 21:06:24,True,COMPLETED,,2,,
ORD-20261007-08402,2026-10-07 21:06:46,True,COMPLETED,,1,,
ORD-20261007-08403,2026-10-07 21:06:51,False,COMPLETED,,1,,
ORD-20261007-08404,2026-10-07 21:06:36,True,CANCELLED,RIDER_REJECTION,2,2026-10-07 21:07:37,2026-10-07 21:07:27
ORD-20261007-08405,2026-10-07 21:06:57,False,CANCELLED,PAYMENT_FAILED,1,2026-10-07 21:07:44,2026-10-07 21:07:33
ORD-20261007-08406,2026-10-07 21:06:33,True,COMPLETED,,2,,
ORD-20261007-08407,2026-10-07 21:06:02,True,COMPLETED,,2,,
ORD-20261007-08408,2026-10-07 21:06:35,True,COMPLETED,,2,,
ORD-20261007-08409,2026-10-07 21:06:23,False,CANCELLED,PAYMENT_FAILED,2,2026-10-07 21:06:59,
ORD-20261007-08410,2026-10-07 21:06:22,True,COMPLETED,,1,,
ORD-20261007-08411,2026-10-07 21:06:11,False,CANCELLED,PAYMENT_FAILED,1,2026-10-07 21:07:19,2026-10-07 21:07:02
ORD-20261007-08412,2026-10-07 21:06:46,False,CANCELLED,PAYMENT_FAILED,1,2026-10-07 21:07:46,2026-10-07 21:07:32
ORD-20261007-08413,2026-10-07 21:06:15,True,COMPLETED,,1,,
ORD-20261007-08414,2026-10-07 21:06:30,False,CANCELLED,PAYMENT_FAILED,1,2026-10-07 21:07:40,2026-10-07 21:07:24
ORD-20261007-08415,2026-10-07 21:06:42,True,COMPLETED,,2,,
ORD-20261007-08416,2026-10-07 21:06:07,False,COMPLETED,,1,,
ORD-20261007-08417,2026-10-07 21:06:06,True,COMPLETED,,2,,
ORD-20261007-08418,2026-10-07 21:06:19,False,CANCELLED,PAYMENT_FAILED,2,2026-10-07 21:07:39,2026-10-07 21:07:29
ORD-20261007-08419,2026-10-07 21:06:04,True,COMPLETED,,1,,
ORD-20261007-08420,2026-10-07 21:06:15,True,COMPLETED,,2,,
ORD-20261007-08421,2026-10-07 21:06:51,True,COMPLETED,,1,,
ORD-20261007-08422,2026-10-07 21:06:01,True,COMPLETED,,1,,
ORD-20261007-08423,2026-10-07 21:06:43,False,COMPLETED,,1,,
ORD-20261007-08424,2026-10-07 21:06:25,False,CANCELLED,PAYMENT_FAILED,1,2026-10-07 21:07:12,
ORD-20261007-08425,2026-10-07 21:06:15,True,COMPLETED,,1,,
ORD-20261007-08426,2026-10-07 21:06:39,False,CANCELLED,PAYMENT_FAILED,2,2026-10-07 21:07:48,2026-10-07 21:07:29
ORD-20261007-08427,2026-10-07 21:06:06,True,COMPLETED,,2,,
ORD-20261007-08428,2026-10-07 21:07:06,True,COMPLETED,,2,,
ORD-20261007-08429,2026-10-07 21:07:32,True,COMPLETED,,1,,
ORD-20261007-08430,2026-10-07 21:07:53,False,COMPLETED,,1,,
ORD-20261007-08431,2026-10-07 21:07:07,True,COMPLETED,,2,,
ORD-20261007-08432,2026-10-07 21:07:46,True,COMPLETED,,1,,
ORD-20261007-08433,2026-10-07 21:07:08,False,CANCELLED,PAYMENT_FAILED,2,2026-10-07 21:07:38,2026-10-07 21:07:25
ORD-20261007-08434,2026-10-07 21:07:19,True,COMPLETED,,1,,
ORD-20261007-08435,2026-10-07 21:07:32,True,COMPLETED,,1,,
ORD-20261007-08436,2026-10-07 21:07:00,False,CANCELLED,PAYMENT_FAILED,1,2026-10-07 21:07:32,
ORD-20261007-08437,2026-10-07 21:07:29,True,COMPLETED,,2,,
ORD-20261007-08438,2026-10-07 21:07:31,True,COMPLETED,,2,,
ORD-20261007-08439,2026-10-07 21:07:58,True,COMPLETED,,1,,
ORD-20261007-08440,2026-10-07 21:07:07,True,CANCELLED,DISPATCH_TIMEOUT,1,2026-10-07 21:08:32,2026-10-07 21:08:17
ORD-20261007-08441,2026-10-07 21:07:45,True,COMPLETED,,2,,
ORD-20261007-08442,2026-10-07 21:07:10,True,COMPLETED,,2,,
ORD-20261007-08443,2026-10-07 21:07:09,True,COMPLETED,,1,,
ORD-20261007-08444,2026-10-07 21:07:16,True,COMPLETED,,1,,
ORD-20261007-08445,2026-10-07 21:07:58,True,COMPLETED,,1,,
ORD-20261007-08446,2026-10-07 21:07:58,False,CANCELLED,PAYMENT_FAILED,2,2026-10-07 21:08:41,2026-10-07 21:08:18
ORD-20261007-08447,2026-10-07 21:07:55,True,COMPLETED,,2,,
ORD-20261007-08448,2026-10-07 21:07:59,False,CANCELLED,PAYMENT_FAILED,1,2026-10-07 21:08:34,
ORD-20261007-08449,2026-10-07 21:07:20,True,COMPLETED,,1,,
ORD-20261007-08450,2026-10-07 21:07:28,True,CANCELLED,RIDER_REJECTION,2,2026-10-07 21:08:08,2026-10-07 21:07:51
ORD-20261007-08451,2026-10-07 21:07:05,False,COMPLETED,,1,,
ORD-20261007-08452,2026-10-07 21:07:26,False,CANCELLED,PAYMENT_FAILED,2,2026-10-07 21:08:21,2026-10-07 21:08:05
ORD-20261007-08453,2026-10-07 21:07:46,False,COMPLETED,,2,,
ORD-20261007-08454,2026-10-07 21:07:14,True,COMPLETED,,1,,
ORD-20261007-08455,2026-10-07 21:07:55,True,COMPLETED,,1,,
ORD-20261007-08456,2026-10-07 21:07:22,True,COMPLETED,,1,,
ORD-20261007-08457,2026-10-07 21:07:22,False,CANCELLED,PAYMENT_FAILED,1,2026-10-07 21:08:47,2026-10-07 21:08:23
ORD-20261007-08458,2026-10-07 21:07:24,True,COMPLETED,,1,,
ORD-20261007-08459,2026-10-07 21:07:25,False,CANCELLED,PAYMENT_FAILED,1,2026-10-07 21:08:18,2026-10-07 21:08:08
ORD-20261007-08460,2026-10-07 21:07:45,True,COMPLETED,,2,,
ORD-20261007-08461,2026-10-07 21:07:07,True,COMPLETED,,2,,
ORD-20261007-08462,2026-10-07 21:07:56,False,CANCELLED,PAYMENT_FAILED,1,2026-10-07 21:08:45,2026-10-07 21:08:26
ORD-20261007-08463,2026-10-07 21:07:05,True,COMPLETED,,1,,
ORD-20261007-08464,2026-10-07 21:07:29,True,COMPLETED,,2,,
ORD-20261007-08465,2026-10-07 21:07:20,True,COMPLETED,,1,,
ORD-20261007-08466,2026-10-07 21:07:13,True,COMPLETED,,1,,
ORD-20261007-08467,2026-10-07 21:07:44,False,CANCELLED,PAYMENT_FAILED,2,2026-10-07 21:08:54,2026-10-07 21:08:36
ORD-20261007-08468,2026-10-07 21:07:03,False,CANCELLED,PAYMENT_FAILED,2,2026-10-07 21:08:13,2026-10-07 21:07:53
ORD-20261007-08469,2026-10-07 21:07:27,True,COMPLETED,,1,,
ORD-20261007-08470,2026-10-07 21:07:33,True,COMPLETED,,1,,
ORD-20261007-08471,2026-10-07 21:07:50,True,COMPLETED,,1,,
ORD-20261007-08472,2026-10-07 21:08:25,True,COMPLETED,,2,,
ORD-20261007-08473,2026-10-07 21:08:59,True,COMPLETED,,1,,
ORD-20261007-08474,2026-10-07 21:08:32,True,COMPLETED,,1,,
ORD-20261007-08475,2026-10-07 21:08:24,True,COMPLETED,,2,,
ORD-20261007-08476,2026-10-07 21:08:35,False,CANCELLED,PAYMENT_FAILED,1,2026-10-07 21:09:08,
ORD-20261007-08477,2026-10-07 21:08:39,True,COMPLETED,,1,,
ORD-20261007-08478,2026-10-07 21:08:42,True,COMPLETED,,2,,
ORD-20261007-08479,2026-10-07 21:08:24,True,COMPLETED,,2,,
ORD-20261007-08480,2026-10-07 21:08:23,True,COMPLETED,,2,,
ORD-20261007-08481,2026-10-07 21:08:06,True,COMPLETED,,1,,
ORD-20261007-08482,2026-10-07 21:08:47,True,COMPLETED,,2,,
ORD-20261007-08483,2026-10-07 21:08:26,True,COMPLETED,,1,,
ORD-20261007-08484,2026-10-07 21:08:00,False,CANCELLED,PAYMENT_FAILED,1,2026-10-07 21:08:51,2026-10-07 21:08:36
ORD-20261007-08485,2026-10-07 21:08:15,True,COMPLETED,,1,,
ORD-20261007-08486,2026-10-07 21:08:48,False,COMPLETED,,1,,
ORD-20261007-08487,2026-10-07 21:08:14,False,COMPLETED,,1,,
ORD-20261007-08488,2026-10-07 21:08:18,False,CANCELLED,PAYMENT_FAILED,2,2026-10-07 21:08:52,2026-10-07 21:08:32
ORD-20261007-08489,2026-10-07 21:08:15,False,COMPLETED,,1,,
ORD-20261007-08490,2026-10-07 21:08:01,True,COMPLETED,,2,,
ORD-20261007-08491,2026-10-07 21:08:25,False,CANCELLED,PAYMENT_FAILED,2,2026-10-07 21:09:48,2026-10-07 21:09:35
ORD-20261007-08492,2026-10-07 21:08:30,True,COMPLETED,,2,,
ORD-20261007-08493,2026-10-07 21:08:01,False,CANCELLED,PAYMENT_FAILED,1,2026-10-07 21:08:37,2026-10-07 21:08:18
ORD-20261007-08494,2026-10-07 21:08:39,True,COMPLETED,,1,,
ORD-20261007-08495,2026-10-07 21:08:06,False,CANCELLED,PAYMENT_FAILED,2,2026-10-07 21:09:11,
ORD-20261007-08496,2026-10-07 21:08:18,True,COMPLETED,,2,,
ORD-20261007-08497,2026-10-07 21:08:32,True,CANCELLED,DISPATCH_TIMEOUT,1,2026-10-07 21:09:55,2026-10-07 21:09:31
ORD-20261007-08498,2026-10-07 21:08:18,False,CANCELLED,PAYMENT_FAILED,2,2026-10-07 21:09:18,
ORD-20261007-08499,2026-10-07 21:08:46,True,COMPLETED,,1,,
ORD-20261007-08500,2026-10-07 21:08:39,False,CANCELLED,PAYMENT_FAILED,1,2026-10-07 21:09:22,2026-10-07 21:09:10
ORD-20261007-08501,2026-10-07 21:08:49,True,COMPLETED,,1,,
ORD-20261007-08502,2026-10-07 21:08:05,False,COMPLETED,,1,,
ORD-20261007-08503,2026-10-07 21:08:21,True,COMPLETED,,1,,
ORD-20261007-08504,2026-10-07 21:08:21,True,COMPLETED,,1,,
ORD-20261007-08505,2026-10-07 21:08:27,True,COMPLETED,,2,,
ORD-20261007-08506,2026-10-07 21:08:52,True,COMPLETED,,1,,
ORD-20261007-08507,2026-10-07 21:08:24,False,CANCELLED,PAYMENT_FAILED,2,2026-10-07 21:09:38,2026-10-07 21:09:26
ORD-20261007-08508,2026-10-07 21:08:17,False,CANCELLED,PAYMENT_FAILED,1,2026-10-07 21:09:21,
ORD-20261007-08509,2026-10-07 21:08:07,True,COMPLETED,,2,,
ORD-20261007-08510,2026-10-07 21:08:43,False,CANCELLED,PAYMENT_FAILED,1,2026-10-07 21:09:14,
ORD-20261007-08511,2026-10-07 21:08:24,True,COMPLETED,,2,,
ORD-20261007-08512,2026-10-07 21:08:08,False,CANCELLED,PAYMENT_FAILED,1,2026-10-07 21:09:35,2026-10-07 21:09:20
ORD-20261007-08513,2026-10-07 21:08:24,True,COMPLETED,,1,,
ORD-20261007-08514,2026-10-07 21:08:48,True,CANCELLED,DISPATCH_TIMEOUT,1,2026-10-07 21:09:42,
ORD-20261007-08515,2026-10-07 21:09:13,True,COMPLETED,,2,,
ORD-20261007-08516,2026-10-07 21:09:31,True,COMPLETED,,2,,
ORD-20261007-08517,2026-10-07 21:09:16,False,CANCELLED,PAYMENT_FAILED,2,2026-10-07 21:10:00,2026-10-07 21:09:43
ORD-20261007-08518,2026-10-07 21:09:09,True,COMPLETED,,2,,
ORD-20261007-08519,2026-10-07 21:09:08,True,COMPLETED,,2,,
ORD-20261007-08520,2026-10-07 21:09:50,False,CANCELLED,PAYMENT_FAILED,1,2026-10-07 21:11:17,2026-10-07 21:11:05
ORD-20261007-08521,2026-10-07 21:09:25,True,COMPLETED,,2,,
ORD-20261007-08522,2026-10-07 21:09:06,False,CANCELLED,PAYMENT_FAILED,1,2026-10-07 21:09:59,2026-10-07 21:09:39
ORD-20261007-08523,2026-10-07 21:09:25,False,COMPLETED,,2,,
ORD-20261007-08524,2026-10-07 21:09:53,True,COMPLETED,,2,,
ORD-20261007-08525,2026-10-07 21:09:46,False,COMPLETED,,1,,
ORD-20261007-08526,2026-10-07 21:09:53,False,CANCELLED,PAYMENT_FAILED,2,2026-10-07 21:10:50,
ORD-20261007-08527,2026-10-07 21:09:52,True,COMPLETED,,2,,
ORD-20261007-08528,2026-10-07 21:09:52,True,CANCELLED,DISPATCH_TIMEOUT,1,2026-10-07 21:10:32,
ORD-20261007-08529,2026-10-07 21:09:40,True,COMPLETED,,1,,
ORD-20261007-08530,2026-10-07 21:09:10,False,CANCELLED,PAYMENT_FAILED,1,2026-10-07 21:10:09,2026-10-07 21:09:57
ORD-20261007-08531,2026-10-07 21:09:55,True,COMPLETED,,2,,
ORD-20261007-08532,2026-10-07 21:09:13,True,COMPLETED,,2,,
ORD-20261007-08533,2026-10-07 21:09:10,True,COMPLETED,,2,,
ORD-20261007-08534,2026-10-07 21:09:38,False,CANCELLED,PAYMENT_FAILED,2,2026-10-07 21:11:06,2026-10-07 21:10:52
ORD-20261007-08535,2026-10-07 21:09:27,True,COMPLETED,,2,,
ORD-20261007-08536,2026-10-07 21:09:19,False,COMPLETED,,1,,
ORD-20261007-08537,2026-10-07 21:09:27,True,COMPLETED,,2,,
ORD-20261007-08538,2026-10-07 21:09:43,True,COMPLETED,,2,,
ORD-20261007-08539,2026-10-07 21:09:32,True,CANCELLED,DISPATCH_TIMEOUT,1,2026-10-07 21:10:58,
ORD-20261007-08540,2026-10-07 21:09:25,True,COMPLETED,,1,,
ORD-20261007-08541,2026-10-07 21:09:04,True,COMPLETED,,2,,
ORD-20261007-08542,2026-10-07 21:09:53,False,COMPLETED,,1,,
ORD-20261007-08543,2026-10-07 21:09:33,True,COMPLETED,,1,,
ORD-20261007-08544,2026-10-07 21:09:06,False,CANCELLED,PAYMENT_FAILED,1,2026-10-07 21:09:41,2026-10-07 21:09:25
ORD-20261007-08545,2026-10-07 21:09:48,True,COMPLETED,,2,,
ORD-20261007-08546,2026-10-07 21:09:44,True,COMPLETED,,1,,
ORD-20261007-08547,2026-10-07 21:09:37,True,COMPLETED,,2,,
ORD-20261007-08548,2026-10-07 21:09:00,True,COMPLETED,,1,,
ORD-20261007-08549,2026-10-07 21:09:17,True,COMPLETED,,2,,
ORD-20261007-08550,2026-10-07 21:09:44,False,CANCELLED,PAYMENT_FAILED,2,2026-10-07 21:10:27,2026-10-07 21:10:07
ORD-20261007-08551,2026-10-07 21:09:35,True,CANCELLED,RIDER_REJECTION,1,2026-10-07 21:10:26,2026-10-07 21:10:09
ORD-20261007-08552,2026-10-07 21:09:18,True,CANCELLED,DISPATCH_TIMEOUT,1,2026-10-07 21:09:53,2026-10-07 21:09:41
ORD-20261007-08553,2026-10-07 21:09:41,True,COMPLETED,,2,,
ORD-20261007-08554,2026-10-07 21:09:43,True,COMPLETED,,2,,
ORD-20261007-08555,2026-10-07 21:09:05,False,CANCELLED,PAYMENT_FAILED,2,2026-10-07 21:10:15,
ORD-20261007-08556,2026-10-07 21:09:49,False,COMPLETED,,2,,
ORD-20261007-08557,2026-10-07 21:09:31,False,CANCELLED,PAYMENT_FAILED,2,2026-10-07 21:10:01,2026-10-07 21:09:37
ORD-20261007-08558,2026-10-07 21:09:54,False,CANCELLED,PAYMENT_FAILED,2,2026-10-07 21:10:45,2026-10-07 21:10:26
ORD-20261007-08559,2026-10-07 21:10:24,True,COMPLETED,,2,,
ORD-20261007-08560,2026-10-07 21:10:43,True,COMPLETED,,1,,
ORD-20261007-08561,2026-10-07 21:10:00,True,COMPLETED,,1,,
ORD-20261007-08562,2026-10-07 21:10:25,True,COMPLETED,,2,,
ORD-20261007-08563,2026-10-07 21:10:18,True,COMPLETED,,2,,
ORD-20261007-08564,2026-10-07 21:10:23,False,CANCELLED,PAYMENT_FAILED,1,2026-10-07 21:11:14,2026-10-07 21:10:59
ORD-20261007-08565,2026-10-07 21:10:18,False,CANCELLED,PAYMENT_FAILED,2,2026-10-07 21:11:25,2026-10-07 21:11:06
ORD-20261007-08566,2026-10-07 21:10:02,False,CANCELLED,PAYMENT_FAILED,1,2026-10-07 21:11:19,
ORD-20261007-08567,2026-10-07 21:10:04,False,CANCELLED,PAYMENT_FAILED,2,2026-10-07 21:11:04,
ORD-20261007-08568,2026-10-07 21:10:49,False,CANCELLED,PAYMENT_FAILED,1,2026-10-07 21:11:36,
ORD-20261007-08569,2026-10-07 21:10:53,True,CANCELLED,DISPATCH_TIMEOUT,1,2026-10-07 21:11:56,2026-10-07 21:11:38
ORD-20261007-08570,2026-10-07 21:10:21,True,COMPLETED,,2,,
ORD-20261007-08571,2026-10-07 21:10:26,True,COMPLETED,,1,,
ORD-20261007-08572,2026-10-07 21:10:21,True,COMPLETED,,2,,
ORD-20261007-08573,2026-10-07 21:10:34,False,CANCELLED,PAYMENT_FAILED,2,2026-10-07 21:11:09,2026-10-07 21:10:52
ORD-20261007-08574,2026-10-07 21:10:30,True,COMPLETED,,2,,
ORD-20261007-08575,2026-10-07 21:10:53,False,COMPLETED,,2,,
ORD-20261007-08576,2026-10-07 21:10:01,True,CANCELLED,DISPATCH_TIMEOUT,1,2026-10-07 21:11:08,
ORD-20261007-08577,2026-10-07 21:10:21,True,COMPLETED,,1,,
ORD-20261007-08578,2026-10-07 21:10:20,False,COMPLETED,,1,,
ORD-20261007-08579,2026-10-07 21:10:54,True,COMPLETED,,2,,
ORD-20261007-08580,2026-10-07 21:10:42,False,CANCELLED,PAYMENT_FAILED,1,2026-10-07 21:11:21,2026-10-07 21:11:06
ORD-20261007-08581,2026-10-07 21:10:01,True,COMPLETED,,2,,
ORD-20261007-08582,2026-10-07 21:10:16,False,CANCELLED,PAYMENT_FAILED,1,2026-10-07 21:11:14,
ORD-20261007-08583,2026-10-07 21:10:51,True,COMPLETED,,1,,
ORD-20261007-08584,2026-10-07 21:10:57,True,COMPLETED,,1,,
ORD-20261007-08585,2026-10-07 21:10:50,True,COMPLETED,,1,,
ORD-20261007-08586,2026-10-07 21:10:21,True,COMPLETED,,1,,
ORD-20261007-08587,2026-10-07 21:10:44,True,COMPLETED,,2,,
ORD-20261007-08588,2026-10-07 21:10:06,True,COMPLETED,,1,,
ORD-20261007-08589,2026-10-07 21:10:07,False,COMPLETED,,1,,
ORD-20261007-08590,2026-10-07 21:10:22,True,COMPLETED,,1,,
ORD-20261007-08591,2026-10-07 21:10:42,True,COMPLETED,,1,,
ORD-20261007-08592,2026-10-07 21:10:18,True,COMPLETED,,2,,
ORD-20261007-08593,2026-10-07 21:10:10,False,COMPLETED,,2,,
ORD-20261007-08594,2026-10-07 21:10:15,False,COMPLETED,,2,,
ORD-20261007-08595,2026-10-07 21:10:34,False,CANCELLED,PAYMENT_FAILED,2,2026-10-07 21:11:32,
ORD-20261007-08596,2026-10-07 21:10:28,False,CANCELLED,PAYMENT_FAILED,2,2026-10-07 21:11:21,2026-10-07 21:11:10
ORD-20261007-08597,2026-10-07 21:10:20,True,COMPLETED,,1,,
ORD-20261007-08598,2026-10-07 21:10:56,True,COMPLETED,,2,,
ORD-20261007-08599,2026-10-07 21:10:34,True,COMPLETED,,2,,
ORD-20261007-08600,2026-10-07 21:10:02,False,COMPLETED,,1,,
ORD-20261007-08601,2026-10-07 21:10:36,False,COMPLETED,,1,,
ORD-20261007-08602,2026-10-07 21:10:05,True,COMPLETED,,2,,
ORD-20261007-08603,2026-10-07 21:10:22,True,COMPLETED,,2,,
ORD-20261007-08604,2026-10-07 21:10:41,True,COMPLETED,,2,,
ORD-20261007-08605,2026-10-07 21:11:48,False,CANCELLED,PAYMENT_FAILED,1,2026-10-07 21:13:17,
ORD-20261007-08606,2026-10-07 21:11:53,True,CANCELLED,DISPATCH_TIMEOUT,2,2026-10-07 21:12:48,2026-10-07 21:12:36
ORD-20261007-08607,2026-10-07 21:11:09,True,COMPLETED,,2,,
ORD-20261007-08608,2026-10-07 21:11:56,False,CANCELLED,PAYMENT_FAILED,2,2026-10-07 21:13:02,2026-10-07 21:12:39
ORD-20261007-08609,2026-10-07 21:11:27,True,COMPLETED,,2,,
ORD-20261007-08610,2026-10-07 21:11:47,True,COMPLETED,,2,,
ORD-20261007-08611,2026-10-07 21:11:38,True,COMPLETED,,1,,
ORD-20261007-08612,2026-10-07 21:11:50,True,COMPLETED,,1,,
ORD-20261007-08613,2026-10-07 21:11:10,True,COMPLETED,,2,,
ORD-20261007-08614,2026-10-07 21:11:48,False,CANCELLED,PAYMENT_FAILED,1,2026-10-07 21:12:45,
ORD-20261007-08615,2026-10-07 21:11:54,True,COMPLETED,,2,,
ORD-20261007-08616,2026-10-07 21:11:40,False,CANCELLED,PAYMENT_FAILED,1,2026-10-07 21:12:39,
ORD-20261007-08617,2026-10-07 21:11:30,True,COMPLETED,,2,,
ORD-20261007-08618,2026-10-07 21:11:59,True,COMPLETED,,1,,
ORD-20261007-08619,2026-10-07 21:11:16,True,COMPLETED,,1,,
ORD-20261007-08620,2026-10-07 21:11:09,True,COMPLETED,,1,,
ORD-20261007-08621,2026-10-07 21:11:50,True,COMPLETED,,1,,
ORD-20261007-08622,2026-10-07 21:11:57,False,CANCELLED,PAYMENT_FAILED,2,2026-10-07 21:12:56,2026-10-07 21:12:41
ORD-20261007-08623,2026-10-07 21:11:16,False,COMPLETED,,2,,
ORD-20261007-08624,2026-10-07 21:11:19,True,COMPLETED,,1,,
ORD-20261007-08625,2026-10-07 21:11:59,False,CANCELLED,PAYMENT_FAILED,1,2026-10-07 21:12:46,2026-10-07 21:12:27
ORD-20261007-08626,2026-10-07 21:11:38,True,COMPLETED,,1,,
ORD-20261007-08627,2026-10-07 21:11:14,False,CANCELLED,PAYMENT_FAILED,1,2026-10-07 21:12:27,
ORD-20261007-08628,2026-10-07 21:11:48,True,COMPLETED,,1,,
ORD-20261007-08629,2026-10-07 21:11:22,True,COMPLETED,,1,,
ORD-20261007-08630,2026-10-07 21:11:36,False,CANCELLED,PAYMENT_FAILED,2,2026-10-07 21:12:19,
ORD-20261007-08631,2026-10-07 21:11:50,True,CANCELLED,DISPATCH_TIMEOUT,1,2026-10-07 21:12:33,2026-10-07 21:12:14
ORD-20261007-08632,2026-10-07 21:11:05,True,COMPLETED,,1,,
ORD-20261007-08633,2026-10-07 21:11:39,False,CANCELLED,PAYMENT_FAILED,2,2026-10-07 21:12:27,2026-10-07 21:12:16
ORD-20261007-08634,2026-10-07 21:11:21,True,COMPLETED,,1,,
ORD-20261007-08635,2026-10-07 21:11:46,True,COMPLETED,,1,,
ORD-20261007-08636,2026-10-07 21:11:26,True,COMPLETED,,2,,
ORD-20261007-08637,2026-10-07 21:11:25,True,COMPLETED,,1,,
ORD-20261007-08638,2026-10-07 21:11:22,True,COMPLETED,,2,,
ORD-20261007-08639,2026-10-07 21:11:17,False,CANCELLED,PAYMENT_FAILED,1,2026-10-07 21:12:30,2026-10-07 21:12:10
ORD-20261007-08640,2026-10-07 21:11:00,False,COMPLETED,,1,,
ORD-20261007-08641,2026-10-07 21:11:32,False,CANCELLED,PAYMENT_FAILED,2,2026-10-07 21:12:31,2026-10-07 21:12:20
ORD-20261007-08642,2026-10-07 21:11:39,True,CANCELLED,RIDER_REJECTION,1,2026-10-07 21:12:59,2026-10-07 21:12:36
ORD-20261007-08643,2026-10-07 21:11:52,True,COMPLETED,,1,,
ORD-20261007-08644,2026-10-07 21:11:10,False,CANCELLED,PAYMENT_FAILED,1,2026-10-07 21:12:15,2026-10-07 21:12:03
ORD-20261007-08645,2026-10-07 21:11:12,True,COMPLETED,,2,,
ORD-20261007-08646,2026-10-07 21:11:15,True,CANCELLED,RIDER_REJECTION,2,2026-10-07 21:12:42,2026-10-07 21:12:32
ORD-20261007-08647,2026-10-07 21:11:38,True,COMPLETED,,1,,
ORD-20261007-08648,2026-10-07 21:11:30,False,CANCELLED,PAYMENT_FAILED,1,2026-10-07 21:12:56,2026-10-07 21:12:43
ORD-20261007-08649,2026-10-07 21:11:50,False,COMPLETED,,1,,
ORD-20261007-08650,2026-10-07 21:11:20,False,COMPLETED,,1,,
ORD-20261007-08651,2026-10-07 21:12:25,False,COMPLETED,,1,,
ORD-20261007-08652,2026-10-07 21:12:15,False,COMPLETED,,2,,
ORD-20261007-08653,2026-10-07 21:12:33,False,CANCELLED,PAYMENT_FAILED,2,2026-10-07 21:14:00,2026-10-07 21:13:42
ORD-20261007-08654,2026-10-07 21:12:28,True,COMPLETED,,1,,
ORD-20261007-08655,2026-10-07 21:12:49,True,CANCELLED,RIDER_REJECTION,2,2026-10-07 21:13:42,2026-10-07 21:13:20
ORD-20261007-08656,2026-10-07 21:12:30,True,COMPLETED,,1,,
ORD-20261007-08657,2026-10-07 21:12:56,False,CANCELLED,PAYMENT_FAILED,2,2026-10-07 21:13:28,2026-10-07 21:13:06
ORD-20261007-08658,2026-10-07 21:12:16,True,COMPLETED,,1,,
ORD-20261007-08659,2026-10-07 21:12:48,True,COMPLETED,,2,,
ORD-20261007-08660,2026-10-07 21:12:52,True,COMPLETED,,1,,
ORD-20261007-08661,2026-10-07 21:12:50,False,CANCELLED,PAYMENT_FAILED,1,2026-10-07 21:14:19,2026-10-07 21:14:07
ORD-20261007-08662,2026-10-07 21:12:17,True,COMPLETED,,2,,
ORD-20261007-08663,2026-10-07 21:12:20,True,COMPLETED,,1,,
ORD-20261007-08664,2026-10-07 21:12:00,False,CANCELLED,PAYMENT_FAILED,1,2026-10-07 21:13:22,2026-10-07 21:12:59
ORD-20261007-08665,2026-10-07 21:12:20,True,COMPLETED,,2,,
ORD-20261007-08666,2026-10-07 21:12:39,True,COMPLETED,,1,,
ORD-20261007-08667,2026-10-07 21:12:50,True,COMPLETED,,2,,
ORD-20261007-08668,2026-10-07 21:12:00,False,CANCELLED,PAYMENT_FAILED,2,2026-10-07 21:12:42,2026-10-07 21:12:19
ORD-20261007-08669,2026-10-07 21:12:47,True,COMPLETED,,2,,
ORD-20261007-08670,2026-10-07 21:12:50,True,COMPLETED,,2,,
ORD-20261007-08671,2026-10-07 21:12:39,True,COMPLETED,,2,,
ORD-20261007-08672,2026-10-07 21:12:26,True,COMPLETED,,2,,
ORD-20261007-08673,2026-10-07 21:12:20,True,COMPLETED,,1,,
ORD-20261007-08674,2026-10-07 21:12:28,True,COMPLETED,,1,,
ORD-20261007-08675,2026-10-07 21:12:37,False,CANCELLED,PAYMENT_FAILED,2,2026-10-07 21:13:36,2026-10-07 21:13:16
ORD-20261007-08676,2026-10-07 21:12:45,False,COMPLETED,,2,,
ORD-20261007-08677,2026-10-07 21:12:58,False,COMPLETED,,1,,
ORD-20261007-08678,2026-10-07 21:12:40,False,CANCELLED,PAYMENT_FAILED,1,2026-10-07 21:13:44,
ORD-20261007-08679,2026-10-07 21:12:27,True,COMPLETED,,1,,
ORD-20261007-08680,2026-10-07 21:12:05,False,CANCELLED,PAYMENT_FAILED,1,2026-10-07 21:12:50,
ORD-20261007-08681,2026-10-07 21:12:53,False,COMPLETED,,1,,
ORD-20261007-08682,2026-10-07 21:12:32,False,COMPLETED,,2,,
ORD-20261007-08683,2026-10-07 21:12:45,False,CANCELLED,PAYMENT_FAILED,2,2026-10-07 21:13:45,2026-10-07 21:13:34
ORD-20261007-08684,2026-10-07 21:12:42,True,COMPLETED,,2,,
ORD-20261007-08685,2026-10-07 21:12:14,True,COMPLETED,,1,,
ORD-20261007-08686,2026-10-07 21:12:25,True,COMPLETED,,2,,
ORD-20261007-08687,2026-10-07 21:12:50,True,COMPLETED,,2,,
ORD-20261007-08688,2026-10-07 21:12:00,True,COMPLETED,,1,,
ORD-20261007-08689,2026-10-07 21:12:00,True,COMPLETED,,1,,
ORD-20261007-08690,2026-10-07 21:12:05,False,CANCELLED,PAYMENT_FAILED,2,2026-10-07 21:12:52,
ORD-20261007-08691,2026-10-07 21:12:59,True,COMPLETED,,2,,
ORD-20261007-08692,2026-10-07 21:12:48,False,COMPLETED,,2,,
ORD-20261007-08693,2026-10-07 21:12:45,False,COMPLETED,,1,,
ORD-20261007-08694,2026-10-07 21:12:46,False,CANCELLED,PAYMENT_FAILED,2,2026-10-07 21:13:54,2026-10-07 21:13:37
ORD-20261007-08695,2026-10-07 21:12:59,True,COMPLETED,,1,,
ORD-20261007-08696,2026-10-07 21:12:00,True,COMPLETED,,1,,
ORD-20261007-08697,2026-10-07 21:13:04,True,COMPLETED,,2,,
ORD-20261007-08698,2026-10-07 21:13:20,True,COMPLETED,,1,,
ORD-20261007-08699,2026-10-07 21:13:56,True,COMPLETED,,1,,
ORD-20261007-08700,2026-10-07 21:13:50,True,COMPLETED,,2,,
ORD-20261007-08701,2026-10-07 21:13:54,True,COMPLETED,,2,,
ORD-20261007-08702,2026-10-07 21:13:01,True,COMPLETED,,2,,
ORD-20261007-08703,2026-10-07 21:13:10,True,COMPLETED,,1,,
ORD-20261007-08704,2026-10-07 21:13:47,False,CANCELLED,PAYMENT_FAILED,1,2026-10-07 21:14:54,
ORD-20261007-08705,2026-10-07 21:13:29,False,COMPLETED,,2,,
ORD-20261007-08706,2026-10-07 21:13:56,False,CANCELLED,PAYMENT_FAILED,1,2026-10-07 21:15:23,
ORD-20261007-08707,2026-10-07 21:13:38,True,COMPLETED,,1,,
ORD-20261007-08708,2026-10-07 21:13:45,True,CANCELLED,RIDER_REJECTION,2,2026-10-07 21:14:22,2026-10-07 21:14:11
ORD-20261007-08709,2026-10-07 21:13:19,True,COMPLETED,,2,,
ORD-20261007-08710,2026-10-07 21:13:21,True,COMPLETED,,2,,
ORD-20261007-08711,2026-10-07 21:13:37,True,COMPLETED,,1,,
ORD-20261007-08712,2026-10-07 21:13:56,True,COMPLETED,,1,,
ORD-20261007-08713,2026-10-07 21:13:57,True,COMPLETED,,1,,
ORD-20261007-08714,2026-10-07 21:13:28,True,COMPLETED,,1,,
ORD-20261007-08715,2026-10-07 21:13:56,False,COMPLETED,,2,,
ORD-20261007-08716,2026-10-07 21:13:43,False,CANCELLED,PAYMENT_FAILED,2,2026-10-07 21:14:18,
ORD-20261007-08717,2026-10-07 21:13:46,True,COMPLETED,,1,,
ORD-20261007-08718,2026-10-07 21:13:23,True,COMPLETED,,1,,
ORD-20261007-08719,2026-10-07 21:13:41,False,COMPLETED,,1,,
ORD-20261007-08720,2026-10-07 21:13:42,True,COMPLETED,,2,,
ORD-20261007-08721,2026-10-07 21:13:35,True,COMPLETED,,1,,
ORD-20261007-08722,2026-10-07 21:13:31,True,COMPLETED,,2,,
ORD-20261007-08723,2026-10-07 21:13:16,True,COMPLETED,,2,,
ORD-20261007-08724,2026-10-07 21:13:14,False,CANCELLED,PAYMENT_FAILED,2,2026-10-07 21:14:17,
ORD-20261007-08725,2026-10-07 21:13:06,True,COMPLETED,,2,,
ORD-20261007-08726,2026-10-07 21:13:13,True,COMPLETED,,2,,
ORD-20261007-08727,2026-10-07 21:13:04,True,COMPLETED,,2,,
ORD-20261007-08728,2026-10-07 21:13:51,False,CANCELLED,PAYMENT_FAILED,1,2026-10-07 21:15:10,2026-10-07 21:15:00
ORD-20261007-08729,2026-10-07 21:13:32,False,CANCELLED,PAYMENT_FAILED,2,2026-10-07 21:14:53,
ORD-20261007-08730,2026-10-07 21:13:03,True,COMPLETED,,1,,
ORD-20261007-08731,2026-10-07 21:13:50,True,COMPLETED,,1,,
ORD-20261007-08732,2026-10-07 21:13:33,False,CANCELLED,PAYMENT_FAILED,1,2026-10-07 21:14:52,2026-10-07 21:14:31
ORD-20261007-08733,2026-10-07 21:13:50,False,CANCELLED,PAYMENT_FAILED,1,2026-10-07 21:14:52,2026-10-07 21:14:37
ORD-20261007-08734,2026-10-07 21:13:19,True,COMPLETED,,1,,
ORD-20261007-08735,2026-10-07 21:13:10,True,COMPLETED,,2,,
ORD-20261007-08736,2026-10-07 21:13:51,True,COMPLETED,,2,,
ORD-20261007-08737,2026-10-07 21:13:51,True,COMPLETED,,1,,
ORD-20261007-08738,2026-10-07 21:13:19,True,COMPLETED,,1,,
ORD-20261007-08739,2026-10-07 21:13:36,False,COMPLETED,,2,,
ORD-20261007-08740,2026-10-07 21:13:43,True,COMPLETED,,1,,
ORD-20261007-08741,2026-10-07 21:14:52,False,CANCELLED,PAYMENT_FAILED,2,2026-10-07 21:15:53,2026-10-07 21:15:30
ORD-20261007-08742,2026-10-07 21:14:14,False,CANCELLED,PAYMENT_FAILED,2,2026-10-07 21:15:20,2026-10-07 21:15:10
ORD-20261007-08743,2026-10-07 21:14:30,True,COMPLETED,,1,,
ORD-20261007-08744,2026-10-07 21:14:00,True,COMPLETED,,2,,
ORD-20261007-08745,2026-10-07 21:14:20,False,CANCELLED,PAYMENT_FAILED,1,2026-10-07 21:15:41,
ORD-20261007-08746,2026-10-07 21:14:37,True,CANCELLED,RIDER_REJECTION,2,2026-10-07 21:15:58,
ORD-20261007-08747,2026-10-07 21:14:41,True,COMPLETED,,1,,
ORD-20261007-08748,2026-10-07 21:14:27,False,CANCELLED,PAYMENT_FAILED,2,2026-10-07 21:15:36,2026-10-07 21:15:24
ORD-20261007-08749,2026-10-07 21:14:43,True,COMPLETED,,1,,
ORD-20261007-08750,2026-10-07 21:14:33,False,COMPLETED,,2,,
ORD-20261007-08751,2026-10-07 21:14:14,True,COMPLETED,,1,,
ORD-20261007-08752,2026-10-07 21:14:11,True,COMPLETED,,2,,
ORD-20261007-08753,2026-10-07 21:14:09,False,CANCELLED,PAYMENT_FAILED,1,2026-10-07 21:15:12,2026-10-07 21:14:52
ORD-20261007-08754,2026-10-07 21:14:33,True,COMPLETED,,1,,
ORD-20261007-08755,2026-10-07 21:14:43,False,COMPLETED,,2,,
ORD-20261007-08756,2026-10-07 21:14:48,True,COMPLETED,,1,,
ORD-20261007-08757,2026-10-07 21:14:45,True,COMPLETED,,2,,
ORD-20261007-08758,2026-10-07 21:14:34,True,COMPLETED,,1,,
ORD-20261007-08759,2026-10-07 21:14:47,True,COMPLETED,,1,,
ORD-20261007-08760,2026-10-07 21:14:31,False,COMPLETED,,1,,
ORD-20261007-08761,2026-10-07 21:14:14,True,COMPLETED,,1,,
ORD-20261007-08762,2026-10-07 21:14:54,True,COMPLETED,,1,,
ORD-20261007-08763,2026-10-07 21:14:47,False,CANCELLED,PAYMENT_FAILED,1,2026-10-07 21:15:50,
ORD-20261007-08764,2026-10-07 21:14:09,True,COMPLETED,,2,,
ORD-20261007-08765,2026-10-07 21:14:01,False,CANCELLED,PAYMENT_FAILED,1,2026-10-07 21:15:19,
ORD-20261007-08766,2026-10-07 21:14:22,False,COMPLETED,,1,,
ORD-20261007-08767,2026-10-07 21:14:15,True,COMPLETED,,1,,
ORD-20261007-08768,2026-10-07 21:14:03,True,COMPLETED,,1,,
ORD-20261007-08769,2026-10-07 21:14:29,True,COMPLETED,,1,,
ORD-20261007-08770,2026-10-07 21:14:23,True,COMPLETED,,2,,
ORD-20261007-08771,2026-10-07 21:14:11,False,CANCELLED,PAYMENT_FAILED,1,2026-10-07 21:15:00,2026-10-07 21:14:39
ORD-20261007-08772,2026-10-07 21:14:39,True,COMPLETED,,2,,
ORD-20261007-08773,2026-10-07 21:14:28,True,COMPLETED,,1,,
ORD-20261007-08774,2026-10-07 21:14:39,True,COMPLETED,,2,,
ORD-20261007-08775,2026-10-07 21:14:13,False,COMPLETED,,1,,
ORD-20261007-08776,2026-10-07 21:14:46,False,COMPLETED,,1,,
ORD-20261007-08777,2026-10-07 21:14:27,False,COMPLETED,,1,,
ORD-20261007-08778,2026-10-07 21:14:44,True,COMPLETED,,1,,
ORD-20261007-08779,2026-10-07 21:14:58,True,COMPLETED,,2,,
ORD-20261007-08780,2026-10-07 21:14:25,False,CANCELLED,PAYMENT_FAILED,1,2026-10-07 21:15:06,2026-10-07 21:14:43
ORD-20261007-08781,2026-10-07 21:14:10,True,COMPLETED,,2,,
ORD-20261007-08782,2026-10-07 21:14:50,False,CANCELLED,PAYMENT_FAILED,1,2026-10-07 21:15:52,2026-10-07 21:15:35
ORD-20261007-08783,2026-10-07 21:14:34,True,COMPLETED,,1,,
ORD-20261007-08784,2026-10-07 21:14:02,True,COMPLETED,,2,,
ORD-20261007-08785,2026-10-07 21:14:39,True,COMPLETED,,1,,
ORD-20261007-08786,2026-10-07 21:14:58,False,COMPLETED,,2,,
ORD-20261007-08787,2026-10-07 21:14:43,True,COMPLETED,,1,,
ORD-20261007-08788,2026-10-07 21:14:52,False,CANCELLED,PAYMENT_FAILED,2,2026-10-07 21:15:50,2026-10-07 21:15:37
ORD-20261007-08789,2026-10-07 21:15:04,False,CANCELLED,PAYMENT_FAILED,1,2026-10-07 21:16:13,2026-10-07 21:15:49
ORD-20261007-08790,2026-10-07 21:15:46,False,CANCELLED,PAYMENT_FAILED,2,2026-10-07 21:17:06,2026-10-07 21:16:45
ORD-20261007-08791,2026-10-07 21:15:05,True,CANCELLED,RIDER_REJECTION,1,2026-10-07 21:15:59,2026-10-07 21:15:40
ORD-20261007-08792,2026-10-07 21:15:51,True,COMPLETED,,1,,
ORD-20261007-08793,2026-10-07 21:15:38,False,CANCELLED,PAYMENT_FAILED,2,2026-10-07 21:16:39,
ORD-20261007-08794,2026-10-07 21:15:50,True,COMPLETED,,2,,
ORD-20261007-08795,2026-10-07 21:15:57,False,CANCELLED,PAYMENT_FAILED,2,2026-10-07 21:16:58,2026-10-07 21:16:44
ORD-20261007-08796,2026-10-07 21:15:59,True,COMPLETED,,1,,
ORD-20261007-08797,2026-10-07 21:15:07,True,COMPLETED,,1,,
ORD-20261007-08798,2026-10-07 21:15:31,True,COMPLETED,,1,,
ORD-20261007-08799,2026-10-07 21:15:13,False,CANCELLED,PAYMENT_FAILED,1,2026-10-07 21:16:12,2026-10-07 21:15:49
ORD-20261007-08800,2026-10-07 21:15:25,True,COMPLETED,,1,,
ORD-20261007-08801,2026-10-07 21:15:32,False,CANCELLED,PAYMENT_FAILED,2,2026-10-07 21:16:49,2026-10-07 21:16:39
ORD-20261007-08802,2026-10-07 21:15:25,True,COMPLETED,,2,,
ORD-20261007-08803,2026-10-07 21:15:03,True,COMPLETED,,2,,
ORD-20261007-08804,2026-10-07 21:15:04,True,COMPLETED,,1,,
ORD-20261007-08805,2026-10-07 21:15:45,True,COMPLETED,,1,,
ORD-20261007-08806,2026-10-07 21:15:18,True,COMPLETED,,2,,
ORD-20261007-08807,2026-10-07 21:15:59,False,CANCELLED,PAYMENT_FAILED,1,2026-10-07 21:17:08,2026-10-07 21:16:54
ORD-20261007-08808,2026-10-07 21:15:33,True,CANCELLED,RIDER_REJECTION,2,2026-10-07 21:16:58,
ORD-20261007-08809,2026-10-07 21:15:29,True,COMPLETED,,2,,
ORD-20261007-08810,2026-10-07 21:15:29,True,COMPLETED,,1,,
ORD-20261007-08811,2026-10-07 21:15:09,False,COMPLETED,,1,,
ORD-20261007-08812,2026-10-07 21:15:57,False,CANCELLED,PAYMENT_FAILED,2,2026-10-07 21:17:04,
ORD-20261007-08813,2026-10-07 21:15:01,False,COMPLETED,,1,,
ORD-20261007-08814,2026-10-07 21:15:30,False,CANCELLED,PAYMENT_FAILED,1,2026-10-07 21:16:28,2026-10-07 21:16:14
ORD-20261007-08815,2026-10-07 21:15:22,True,COMPLETED,,2,,
ORD-20261007-08816,2026-10-07 21:15:29,True,COMPLETED,,2,,
ORD-20261007-08817,2026-10-07 21:15:55,False,COMPLETED,,2,,
ORD-20261007-08818,2026-10-07 21:15:20,False,CANCELLED,PAYMENT_FAILED,1,2026-10-07 21:16:19,
ORD-20261007-08819,2026-10-07 21:15:53,True,COMPLETED,,1,,
ORD-20261007-08820,2026-10-07 21:15:33,True,COMPLETED,,1,,
ORD-20261007-08821,2026-10-07 21:15:02,False,CANCELLED,PAYMENT_FAILED,1,2026-10-07 21:16:06,2026-10-07 21:15:53
ORD-20261007-08822,2026-10-07 21:15:03,False,COMPLETED,,2,,
ORD-20261007-08823,2026-10-07 21:15:21,False,CANCELLED,PAYMENT_FAILED,1,2026-10-07 21:16:12,2026-10-07 21:15:54
ORD-20261007-08824,2026-10-07 21:15:18,True,COMPLETED,,2,,
ORD-20261007-08825,2026-10-07 21:15:42,True,COMPLETED,,1,,
ORD-20261007-08826,2026-10-07 21:15:54,True,COMPLETED,,2,,
ORD-20261007-08827,2026-10-07 21:15:24,True,COMPLETED,,1,,
ORD-20261007-08828,2026-10-07 21:15:29,True,COMPLETED,,2,,
ORD-20261007-08829,2026-10-07 21:15:17,True,COMPLETED,,2,,
ORD-20261007-08830,2026-10-07 21:15:57,True,COMPLETED,,2,,
ORD-20261007-08831,2026-10-07 21:16:01,True,COMPLETED,,1,,
ORD-20261007-08832,2026-10-07 21:16:57,True,CANCELLED,DISPATCH_TIMEOUT,1,2026-10-07 21:18:22,
ORD-20261007-08833,2026-10-07 21:16:00,False,CANCELLED,PAYMENT_FAILED,1,2026-10-07 21:16:41,2026-10-07 21:16:20
ORD-20261007-08834,2026-10-07 21:16:06,False,CANCELLED,PAYMENT_FAILED,2,2026-10-07 21:16:48,2026-10-07 21:16:24
ORD-20261007-08835,2026-10-07 21:16:11,False,CANCELLED,PAYMENT_FAILED,2,2026-10-07 21:17:02,
ORD-20261007-08836,2026-10-07 21:16:25,False,CANCELLED,PAYMENT_FAILED,2,2026-10-07 21:17:27,2026-10-07 21:17:16
ORD-20261007-08837,2026-10-07 21:16:32,False,CANCELLED,PAYMENT_FAILED,2,2026-10-07 21:17:53,2026-10-07 21:17:30
ORD-20261007-08838,2026-10-07 21:16:10,True,COMPLETED,,1,,
ORD-20261007-08839,2026-10-07 21:16:47,False,CANCELLED,PAYMENT_FAILED,2,2026-10-07 21:18:08,2026-10-07 21:17:54
ORD-20261007-08840,2026-10-07 21:16:25,True,COMPLETED,,2,,
ORD-20261007-08841,2026-10-07 21:16:27,False,CANCELLED,PAYMENT_FAILED,2,2026-10-07 21:17:53,2026-10-07 21:17:35
ORD-20261007-08842,2026-10-07 21:16:57,False,COMPLETED,,1,,
ORD-20261007-08843,2026-10-07 21:16:59,True,COMPLETED,,2,,
ORD-20261007-08844,2026-10-07 21:16:00,True,COMPLETED,,1,,
ORD-20261007-08845,2026-10-07 21:16:46,False,CANCELLED,PAYMENT_FAILED,1,2026-10-07 21:17:53,2026-10-07 21:17:30
ORD-20261007-08846,2026-10-07 21:16:22,False,COMPLETED,,2,,
ORD-20261007-08847,2026-10-07 21:16:26,True,COMPLETED,,2,,
ORD-20261007-08848,2026-10-07 21:16:01,False,CANCELLED,PAYMENT_FAILED,2,2026-10-07 21:17:20,2026-10-07 21:17:03
ORD-20261007-08849,2026-10-07 21:16:47,True,COMPLETED,,2,,
ORD-20261007-08850,2026-10-07 21:16:58,True,COMPLETED,,2,,
ORD-20261007-08851,2026-10-07 21:16:06,False,COMPLETED,,1,,
ORD-20261007-08852,2026-10-07 21:16:42,True,COMPLETED,,1,,
ORD-20261007-08853,2026-10-07 21:16:51,True,COMPLETED,,1,,
ORD-20261007-08854,2026-10-07 21:16:14,True,COMPLETED,,2,,
ORD-20261007-08855,2026-10-07 21:16:20,True,COMPLETED,,2,,
ORD-20261007-08856,2026-10-07 21:16:41,False,COMPLETED,,1,,
ORD-20261007-08857,2026-10-07 21:16:02,True,COMPLETED,,2,,
ORD-20261007-08858,2026-10-07 21:16:07,True,COMPLETED,,1,,
ORD-20261007-08859,2026-10-07 21:16:00,True,COMPLETED,,2,,
ORD-20261007-08860,2026-10-07 21:16:42,False,COMPLETED,,2,,
ORD-20261007-08861,2026-10-07 21:16:11,True,COMPLETED,,2,,
ORD-20261007-08862,2026-10-07 21:16:48,False,COMPLETED,,2,,
ORD-20261007-08863,2026-10-07 21:16:42,True,COMPLETED,,2,,
ORD-20261007-08864,2026-10-07 21:16:21,False,COMPLETED,,1,,
ORD-20261007-08865,2026-10-07 21:16:47,True,COMPLETED,,1,,
ORD-20261007-08866,2026-10-07 21:16:18,False,CANCELLED,PAYMENT_FAILED,2,2026-10-07 21:16:56,2026-10-07 21:16:38
ORD-20261007-08867,2026-10-07 21:16:55,True,COMPLETED,,2,,
ORD-20261007-08868,2026-10-07 21:16:56,False,CANCELLED,PAYMENT_FAILED,2,2026-10-07 21:17:26,2026-10-07 21:17:10
ORD-20261007-08869,2026-10-07 21:16:04,True,COMPLETED,,2,,
ORD-20261007-08870,2026-10-07 21:16:42,True,COMPLETED,,2,,
ORD-20261007-08871,2026-10-07 21:16:46,True,COMPLETED,,1,,
ORD-20261007-08872,2026-10-07 21:16:23,True,CANCELLED,RIDER_REJECTION,1,2026-10-07 21:17:02,
ORD-20261007-08873,2026-10-07 21:16:41,False,CANCELLED,PAYMENT_FAILED,1,2026-10-07 21:17:58,2026-10-07 21:17:35
ORD-20261007-08874,2026-10-07 21:16:12,True,COMPLETED,,1,,
ORD-20261007-08875,2026-10-07 21:17:21,True,CANCELLED,RIDER_REJECTION,1,2026-10-07 21:18:13,2026-10-07 21:17:58
ORD-20261007-08876,2026-10-07 21:17:19,True,COMPLETED,,1,,
ORD-20261007-08877,2026-10-07 21:17:35,True,COMPLETED,,1,,
ORD-20261007-08878,2026-10-07 21:17:05,True,COMPLETED,,1,,
ORD-20261007-08879,2026-10-07 21:17:45,True,COMPLETED,,2,,
ORD-20261007-08880,2026-10-07 21:17:56,True,COMPLETED,,1,,
ORD-20261007-08881,2026-10-07 21:17:14,True,COMPLETED,,1,,
ORD-20261007-08882,2026-10-07 21:17:50,True,COMPLETED,,2,,
ORD-20261007-08883,2026-10-07 21:17:57,False,COMPLETED,,1,,
ORD-20261007-08884,2026-10-07 21:17:05,True,COMPLETED,,1,,
ORD-20261007-08885,2026-10-07 21:17:52,False,COMPLETED,,2,,
ORD-20261007-08886,2026-10-07 21:17:41,True,CANCELLED,DISPATCH_TIMEOUT,1,2026-10-07 21:18:24,
ORD-20261007-08887,2026-10-07 21:17:46,False,CANCELLED,PAYMENT_FAILED,2,2026-10-07 21:18:16,2026-10-07 21:17:52
ORD-20261007-08888,2026-10-07 21:17:06,True,COMPLETED,,2,,
ORD-20261007-08889,2026-10-07 21:17:07,False,CANCELLED,PAYMENT_FAILED,1,2026-10-07 21:18:18,2026-10-07 21:18:03
ORD-20261007-08890,2026-10-07 21:17:02,True,COMPLETED,,2,,
ORD-20261007-08891,2026-10-07 21:17:17,False,CANCELLED,PAYMENT_FAILED,1,2026-10-07 21:18:44,
ORD-20261007-08892,2026-10-07 21:17:38,True,COMPLETED,,1,,
ORD-20261007-08893,2026-10-07 21:17:13,True,COMPLETED,,2,,
ORD-20261007-08894,2026-10-07 21:17:47,True,COMPLETED,,1,,
ORD-20261007-08895,2026-10-07 21:17:53,True,COMPLETED,,2,,
ORD-20261007-08896,2026-10-07 21:17:29,True,COMPLETED,,1,,
ORD-20261007-08897,2026-10-07 21:17:39,False,CANCELLED,PAYMENT_FAILED,2,2026-10-07 21:18:37,2026-10-07 21:18:25
ORD-20261007-08898,2026-10-07 21:17:38,False,CANCELLED,PAYMENT_FAILED,2,2026-10-07 21:18:21,2026-10-07 21:17:59
ORD-20261007-08899,2026-10-07 21:17:33,True,COMPLETED,,2,,
ORD-20261007-08900,2026-10-07 21:17:44,True,COMPLETED,,1,,
ORD-20261007-08901,2026-10-07 21:17:55,True,COMPLETED,,2,,
ORD-20261007-08902,2026-10-07 21:17:09,True,COMPLETED,,2,,
ORD-20261007-08903,2026-10-07 21:17:37,True,CANCELLED,DISPATCH_TIMEOUT,2,2026-10-07 21:18:14,2026-10-07 21:17:50
ORD-20261007-08904,2026-10-07 21:17:24,True,COMPLETED,,2,,
ORD-20261007-08905,2026-10-07 21:17:18,True,COMPLETED,,1,,
ORD-20261007-08906,2026-10-07 21:17:09,False,CANCELLED,PAYMENT_FAILED,1,2026-10-07 21:18:08,2026-10-07 21:17:45
ORD-20261007-08907,2026-10-07 21:17:25,True,COMPLETED,,1,,
ORD-20261007-08908,2026-10-07 21:17:42,True,COMPLETED,,2,,
ORD-20261007-08909,2026-10-07 21:17:19,True,COMPLETED,,1,,
ORD-20261007-08910,2026-10-07 21:17:55,True,COMPLETED,,2,,
ORD-20261007-08911,2026-10-07 21:17:55,False,CANCELLED,PAYMENT_FAILED,2,2026-10-07 21:18:36,
ORD-20261007-08912,2026-10-07 21:17:13,True,COMPLETED,,2,,
ORD-20261007-08913,2026-10-07 21:17:01,False,CANCELLED,PAYMENT_FAILED,2,2026-10-07 21:17:41,2026-10-07 21:17:17
ORD-20261007-08914,2026-10-07 21:17:16,True,COMPLETED,,2,,
ORD-20261007-08915,2026-10-07 21:17:18,False,COMPLETED,,2,,
ORD-20261007-08916,2026-10-07 21:17:27,True,COMPLETED,,1,,
ORD-20261007-08917,2026-10-07 21:18:43,False,CANCELLED,PAYMENT_FAILED,2,2026-10-07 21:19:49,2026-10-07 21:19:39
ORD-20261007-08918,2026-10-07 21:18:19,False,CANCELLED,PAYMENT_FAILED,2,2026-10-07 21:19:04,2026-10-07 21:18:53
ORD-20261007-08919,2026-10-07 21:18:12,True,COMPLETED,,2,,
ORD-20261007-08920,2026-10-07 21:18:20,True,COMPLETED,,1,,
ORD-20261007-08921,2026-10-07 21:18:11,False,CANCELLED,PAYMENT_FAILED,2,2026-10-07 21:19:09,2026-10-07 21:18:56
ORD-20261007-08922,2026-10-07 21:18:53,False,CANCELLED,PAYMENT_FAILED,2,2026-10-07 21:20:09,
ORD-20261007-08923,2026-10-07 21:18:38,True,COMPLETED,,2,,
ORD-20261007-08924,2026-10-07 21:18:07,False,CANCELLED,PAYMENT_FAILED,2,2026-10-07 21:18:46,2026-10-07 21:18:22
ORD-20261007-08925,2026-10-07 21:18:48,False,CANCELLED,PAYMENT_FAILED,1,2026-10-07 21:19:48,2026-10-07 21:19:26
ORD-20261007-08926,2026-10-07 21:18:43,True,CANCELLED,RIDER_REJECTION,1,2026-10-07 21:20:11,
ORD-20261007-08927,2026-10-07 21:18:36,True,COMPLETED,,2,,
ORD-20261007-08928,2026-10-07 21:18:05,False,COMPLETED,,2,,
ORD-20261007-08929,2026-10-07 21:18:38,True,COMPLETED,,2,,
ORD-20261007-08930,2026-10-07 21:18:33,True,COMPLETED,,1,,
ORD-20261007-08931,2026-10-07 21:18:30,True,COMPLETED,,1,,
ORD-20261007-08932,2026-10-07 21:18:27,True,COMPLETED,,1,,
ORD-20261007-08933,2026-10-07 21:18:54,False,COMPLETED,,1,,
ORD-20261007-08934,2026-10-07 21:18:37,True,COMPLETED,,2,,
ORD-20261007-08935,2026-10-07 21:18:12,True,COMPLETED,,1,,
ORD-20261007-08936,2026-10-07 21:18:42,True,COMPLETED,,2,,
ORD-20261007-08937,2026-10-07 21:18:29,False,COMPLETED,,2,,
ORD-20261007-08938,2026-10-07 21:18:55,True,CANCELLED,DISPATCH_TIMEOUT,1,2026-10-07 21:19:31,
ORD-20261007-08939,2026-10-07 21:18:25,True,COMPLETED,,1,,
ORD-20261007-08940,2026-10-07 21:18:40,True,COMPLETED,,2,,
ORD-20261007-08941,2026-10-07 21:18:46,True,COMPLETED,,1,,
ORD-20261007-08942,2026-10-07 21:18:37,True,COMPLETED,,2,,
ORD-20261007-08943,2026-10-07 21:18:12,True,COMPLETED,,2,,
ORD-20261007-08944,2026-10-07 21:18:46,False,COMPLETED,,1,,
ORD-20261007-08945,2026-10-07 21:18:18,True,COMPLETED,,2,,
ORD-20261007-08946,2026-10-07 21:18:45,True,COMPLETED,,1,,
ORD-20261007-08947,2026-10-07 21:18:57,True,COMPLETED,,1,,
ORD-20261007-08948,2026-10-07 21:18:12,True,COMPLETED,,2,,
ORD-20261007-08949,2026-10-07 21:18:31,False,COMPLETED,,2,,
ORD-20261007-08950,2026-10-07 21:18:40,True,COMPLETED,,2,,
ORD-20261007-08951,2026-10-07 21:18:13,True,COMPLETED,,1,,
ORD-20261007-08952,2026-10-07 21:18:30,False,CANCELLED,PAYMENT_FAILED,1,2026-10-07 21:19:44,2026-10-07 21:19:31
ORD-20261007-08953,2026-10-07 21:18:26,False,COMPLETED,,2,,
ORD-20261007-08954,2026-10-07 21:18:44,True,COMPLETED,,1,,
ORD-20261007-08955,2026-10-07 21:18:42,False,COMPLETED,,1,,
ORD-20261007-08956,2026-10-07 21:18:48,True,COMPLETED,,2,,
ORD-20261007-08957,2026-10-07 21:18:15,True,COMPLETED,,1,,
ORD-20261007-08958,2026-10-07 21:18:39,True,COMPLETED,,2,,
ORD-20261007-08959,2026-10-07 21:18:07,True,COMPLETED,,1,,
ORD-20261007-08960,2026-10-07 21:18:34,False,COMPLETED,,1,,
ORD-20261007-08961,2026-10-07 21:19:13,False,COMPLETED,,2,,
ORD-20261007-08962,2026-10-07 21:19:27,False,COMPLETED,,2,,
ORD-20261007-08963,2026-10-07 21:19:34,True,COMPLETED,,2,,
ORD-20261007-08964,2026-10-07 21:19:51,True,COMPLETED,,1,,
ORD-20261007-08965,2026-10-07 21:19:48,True,COMPLETED,,2,,
ORD-20261007-08966,2026-10-07 21:19:44,False,CANCELLED,PAYMENT_FAILED,2,2026-10-07 21:21:04,2026-10-07 21:20:48
ORD-20261007-08967,2026-10-07 21:19:51,False,COMPLETED,,2,,
ORD-20261007-08968,2026-10-07 21:19:38,True,COMPLETED,,2,,
ORD-20261007-08969,2026-10-07 21:19:07,True,COMPLETED,,1,,
ORD-20261007-08970,2026-10-07 21:19:29,False,CANCELLED,PAYMENT_FAILED,1,2026-10-07 21:20:33,2026-10-07 21:20:12
ORD-20261007-08971,2026-10-07 21:19:45,True,COMPLETED,,1,,
ORD-20261007-08972,2026-10-07 21:19:47,True,COMPLETED,,2,,
ORD-20261007-08973,2026-10-07 21:19:39,False,COMPLETED,,1,,
ORD-20261007-08974,2026-10-07 21:19:28,True,COMPLETED,,2,,
ORD-20261007-08975,2026-10-07 21:19:52,False,CANCELLED,PAYMENT_FAILED,1,2026-10-07 21:20:28,2026-10-07 21:20:04
ORD-20261007-08976,2026-10-07 21:19:27,True,COMPLETED,,2,,
ORD-20261007-08977,2026-10-07 21:19:41,False,COMPLETED,,1,,
ORD-20261007-08978,2026-10-07 21:19:36,True,COMPLETED,,2,,
ORD-20261007-08979,2026-10-07 21:19:10,True,COMPLETED,,2,,
ORD-20261007-08980,2026-10-07 21:19:42,False,COMPLETED,,1,,
ORD-20261007-08981,2026-10-07 21:19:35,True,CANCELLED,DISPATCH_TIMEOUT,2,2026-10-07 21:20:29,2026-10-07 21:20:15
ORD-20261007-08982,2026-10-07 21:19:15,True,COMPLETED,,1,,
ORD-20261007-08983,2026-10-07 21:19:33,True,COMPLETED,,1,,
ORD-20261007-08984,2026-10-07 21:19:07,True,COMPLETED,,2,,
ORD-20261007-08985,2026-10-07 21:19:18,True,COMPLETED,,1,,
ORD-20261007-08986,2026-10-07 21:19:49,True,COMPLETED,,2,,
ORD-20261007-08987,2026-10-07 21:19:44,True,COMPLETED,,1,,
ORD-20261007-08988,2026-10-07 21:19:56,True,COMPLETED,,1,,
ORD-20261007-08989,2026-10-07 21:19:55,True,COMPLETED,,1,,
ORD-20261007-08990,2026-10-07 21:19:41,True,COMPLETED,,2,,
ORD-20261007-08991,2026-10-07 21:19:55,True,COMPLETED,,1,,
ORD-20261007-08992,2026-10-07 21:19:11,False,CANCELLED,PAYMENT_FAILED,2,2026-10-07 21:19:46,2026-10-07 21:19:34
ORD-20261007-08993,2026-10-07 21:19:00,True,CANCELLED,RIDER_REJECTION,1,2026-10-07 21:19:47,2026-10-07 21:19:31
ORD-20261007-08994,2026-10-07 21:19:22,True,COMPLETED,,1,,
ORD-20261007-08995,2026-10-07 21:19:50,True,COMPLETED,,1,,
ORD-20261007-08996,2026-10-07 21:19:15,False,COMPLETED,,1,,
ORD-20261007-08997,2026-10-07 21:19:07,False,CANCELLED,PAYMENT_FAILED,1,2026-10-07 21:19:50,2026-10-07 21:19:40
ORD-20261007-08998,2026-10-07 21:19:20,True,CANCELLED,DISPATCH_TIMEOUT,2,2026-10-07 21:20:02,2026-10-07 21:19:51
ORD-20261007-08999,2026-10-07 21:19:31,False,CANCELLED,PAYMENT_FAILED,1,2026-10-07 21:20:13,2026-10-07 21:19:52
ORD-20261007-09000,2026-10-07 21:19:17,True,COMPLETED,,2,,
ORD-20261007-09001,2026-10-07 21:19:16,True,COMPLETED,,2,,
ORD-20261007-09002,2026-10-07 21:19:04,True,COMPLETED,,1,,
ORD-20261007-09003,2026-10-07 21:19:04,False,CANCELLED,PAYMENT_FAILED,1,2026-10-07 21:19:57,
ORD-20261007-09004,2026-10-07 21:19:51,False,COMPLETED,,2,,
ORD-20261007-09005,2026-10-07 21:19:24,True,COMPLETED,,2,,
ORD-20261007-09006,2026-10-07 21:19:16,False,COMPLETED,,1,,
ORD-20261007-09007,2026-10-07 21:19:57,False,COMPLETED,,2,,
ORD-20261007-09008,2026-10-07 21:19:47,False,CANCELLED,PAYMENT_FAILED,1,2026-10-07 21:21:09,2026-10-07 21:20:53
ORD-20261007-09009,2026-10-07 21:20:47,True,COMPLETED,,2,,
ORD-20261007-09010,2026-10-07 21:20:57,True,COMPLETED,,1,,
ORD-20261007-09011,2026-10-07 21:20:33,True,COMPLETED,,2,,
ORD-20261007-09012,2026-10-07 21:20:57,False,CANCELLED,PAYMENT_FAILED,2,2026-10-07 21:21:45,2026-10-07 21:21:22
ORD-20261007-09013,2026-10-07 21:20:51,False,CANCELLED,PAYMENT_FAILED,2,2026-10-07 21:21:22,
ORD-20261007-09014,2026-10-07 21:20:40,False,CANCELLED,PAYMENT_FAILED,2,2026-10-07 21:21:15,2026-10-07 21:20:53
ORD-20261007-09015,2026-10-07 21:20:51,True,COMPLETED,,2,,
ORD-20261007-09016,2026-10-07 21:20:38,True,COMPLETED,,2,,
ORD-20261007-09017,2026-10-07 21:20:02,True,COMPLETED,,2,,
ORD-20261007-09018,2026-10-07 21:20:15,False,CANCELLED,PAYMENT_FAILED,1,2026-10-07 21:21:36,
ORD-20261007-09019,2026-10-07 21:20:02,False,COMPLETED,,1,,
ORD-20261007-09020,2026-10-07 21:20:03,True,COMPLETED,,1,,
ORD-20261007-09021,2026-10-07 21:20:45,True,COMPLETED,,1,,
ORD-20261007-09022,2026-10-07 21:20:21,False,CANCELLED,PAYMENT_FAILED,1,2026-10-07 21:21:50,
ORD-20261007-09023,2026-10-07 21:20:06,True,COMPLETED,,2,,
ORD-20261007-09024,2026-10-07 21:20:26,True,COMPLETED,,2,,
ORD-20261007-09025,2026-10-07 21:20:17,False,CANCELLED,PAYMENT_FAILED,2,2026-10-07 21:21:12,2026-10-07 21:20:59
ORD-20261007-09026,2026-10-07 21:20:58,True,COMPLETED,,1,,
ORD-20261007-09027,2026-10-07 21:20:06,True,COMPLETED,,1,,
ORD-20261007-09028,2026-10-07 21:20:33,True,COMPLETED,,1,,
ORD-20261007-09029,2026-10-07 21:20:39,True,COMPLETED,,2,,
ORD-20261007-09030,2026-10-07 21:20:17,False,COMPLETED,,1,,
ORD-20261007-09031,2026-10-07 21:20:21,True,COMPLETED,,1,,
ORD-20261007-09032,2026-10-07 21:20:15,False,CANCELLED,PAYMENT_FAILED,1,2026-10-07 21:21:19,
ORD-20261007-09033,2026-10-07 21:20:52,False,CANCELLED,PAYMENT_FAILED,1,2026-10-07 21:21:52,2026-10-07 21:21:40
ORD-20261007-09034,2026-10-07 21:20:47,True,COMPLETED,,1,,
ORD-20261007-09035,2026-10-07 21:20:16,False,CANCELLED,PAYMENT_FAILED,1,2026-10-07 21:21:03,
ORD-20261007-09036,2026-10-07 21:20:29,False,CANCELLED,PAYMENT_FAILED,2,2026-10-07 21:21:52,2026-10-07 21:21:42
ORD-20261007-09037,2026-10-07 21:20:55,True,COMPLETED,,1,,
ORD-20261007-09038,2026-10-07 21:20:56,True,COMPLETED,,2,,
ORD-20261007-09039,2026-10-07 21:20:19,False,CANCELLED,PAYMENT_FAILED,1,2026-10-07 21:20:52,2026-10-07 21:20:37
ORD-20261007-09040,2026-10-07 21:20:36,False,CANCELLED,PAYMENT_FAILED,2,2026-10-07 21:22:03,
ORD-20261007-09041,2026-10-07 21:20:03,True,COMPLETED,,2,,
ORD-20261007-09042,2026-10-07 21:20:16,False,CANCELLED,PAYMENT_FAILED,2,2026-10-07 21:20:50,
ORD-20261007-09043,2026-10-07 21:20:16,True,COMPLETED,,1,,
ORD-20261007-09044,2026-10-07 21:20:24,False,CANCELLED,PAYMENT_FAILED,1,2026-10-07 21:21:32,2026-10-07 21:21:18
ORD-20261007-09045,2026-10-07 21:20:56,True,COMPLETED,,2,,
ORD-20261007-09046,2026-10-07 21:20:45,True,COMPLETED,,1,,
ORD-20261007-09047,2026-10-07 21:20:39,True,COMPLETED,,1,,
ORD-20261007-09048,2026-10-07 21:20:22,False,CANCELLED,PAYMENT_FAILED,2,2026-10-07 21:21:09,
ORD-20261007-09049,2026-10-07 21:20:46,False,CANCELLED,PAYMENT_FAILED,2,2026-10-07 21:21:56,2026-10-07 21:21:44
ORD-20261007-09050,2026-10-07 21:20:42,True,COMPLETED,,1,,
ORD-20261007-09051,2026-10-07 21:20:40,True,COMPLETED,,2,,
ORD-20261007-09052,2026-10-07 21:20:38,True,COMPLETED,,1,,
ORD-20261007-09053,2026-10-07 21:21:41,True,COMPLETED,,1,,
ORD-20261007-09054,2026-10-07 21:21:23,True,COMPLETED,,2,,
ORD-20261007-09055,2026-10-07 21:21:40,False,CANCELLED,PAYMENT_FAILED,2,2026-10-07 21:22:25,2026-10-07 21:22:13
ORD-20261007-09056,2026-10-07 21:21:12,True,COMPLETED,,1,,
ORD-20261007-09057,2026-10-07 21:21:24,True,COMPLETED,,2,,
ORD-20261007-09058,2026-10-07 21:21:38,True,COMPLETED,,2,,
ORD-20261007-09059,2026-10-07 21:21:04,True,COMPLETED,,1,,
ORD-20261007-09060,2026-10-07 21:21:29,False,CANCELLED,PAYMENT_FAILED,1,2026-10-07 21:22:38,2026-10-07 21:22:24
ORD-20261007-09061,2026-10-07 21:21:20,True,COMPLETED,,1,,
ORD-20261007-09062,2026-10-07 21:21:12,True,COMPLETED,,1,,
ORD-20261007-09063,2026-10-07 21:21:46,True,CANCELLED,DISPATCH_TIMEOUT,2,2026-10-07 21:23:15,2026-10-07 21:23:00
ORD-20261007-09064,2026-10-07 21:21:42,False,CANCELLED,PAYMENT_FAILED,2,2026-10-07 21:22:50,
ORD-20261007-09065,2026-10-07 21:21:49,False,CANCELLED,PAYMENT_FAILED,2,2026-10-07 21:22:47,2026-10-07 21:22:36
ORD-20261007-09066,2026-10-07 21:21:15,True,COMPLETED,,2,,
ORD-20261007-09067,2026-10-07 21:21:57,True,COMPLETED,,1,,
ORD-20261007-09068,2026-10-07 21:21:57,True,COMPLETED,,2,,
ORD-20261007-09069,2026-10-07 21:21:24,False,COMPLETED,,2,,
ORD-20261007-09070,2026-10-07 21:21:20,True,COMPLETED,,2,,
ORD-20261007-09071,2026-10-07 21:21:36,False,CANCELLED,PAYMENT_FAILED,2,2026-10-07 21:22:37,
ORD-20261007-09072,2026-10-07 21:21:53,False,CANCELLED,PAYMENT_FAILED,1,2026-10-07 21:23:08,2026-10-07 21:22:44
ORD-20261007-09073,2026-10-07 21:21:12,True,COMPLETED,,2,,
ORD-20261007-09074,2026-10-07 21:21:47,True,COMPLETED,,2,,
ORD-20261007-09075,2026-10-07 21:21:55,True,COMPLETED,,1,,
ORD-20261007-09076,2026-10-07 21:21:28,False,CANCELLED,PAYMENT_FAILED,2,2026-10-07 21:22:26,2026-10-07 21:22:02
ORD-20261007-09077,2026-10-07 21:21:49,True,COMPLETED,,1,,
ORD-20261007-09078,2026-10-07 21:21:29,False,COMPLETED,,2,,
ORD-20261007-09079,2026-10-07 21:21:13,False,CANCELLED,PAYMENT_FAILED,2,2026-10-07 21:21:59,
ORD-20261007-09080,2026-10-07 21:21:48,True,COMPLETED,,1,,
ORD-20261007-09081,2026-10-07 21:21:16,False,CANCELLED,PAYMENT_FAILED,1,2026-10-07 21:22:39,
ORD-20261007-09082,2026-10-07 21:21:28,True,COMPLETED,,1,,
ORD-20261007-09083,2026-10-07 21:21:23,True,COMPLETED,,1,,
ORD-20261007-09084,2026-10-07 21:21:31,False,CANCELLED,PAYMENT_FAILED,2,2026-10-07 21:22:22,
ORD-20261007-09085,2026-10-07 21:21:31,False,CANCELLED,PAYMENT_FAILED,1,2026-10-07 21:22:33,2026-10-07 21:22:17
ORD-20261007-09086,2026-10-07 21:21:49,True,COMPLETED,,1,,
ORD-20261007-09087,2026-10-07 21:21:43,True,COMPLETED,,1,,
ORD-20261007-09088,2026-10-07 21:21:48,False,CANCELLED,PAYMENT_FAILED,2,2026-10-07 21:22:58,2026-10-07 21:22:37
ORD-20261007-09089,2026-10-07 21:21:33,True,COMPLETED,,2,,
ORD-20261007-09090,2026-10-07 21:21:33,True,COMPLETED,,2,,
ORD-20261007-09091,2026-10-07 21:21:10,False,CANCELLED,PAYMENT_FAILED,1,2026-10-07 21:21:50,2026-10-07 21:21:29
ORD-20261007-09092,2026-10-07 21:21:27,True,COMPLETED,,1,,
ORD-20261007-09093,2026-10-07 21:21:10,False,CANCELLED,PAYMENT_FAILED,2,2026-10-07 21:21:46,2026-10-07 21:21:23
ORD-20261007-09094,2026-10-07 21:21:01,True,COMPLETED,,2,,
ORD-20261007-09095,2026-10-07 21:21:57,False,COMPLETED,,2,,
ORD-20261007-09096,2026-10-07 21:21:00,True,COMPLETED,,1,,
ORD-20261007-09097,2026-10-07 21:21:28,False,COMPLETED,,1,,
ORD-20261007-09098,2026-10-07 21:21:00,True,COMPLETED,,1,,
ORD-20261007-09099,2026-10-07 21:21:22,True,COMPLETED,,1,,
ORD-20261007-09100,2026-10-07 21:21:28,True,COMPLETED,,2,,
ORD-20261007-09101,2026-10-07 21:22:56,True,COMPLETED,,2,,
ORD-20261007-09102,2026-10-07 21:22:59,True,COMPLETED,,1,,
ORD-20261007-09103,2026-10-07 21:22:02,True,COMPLETED,,1,,
ORD-20261007-09104,2026-10-07 21:22:25,True,COMPLETED,,2,,
ORD-20261007-09105,2026-10-07 21:22:07,True,COMPLETED,,1,,
ORD-20261007-09106,2026-10-07 21:22:50,True,COMPLETED,,1,,
ORD-20261007-09107,2026-10-07 21:22:58,True,COMPLETED,,1,,
ORD-20261007-09108,2026-10-07 21:22:27,True,COMPLETED,,1,,
ORD-20261007-09109,2026-10-07 21:22:38,False,CANCELLED,PAYMENT_FAILED,1,2026-10-07 21:23:31,
ORD-20261007-09110,2026-10-07 21:22:03,True,COMPLETED,,2,,
ORD-20261007-09111,2026-10-07 21:22:52,True,COMPLETED,,2,,
ORD-20261007-09112,2026-10-07 21:22:00,True,COMPLETED,,2,,
ORD-20261007-09113,2026-10-07 21:22:45,True,COMPLETED,,1,,
ORD-20261007-09114,2026-10-07 21:22:55,False,CANCELLED,PAYMENT_FAILED,1,2026-10-07 21:23:52,2026-10-07 21:23:32
ORD-20261007-09115,2026-10-07 21:22:46,False,CANCELLED,PAYMENT_FAILED,2,2026-10-07 21:23:37,2026-10-07 21:23:25
ORD-20261007-09116,2026-10-07 21:22:32,True,COMPLETED,,2,,
ORD-20261007-09117,2026-10-07 21:22:35,True,COMPLETED,,2,,
ORD-20261007-09118,2026-10-07 21:22:58,True,COMPLETED,,2,,
ORD-20261007-09119,2026-10-07 21:22:36,True,COMPLETED,,2,,
ORD-20261007-09120,2026-10-07 21:22:32,True,CANCELLED,DISPATCH_TIMEOUT,1,2026-10-07 21:23:52,
ORD-20261007-09121,2026-10-07 21:22:38,True,COMPLETED,,1,,
ORD-20261007-09122,2026-10-07 21:22:44,True,COMPLETED,,1,,
ORD-20261007-09123,2026-10-07 21:22:37,True,COMPLETED,,2,,
ORD-20261007-09124,2026-10-07 21:22:43,False,COMPLETED,,2,,
ORD-20261007-09125,2026-10-07 21:22:53,False,COMPLETED,,1,,
ORD-20261007-09126,2026-10-07 21:22:44,False,COMPLETED,,2,,
ORD-20261007-09127,2026-10-07 21:22:16,True,COMPLETED,,2,,
ORD-20261007-09128,2026-10-07 21:22:30,True,COMPLETED,,1,,
ORD-20261007-09129,2026-10-07 21:22:31,True,CANCELLED,DISPATCH_TIMEOUT,1,2026-10-07 21:23:07,2026-10-07 21:22:44
ORD-20261007-09130,2026-10-07 21:22:24,True,COMPLETED,,2,,
ORD-20261007-09131,2026-10-07 21:22:52,True,COMPLETED,,1,,
ORD-20261007-09132,2026-10-07 21:22:31,False,CANCELLED,PAYMENT_FAILED,2,2026-10-07 21:23:27,2026-10-07 21:23:16
ORD-20261007-09133,2026-10-07 21:22:43,False,CANCELLED,PAYMENT_FAILED,2,2026-10-07 21:23:25,2026-10-07 21:23:10
ORD-20261007-09134,2026-10-07 21:22:01,True,COMPLETED,,1,,
ORD-20261007-09135,2026-10-07 21:22:33,True,COMPLETED,,1,,
ORD-20261007-09136,2026-10-07 21:22:01,True,COMPLETED,,1,,
ORD-20261007-09137,2026-10-07 21:22:56,True,COMPLETED,,1,,
ORD-20261007-09138,2026-10-07 21:22:20,True,COMPLETED,,1,,
ORD-20261007-09139,2026-10-07 21:22:38,False,CANCELLED,PAYMENT_FAILED,2,2026-10-07 21:23:37,2026-10-07 21:23:13
ORD-20261007-09140,2026-10-07 21:22:20,True,COMPLETED,,1,,
ORD-20261007-09141,2026-10-07 21:22:06,True,COMPLETED,,2,,
ORD-20261007-09142,2026-10-07 21:22:58,True,COMPLETED,,2,,
ORD-20261007-09143,2026-10-07 21:22:20,True,COMPLETED,,2,,
ORD-20261007-09144,2026-10-07 21:22:07,True,COMPLETED,,2,,
ORD-20261007-09145,2026-10-07 21:22:51,False,CANCELLED,PAYMENT_FAILED,2,2026-10-07 21:24:15,
ORD-20261007-09146,2026-10-07 21:23:18,False,CANCELLED,PAYMENT_FAILED,1,2026-10-07 21:24:11,2026-10-07 21:23:50
ORD-20261007-09147,2026-10-07 21:23:23,True,COMPLETED,,1,,
ORD-20261007-09148,2026-10-07 21:23:08,False,CANCELLED,PAYMENT_FAILED,1,2026-10-07 21:23:49,2026-10-07 21:23:37
ORD-20261007-09149,2026-10-07 21:23:13,True,COMPLETED,,1,,
ORD-20261007-09150,2026-10-07 21:23:56,True,COMPLETED,,2,,
ORD-20261007-09151,2026-10-07 21:23:07,False,COMPLETED,,2,,
ORD-20261007-09152,2026-10-07 21:23:38,False,CANCELLED,PAYMENT_FAILED,1,2026-10-07 21:24:50,2026-10-07 21:24:28
ORD-20261007-09153,2026-10-07 21:23:12,False,CANCELLED,PAYMENT_FAILED,1,2026-10-07 21:24:24,2026-10-07 21:24:12
ORD-20261007-09154,2026-10-07 21:23:38,True,CANCELLED,RIDER_REJECTION,1,2026-10-07 21:24:55,2026-10-07 21:24:35
ORD-20261007-09155,2026-10-07 21:23:52,False,CANCELLED,PAYMENT_FAILED,2,2026-10-07 21:24:35,2026-10-07 21:24:15
ORD-20261007-09156,2026-10-07 21:23:24,False,CANCELLED,PAYMENT_FAILED,2,2026-10-07 21:24:01,
ORD-20261007-09157,2026-10-07 21:23:25,True,COMPLETED,,1,,
ORD-20261007-09158,2026-10-07 21:23:03,True,COMPLETED,,2,,
ORD-20261007-09159,2026-10-07 21:23:25,True,COMPLETED,,2,,
ORD-20261007-09160,2026-10-07 21:23:12,True,COMPLETED,,1,,
ORD-20261007-09161,2026-10-07 21:23:05,False,CANCELLED,PAYMENT_FAILED,2,2026-10-07 21:24:21,2026-10-07 21:23:59
ORD-20261007-09162,2026-10-07 21:23:05,True,CANCELLED,RIDER_REJECTION,1,2026-10-07 21:23:53,2026-10-07 21:23:38
ORD-20261007-09163,2026-10-07 21:23:15,True,COMPLETED,,1,,
ORD-20261007-09164,2026-10-07 21:23:19,False,CANCELLED,PAYMENT_FAILED,1,2026-10-07 21:23:50,
ORD-20261007-09165,2026-10-07 21:23:40,False,CANCELLED,PAYMENT_FAILED,1,2026-10-07 21:24:35,2026-10-07 21:24:17
ORD-20261007-09166,2026-10-07 21:23:10,True,COMPLETED,,2,,
ORD-20261007-09167,2026-10-07 21:23:38,True,COMPLETED,,2,,
ORD-20261007-09168,2026-10-07 21:23:51,False,CANCELLED,PAYMENT_FAILED,2,2026-10-07 21:24:31,2026-10-07 21:24:17
ORD-20261007-09169,2026-10-07 21:23:07,False,CANCELLED,PAYMENT_FAILED,1,2026-10-07 21:23:47,2026-10-07 21:23:31
ORD-20261007-09170,2026-10-07 21:23:42,False,CANCELLED,PAYMENT_FAILED,2,2026-10-07 21:24:57,2026-10-07 21:24:46
ORD-20261007-09171,2026-10-07 21:23:35,False,CANCELLED,PAYMENT_FAILED,1,2026-10-07 21:24:41,2026-10-07 21:24:18
ORD-20261007-09172,2026-10-07 21:23:10,True,COMPLETED,,1,,
ORD-20261007-09173,2026-10-07 21:23:43,True,COMPLETED,,2,,
ORD-20261007-09174,2026-10-07 21:23:05,True,COMPLETED,,1,,
ORD-20261007-09175,2026-10-07 21:23:52,True,COMPLETED,,1,,
ORD-20261007-09176,2026-10-07 21:23:06,False,CANCELLED,PAYMENT_FAILED,1,2026-10-07 21:23:43,2026-10-07 21:23:26
ORD-20261007-09177,2026-10-07 21:23:21,True,COMPLETED,,2,,
ORD-20261007-09178,2026-10-07 21:23:00,False,CANCELLED,PAYMENT_FAILED,1,2026-10-07 21:23:54,2026-10-07 21:23:31
ORD-20261007-09179,2026-10-07 21:23:15,False,CANCELLED,PAYMENT_FAILED,2,2026-10-07 21:24:15,
ORD-20261007-09180,2026-10-07 21:23:35,False,CANCELLED,PAYMENT_FAILED,2,2026-10-07 21:24:15,
ORD-20261007-09181,2026-10-07 21:23:52,True,COMPLETED,,1,,
ORD-20261007-09182,2026-10-07 21:23:57,True,COMPLETED,,2,,
ORD-20261007-09183,2026-10-07 21:23:37,True,COMPLETED,,2,,
ORD-20261007-09184,2026-10-07 21:23:44,True,CANCELLED,DISPATCH_TIMEOUT,2,2026-10-07 21:24:59,2026-10-07 21:24:43
ORD-20261007-09185,2026-10-07 21:23:13,True,COMPLETED,,1,,
ORD-20261007-09186,2026-10-07 21:23:37,True,COMPLETED,,1,,
ORD-20261007-09187,2026-10-07 21:23:41,True,COMPLETED,,2,,
ORD-20261007-09188,2026-10-07 21:23:36,True,CANCELLED,DISPATCH_TIMEOUT,2,2026-10-07 21:24:36,
ORD-20261007-09189,2026-10-07 21:23:23,True,COMPLETED,,2,,
ORD-20261007-09190,2026-10-07 21:23:31,True,COMPLETED,,1,,
ORD-20261007-09191,2026-10-07 21:23:11,True,COMPLETED,,1,,
ORD-20261007-09192,2026-10-07 21:24:01,False,CANCELLED,PAYMENT_FAILED,1,2026-10-07 21:24:54,2026-10-07 21:24:32
ORD-20261007-09193,2026-10-07 21:24:12,True,COMPLETED,,2,,
ORD-20261007-09194,2026-10-07 21:24:32,True,COMPLETED,,1,,
ORD-20261007-09195,2026-10-07 21:24:42,False,CANCELLED,PAYMENT_FAILED,2,2026-10-07 21:25:56,2026-10-07 21:25:36
ORD-20261007-09196,2026-10-07 21:24:41,False,COMPLETED,,2,,
ORD-20261007-09197,2026-10-07 21:24:39,True,COMPLETED,,2,,
ORD-20261007-09198,2026-10-07 21:24:22,False,CANCELLED,PAYMENT_FAILED,2,2026-10-07 21:25:32,
ORD-20261007-09199,2026-10-07 21:24:51,True,COMPLETED,,2,,
ORD-20261007-09200,2026-10-07 21:24:36,True,COMPLETED,,1,,
ORD-20261007-09201,2026-10-07 21:24:15,False,CANCELLED,PAYMENT_FAILED,2,2026-10-07 21:25:09,2026-10-07 21:24:50
ORD-20261007-09202,2026-10-07 21:24:35,True,COMPLETED,,1,,
ORD-20261007-09203,2026-10-07 21:24:24,False,COMPLETED,,1,,
ORD-20261007-09204,2026-10-07 21:24:28,True,COMPLETED,,2,,
ORD-20261007-09205,2026-10-07 21:24:33,True,COMPLETED,,2,,
ORD-20261007-09206,2026-10-07 21:24:14,True,COMPLETED,,1,,
ORD-20261007-09207,2026-10-07 21:24:31,True,COMPLETED,,1,,
ORD-20261007-09208,2026-10-07 21:24:22,False,CANCELLED,PAYMENT_FAILED,2,2026-10-07 21:25:50,2026-10-07 21:25:38
ORD-20261007-09209,2026-10-07 21:24:22,True,CANCELLED,RIDER_REJECTION,1,2026-10-07 21:25:45,2026-10-07 21:25:24
ORD-20261007-09210,2026-10-07 21:24:06,True,COMPLETED,,1,,
ORD-20261007-09211,2026-10-07 21:24:04,False,COMPLETED,,2,,
ORD-20261007-09212,2026-10-07 21:24:21,True,COMPLETED,,1,,
ORD-20261007-09213,2026-10-07 21:24:37,True,COMPLETED,,2,,
ORD-20261007-09214,2026-10-07 21:24:57,True,COMPLETED,,1,,
ORD-20261007-09215,2026-10-07 21:24:14,True,COMPLETED,,2,,
ORD-20261007-09216,2026-10-07 21:24:24,True,CANCELLED,DISPATCH_TIMEOUT,1,2026-10-07 21:25:23,
ORD-20261007-09217,2026-10-07 21:24:40,False,CANCELLED,PAYMENT_FAILED,1,2026-10-07 21:25:40,2026-10-07 21:25:25
ORD-20261007-09218,2026-10-07 21:24:08,True,COMPLETED,,1,,
ORD-20261007-09219,2026-10-07 21:24:24,True,COMPLETED,,2,,
ORD-20261007-09220,2026-10-07 21:24:42,True,COMPLETED,,2,,
ORD-20261007-09221,2026-10-07 21:24:03,False,CANCELLED,PAYMENT_FAILED,1,2026-10-07 21:24:42,2026-10-07 21:24:31
ORD-20261007-09222,2026-10-07 21:24:11,False,COMPLETED,,2,,
ORD-20261007-09223,2026-10-07 21:24:21,False,COMPLETED,,2,,
ORD-20261007-09224,2026-10-07 21:24:40,True,COMPLETED,,1,,
ORD-20261007-09225,2026-10-07 21:24:41,True,COMPLETED,,1,,
ORD-20261007-09226,2026-10-07 21:24:41,False,CANCELLED,PAYMENT_FAILED,2,2026-10-07 21:25:22,2026-10-07 21:25:06
ORD-20261007-09227,2026-10-07 21:24:06,True,COMPLETED,,2,,
ORD-20261007-09228,2026-10-07 21:24:57,False,COMPLETED,,2,,
ORD-20261007-09229,2026-10-07 21:24:26,False,CANCELLED,PAYMENT_FAILED,1,2026-10-07 21:25:30,2026-10-07 21:25:06
ORD-20261007-09230,2026-10-07 21:24:00,False,CANCELLED,PAYMENT_FAILED,1,2026-10-07 21:24:33,2026-10-07 21:24:18
ORD-20261007-09231,2026-10-07 21:24:26,True,COMPLETED,,1,,
ORD-20261007-09232,2026-10-07 21:24:51,True,COMPLETED,,1,,
ORD-20261007-09233,2026-10-07 21:24:03,True,COMPLETED,,1,,
ORD-20261007-09234,2026-10-07 21:24:51,True,COMPLETED,,1,,
ORD-20261007-09235,2026-10-07 21:24:03,False,CANCELLED,PAYMENT_FAILED,1,2026-10-07 21:24:43,2026-10-07 21:24:33
ORD-20261007-09236,2026-10-07 21:24:07,True,COMPLETED,,1,,
ORD-20261007-09237,2026-10-07 21:25:59,True,COMPLETED,,2,,
ORD-20261007-09238,2026-10-07 21:25:52,False,CANCELLED,PAYMENT_FAILED,2,2026-10-07 21:27:13,2026-10-07 21:27:02
ORD-20261007-09239,2026-10-07 21:25:04,True,COMPLETED,,1,,
ORD-20261007-09240,2026-10-07 21:25:59,True,COMPLETED,,2,,
ORD-20261007-09241,2026-10-07 21:25:57,False,COMPLETED,,1,,
ORD-20261007-09242,2026-10-07 21:25:01,True,COMPLETED,,1,,
ORD-20261007-09243,2026-10-07 21:25:39,False,CANCELLED,PAYMENT_FAILED,1,2026-10-07 21:26:37,2026-10-07 21:26:16
ORD-20261007-09244,2026-10-07 21:25:04,True,COMPLETED,,2,,
ORD-20261007-09245,2026-10-07 21:25:24,True,COMPLETED,,2,,
ORD-20261007-09246,2026-10-07 21:25:41,True,COMPLETED,,2,,
ORD-20261007-09247,2026-10-07 21:25:51,False,CANCELLED,PAYMENT_FAILED,1,2026-10-07 21:26:22,2026-10-07 21:26:07
ORD-20261007-09248,2026-10-07 21:25:27,False,COMPLETED,,1,,
ORD-20261007-09249,2026-10-07 21:25:47,False,CANCELLED,PAYMENT_FAILED,2,2026-10-07 21:27:03,2026-10-07 21:26:49
ORD-20261007-09250,2026-10-07 21:25:23,True,COMPLETED,,2,,
ORD-20261007-09251,2026-10-07 21:25:51,False,CANCELLED,PAYMENT_FAILED,2,2026-10-07 21:26:23,
ORD-20261007-09252,2026-10-07 21:25:27,True,COMPLETED,,2,,
ORD-20261007-09253,2026-10-07 21:25:12,True,COMPLETED,,1,,
ORD-20261007-09254,2026-10-07 21:25:58,False,CANCELLED,PAYMENT_FAILED,2,2026-10-07 21:26:38,2026-10-07 21:26:22
ORD-20261007-09255,2026-10-07 21:25:55,True,COMPLETED,,2,,
ORD-20261007-09256,2026-10-07 21:25:57,True,COMPLETED,,1,,
ORD-20261007-09257,2026-10-07 21:25:44,True,COMPLETED,,2,,
ORD-20261007-09258,2026-10-07 21:25:16,True,COMPLETED,,1,,
ORD-20261007-09259,2026-10-07 21:25:02,True,COMPLETED,,1,,
ORD-20261007-09260,2026-10-07 21:25:30,True,COMPLETED,,2,,
ORD-20261007-09261,2026-10-07 21:25:14,True,COMPLETED,,2,,
ORD-20261007-09262,2026-10-07 21:25:49,True,COMPLETED,,1,,
ORD-20261007-09263,2026-10-07 21:25:00,True,COMPLETED,,1,,
ORD-20261007-09264,2026-10-07 21:25:40,True,COMPLETED,,2,,
ORD-20261007-09265,2026-10-07 21:25:25,False,CANCELLED,PAYMENT_FAILED,1,2026-10-07 21:26:04,2026-10-07 21:25:48
ORD-20261007-09266,2026-10-07 21:25:15,False,CANCELLED,PAYMENT_FAILED,1,2026-10-07 21:25:49,2026-10-07 21:25:35
ORD-20261007-09267,2026-10-07 21:25:55,True,COMPLETED,,1,,
ORD-20261007-09268,2026-10-07 21:25:00,True,COMPLETED,,2,,
ORD-20261007-09269,2026-10-07 21:25:26,False,CANCELLED,PAYMENT_FAILED,2,2026-10-07 21:26:44,
ORD-20261007-09270,2026-10-07 21:25:58,True,COMPLETED,,1,,
ORD-20261007-09271,2026-10-07 21:25:16,True,COMPLETED,,2,,
ORD-20261007-09272,2026-10-07 21:25:32,False,COMPLETED,,2,,
ORD-20261007-09273,2026-10-07 21:25:21,True,COMPLETED,,1,,
ORD-20261007-09274,2026-10-07 21:25:55,False,CANCELLED,PAYMENT_FAILED,1,2026-10-07 21:26:36,2026-10-07 21:26:20
ORD-20261007-09275,2026-10-07 21:25:04,True,COMPLETED,,2,,
ORD-20261007-09276,2026-10-07 21:25:25,True,CANCELLED,DISPATCH_TIMEOUT,1,2026-10-07 21:26:15,2026-10-07 21:25:56
ORD-20261007-09277,2026-10-07 21:25:47,True,COMPLETED,,1,,
ORD-20261007-09278,2026-10-07 21:25:18,True,COMPLETED,,1,,
ORD-20261007-09279,2026-10-07 21:25:27,False,COMPLETED,,2,,
ORD-20261007-09280,2026-10-07 21:26:09,True,COMPLETED,,1,,
ORD-20261007-09281,2026-10-07 21:26:00,False,CANCELLED,PAYMENT_FAILED,2,2026-10-07 21:27:20,2026-10-07 21:27:04
ORD-20261007-09282,2026-10-07 21:26:00,True,COMPLETED,,2,,
ORD-20261007-09283,2026-10-07 21:26:58,True,COMPLETED,,1,,
ORD-20261007-09284,2026-10-07 21:26:06,True,COMPLETED,,2,,
ORD-20261007-09285,2026-10-07 21:26:20,False,COMPLETED,,1,,
ORD-20261007-09286,2026-10-07 21:26:42,True,COMPLETED,,1,,
ORD-20261007-09287,2026-10-07 21:26:14,True,COMPLETED,,2,,
ORD-20261007-09288,2026-10-07 21:26:01,True,COMPLETED,,2,,
ORD-20261007-09289,2026-10-07 21:26:41,False,CANCELLED,PAYMENT_FAILED,1,2026-10-07 21:27:12,
ORD-20261007-09290,2026-10-07 21:26:30,True,COMPLETED,,2,,
ORD-20261007-09291,2026-10-07 21:26:46,False,CANCELLED,PAYMENT_FAILED,2,2026-10-07 21:27:46,2026-10-07 21:27:31
ORD-20261007-09292,2026-10-07 21:26:10,False,CANCELLED,PAYMENT_FAILED,1,2026-10-07 21:27:23,2026-10-07 21:27:11
ORD-20261007-09293,2026-10-07 21:26:29,True,COMPLETED,,2,,
ORD-20261007-09294,2026-10-07 21:26:22,True,COMPLETED,,1,,
ORD-20261007-09295,2026-10-07 21:26:56,True,COMPLETED,,2,,
ORD-20261007-09296,2026-10-07 21:26:54,True,COMPLETED,,2,,
ORD-20261007-09297,2026-10-07 21:26:31,True,COMPLETED,,2,,
ORD-20261007-09298,2026-10-07 21:26:53,True,COMPLETED,,2,,
ORD-20261007-09299,2026-10-07 21:26:49,True,COMPLETED,,2,,
ORD-20261007-09300,2026-10-07 21:26:42,True,COMPLETED,,2,,
ORD-20261007-09301,2026-10-07 21:26:26,False,CANCELLED,PAYMENT_FAILED,2,2026-10-07 21:27:52,2026-10-07 21:27:37
ORD-20261007-09302,2026-10-07 21:26:13,True,COMPLETED,,2,,
ORD-20261007-09303,2026-10-07 21:26:00,True,COMPLETED,,1,,
ORD-20261007-09304,2026-10-07 21:26:20,False,COMPLETED,,1,,
ORD-20261007-09305,2026-10-07 21:26:05,True,COMPLETED,,1,,
ORD-20261007-09306,2026-10-07 21:26:23,True,COMPLETED,,2,,
ORD-20261007-09307,2026-10-07 21:26:15,True,COMPLETED,,2,,
ORD-20261007-09308,2026-10-07 21:26:38,True,COMPLETED,,1,,
ORD-20261007-09309,2026-10-07 21:26:14,True,COMPLETED,,1,,
ORD-20261007-09310,2026-10-07 21:26:13,False,CANCELLED,PAYMENT_FAILED,2,2026-10-07 21:27:08,2026-10-07 21:26:47
ORD-20261007-09311,2026-10-07 21:26:40,True,COMPLETED,,1,,
ORD-20261007-09312,2026-10-07 21:26:13,False,CANCELLED,PAYMENT_FAILED,2,2026-10-07 21:27:38,2026-10-07 21:27:25
ORD-20261007-09313,2026-10-07 21:26:47,False,CANCELLED,PAYMENT_FAILED,1,2026-10-07 21:27:44,2026-10-07 21:27:30
ORD-20261007-09314,2026-10-07 21:26:22,True,COMPLETED,,1,,
ORD-20261007-09315,2026-10-07 21:26:24,True,COMPLETED,,1,,
ORD-20261007-09316,2026-10-07 21:26:31,True,COMPLETED,,2,,
ORD-20261007-09317,2026-10-07 21:26:47,True,COMPLETED,,2,,
ORD-20261007-09318,2026-10-07 21:26:10,False,COMPLETED,,1,,
ORD-20261007-09319,2026-10-07 21:26:16,True,COMPLETED,,2,,
ORD-20261007-09320,2026-10-07 21:26:30,False,CANCELLED,PAYMENT_FAILED,2,2026-10-07 21:27:26,2026-10-07 21:27:03
ORD-20261007-09321,2026-10-07 21:26:18,False,CANCELLED,PAYMENT_FAILED,1,2026-10-07 21:27:21,2026-10-07 21:26:59
ORD-20261007-09322,2026-10-07 21:26:10,False,CANCELLED,PAYMENT_FAILED,1,2026-10-07 21:27:39,2026-10-07 21:27:26
ORD-20261007-09323,2026-10-07 21:26:34,True,COMPLETED,,2,,
ORD-20261007-09324,2026-10-07 21:26:59,True,COMPLETED,,2,,
ORD-20261007-09325,2026-10-07 21:26:01,True,COMPLETED,,1,,
ORD-20261007-09326,2026-10-07 21:26:33,True,COMPLETED,,1,,
ORD-20261007-09327,2026-10-07 21:27:57,False,CANCELLED,PAYMENT_FAILED,1,2026-10-07 21:28:56,2026-10-07 21:28:35
ORD-20261007-09328,2026-10-07 21:27:08,True,COMPLETED,,2,,
ORD-20261007-09329,2026-10-07 21:27:30,True,COMPLETED,,1,,
ORD-20261007-09330,2026-10-07 21:27:57,True,COMPLETED,,1,,
ORD-20261007-09331,2026-10-07 21:27:04,False,COMPLETED,,1,,
ORD-20261007-09332,2026-10-07 21:27:02,True,COMPLETED,,1,,
ORD-20261007-09333,2026-10-07 21:27:17,False,COMPLETED,,1,,
ORD-20261007-09334,2026-10-07 21:27:42,True,COMPLETED,,2,,
ORD-20261007-09335,2026-10-07 21:27:52,True,COMPLETED,,2,,
ORD-20261007-09336,2026-10-07 21:27:36,False,CANCELLED,PAYMENT_FAILED,1,2026-10-07 21:28:39,
ORD-20261007-09337,2026-10-07 21:27:15,True,COMPLETED,,2,,
ORD-20261007-09338,2026-10-07 21:27:45,False,COMPLETED,,2,,
ORD-20261007-09339,2026-10-07 21:27:23,True,COMPLETED,,1,,
ORD-20261007-09340,2026-10-07 21:27:31,True,COMPLETED,,2,,
ORD-20261007-09341,2026-10-07 21:27:47,True,COMPLETED,,1,,
ORD-20261007-09342,2026-10-07 21:27:33,True,COMPLETED,,1,,
ORD-20261007-09343,2026-10-07 21:27:54,True,COMPLETED,,2,,
ORD-20261007-09344,2026-10-07 21:27:27,True,COMPLETED,,2,,
ORD-20261007-09345,2026-10-07 21:27:07,False,CANCELLED,PAYMENT_FAILED,2,2026-10-07 21:28:34,2026-10-07 21:28:16
ORD-20261007-09346,2026-10-07 21:27:18,False,COMPLETED,,1,,
ORD-20261007-09347,2026-10-07 21:27:28,False,COMPLETED,,2,,
ORD-20261007-09348,2026-10-07 21:27:18,True,COMPLETED,,2,,
ORD-20261007-09349,2026-10-07 21:27:47,True,COMPLETED,,2,,
ORD-20261007-09350,2026-10-07 21:27:05,True,COMPLETED,,1,,
ORD-20261007-09351,2026-10-07 21:27:41,False,COMPLETED,,1,,
ORD-20261007-09352,2026-10-07 21:27:56,False,CANCELLED,PAYMENT_FAILED,1,2026-10-07 21:29:25,
ORD-20261007-09353,2026-10-07 21:27:56,True,COMPLETED,,2,,
ORD-20261007-09354,2026-10-07 21:27:12,True,COMPLETED,,1,,
ORD-20261007-09355,2026-10-07 21:27:19,True,COMPLETED,,1,,
ORD-20261007-09356,2026-10-07 21:27:21,True,COMPLETED,,2,,
ORD-20261007-09357,2026-10-07 21:27:16,True,COMPLETED,,1,,
ORD-20261007-09358,2026-10-07 21:27:40,False,CANCELLED,PAYMENT_FAILED,1,2026-10-07 21:28:19,
ORD-20261007-09359,2026-10-07 21:27:45,False,CANCELLED,PAYMENT_FAILED,1,2026-10-07 21:29:12,2026-10-07 21:29:01
ORD-20261007-09360,2026-10-07 21:27:27,False,COMPLETED,,1,,
ORD-20261007-09361,2026-10-07 21:27:41,False,COMPLETED,,1,,
ORD-20261007-09362,2026-10-07 21:27:50,True,COMPLETED,,1,,
ORD-20261007-09363,2026-10-07 21:27:15,True,COMPLETED,,1,,
ORD-20261007-09364,2026-10-07 21:27:01,True,COMPLETED,,2,,
ORD-20261007-09365,2026-10-07 21:27:20,True,COMPLETED,,1,,
ORD-20261007-09366,2026-10-07 21:27:10,True,COMPLETED,,2,,
ORD-20261007-09367,2026-10-07 21:27:50,True,COMPLETED,,2,,
ORD-20261007-09368,2026-10-07 21:27:02,True,COMPLETED,,2,,
ORD-20261007-09369,2026-10-07 21:27:03,False,CANCELLED,PAYMENT_FAILED,1,2026-10-07 21:27:48,
ORD-20261007-09370,2026-10-07 21:27:32,True,COMPLETED,,2,,
ORD-20261007-09371,2026-10-07 21:27:08,False,CANCELLED,PAYMENT_FAILED,2,2026-10-07 21:28:26,2026-10-07 21:28:06
ORD-20261007-09372,2026-10-07 21:27:31,True,COMPLETED,,1,,
ORD-20261007-09373,2026-10-07 21:27:55,False,CANCELLED,PAYMENT_FAILED,2,2026-10-07 21:28:39,2026-10-07 21:28:22
ORD-20261007-09374,2026-10-07 21:27:14,True,COMPLETED,,1,,
ORD-20261007-09375,2026-10-07 21:28:07,True,COMPLETED,,1,,
ORD-20261007-09376,2026-10-07 21:28:08,True,COMPLETED,,1,,
ORD-20261007-09377,2026-10-07 21:28:46,True,COMPLETED,,2,,
ORD-20261007-09378,2026-10-07 21:28:34,True,COMPLETED,,2,,
ORD-20261007-09379,2026-10-07 21:28:08,False,CANCELLED,PAYMENT_FAILED,1,2026-10-07 21:29:03,2026-10-07 21:28:52
ORD-20261007-09380,2026-10-07 21:28:53,False,COMPLETED,,2,,
ORD-20261007-09381,2026-10-07 21:28:49,False,CANCELLED,PAYMENT_FAILED,1,2026-10-07 21:30:14,
ORD-20261007-09382,2026-10-07 21:28:35,True,CANCELLED,DISPATCH_TIMEOUT,1,2026-10-07 21:30:04,2026-10-07 21:29:45
ORD-20261007-09383,2026-10-07 21:28:57,True,COMPLETED,,2,,
ORD-20261007-09384,2026-10-07 21:28:40,True,COMPLETED,,1,,
ORD-20261007-09385,2026-10-07 21:28:32,True,COMPLETED,,1,,
ORD-20261007-09386,2026-10-07 21:28:09,False,CANCELLED,PAYMENT_FAILED,2,2026-10-07 21:29:12,2026-10-07 21:28:56
ORD-20261007-09387,2026-10-07 21:28:48,True,COMPLETED,,1,,
ORD-20261007-09388,2026-10-07 21:28:03,False,CANCELLED,PAYMENT_FAILED,2,2026-10-07 21:28:48,
ORD-20261007-09389,2026-10-07 21:28:30,False,CANCELLED,PAYMENT_FAILED,2,2026-10-07 21:29:54,2026-10-07 21:29:42
ORD-20261007-09390,2026-10-07 21:28:41,True,COMPLETED,,1,,
ORD-20261007-09391,2026-10-07 21:28:07,True,CANCELLED,DISPATCH_TIMEOUT,1,2026-10-07 21:29:23,2026-10-07 21:29:09
ORD-20261007-09392,2026-10-07 21:28:23,True,COMPLETED,,1,,
ORD-20261007-09393,2026-10-07 21:28:29,True,COMPLETED,,1,,
ORD-20261007-09394,2026-10-07 21:28:42,True,COMPLETED,,1,,
ORD-20261007-09395,2026-10-07 21:28:22,True,COMPLETED,,2,,
ORD-20261007-09396,2026-10-07 21:28:13,False,CANCELLED,PAYMENT_FAILED,2,2026-10-07 21:29:07,2026-10-07 21:28:43
ORD-20261007-09397,2026-10-07 21:28:57,True,COMPLETED,,2,,
ORD-20261007-09398,2026-10-07 21:28:39,True,COMPLETED,,1,,
ORD-20261007-09399,2026-10-07 21:28:54,True,COMPLETED,,1,,
ORD-20261007-09400,2026-10-07 21:28:13,False,COMPLETED,,1,,
ORD-20261007-09401,2026-10-07 21:28:55,False,CANCELLED,PAYMENT_FAILED,1,2026-10-07 21:29:53,2026-10-07 21:29:31
ORD-20261007-09402,2026-10-07 21:28:35,True,COMPLETED,,2,,
ORD-20261007-09403,2026-10-07 21:28:28,False,CANCELLED,PAYMENT_FAILED,2,2026-10-07 21:29:20,2026-10-07 21:28:56
ORD-20261007-09404,2026-10-07 21:28:37,True,COMPLETED,,2,,
ORD-20261007-09405,2026-10-07 21:28:12,True,COMPLETED,,1,,
ORD-20261007-09406,2026-10-07 21:28:57,False,CANCELLED,PAYMENT_FAILED,2,2026-10-07 21:29:34,2026-10-07 21:29:16
ORD-20261007-09407,2026-10-07 21:28:27,False,CANCELLED,PAYMENT_FAILED,1,2026-10-07 21:29:08,2026-10-07 21:28:58
ORD-20261007-09408,2026-10-07 21:28:49,True,CANCELLED,RIDER_REJECTION,1,2026-10-07 21:30:09,2026-10-07 21:29:51
ORD-20261007-09409,2026-10-07 21:28:01,False,CANCELLED,PAYMENT_FAILED,2,2026-10-07 21:28:36,2026-10-07 21:28:17
ORD-20261007-09410,2026-10-07 21:28:07,True,COMPLETED,,1,,
ORD-20261007-09411,2026-10-07 21:28:03,True,COMPLETED,,2,,
ORD-20261007-09412,2026-10-07 21:28:43,False,CANCELLED,PAYMENT_FAILED,1,2026-10-07 21:29:25,2026-10-07 21:29:02
ORD-20261007-09413,2026-10-07 21:28:20,True,COMPLETED,,2,,
ORD-20261007-09414,2026-10-07 21:28:41,False,CANCELLED,PAYMENT_FAILED,1,2026-10-07 21:30:04,
ORD-20261007-09415,2026-10-07 21:28:41,True,COMPLETED,,2,,
ORD-20261007-09416,2026-10-07 21:28:09,True,COMPLETED,,1,,
ORD-20261007-09417,2026-10-07 21:28:58,True,COMPLETED,,1,,
ORD-20261007-09418,2026-10-07 21:29:30,False,CANCELLED,PAYMENT_FAILED,2,2026-10-07 21:30:34,
ORD-20261007-09419,2026-10-07 21:29:47,True,COMPLETED,,1,,
ORD-20261007-09420,2026-10-07 21:29:16,True,COMPLETED,,1,,
ORD-20261007-09421,2026-10-07 21:29:02,False,COMPLETED,,2,,
ORD-20261007-09422,2026-10-07 21:29:41,False,CANCELLED,PAYMENT_FAILED,2,2026-10-07 21:30:45,2026-10-07 21:30:34
ORD-20261007-09423,2026-10-07 21:29:28,False,CANCELLED,PAYMENT_FAILED,2,2026-10-07 21:30:40,2026-10-07 21:30:16
ORD-20261007-09424,2026-10-07 21:29:46,True,COMPLETED,,1,,
ORD-20261007-09425,2026-10-07 21:29:17,True,COMPLETED,,1,,
ORD-20261007-09426,2026-10-07 21:29:43,False,COMPLETED,,2,,
ORD-20261007-09427,2026-10-07 21:29:04,True,COMPLETED,,2,,
ORD-20261007-09428,2026-10-07 21:29:13,True,COMPLETED,,1,,
ORD-20261007-09429,2026-10-07 21:29:31,True,COMPLETED,,1,,
ORD-20261007-09430,2026-10-07 21:29:08,True,COMPLETED,,2,,
ORD-20261007-09431,2026-10-07 21:29:06,False,CANCELLED,PAYMENT_FAILED,1,2026-10-07 21:30:01,
ORD-20261007-09432,2026-10-07 21:29:13,False,CANCELLED,PAYMENT_FAILED,1,2026-10-07 21:29:55,
ORD-20261007-09433,2026-10-07 21:29:43,True,COMPLETED,,1,,
ORD-20261007-09434,2026-10-07 21:29:29,True,COMPLETED,,2,,
ORD-20261007-09435,2026-10-07 21:29:07,False,CANCELLED,PAYMENT_FAILED,1,2026-10-07 21:29:39,2026-10-07 21:29:19
ORD-20261007-09436,2026-10-07 21:29:35,True,COMPLETED,,1,,
ORD-20261007-09437,2026-10-07 21:29:57,True,COMPLETED,,1,,
ORD-20261007-09438,2026-10-07 21:29:40,True,COMPLETED,,2,,
ORD-20261007-09439,2026-10-07 21:29:33,True,COMPLETED,,2,,
ORD-20261007-09440,2026-10-07 21:29:46,False,CANCELLED,PAYMENT_FAILED,2,2026-10-07 21:30:19,
ORD-20261007-09441,2026-10-07 21:29:33,True,COMPLETED,,1,,
ORD-20261007-09442,2026-10-07 21:29:01,False,CANCELLED,PAYMENT_FAILED,1,2026-10-07 21:29:44,2026-10-07 21:29:30
ORD-20261007-09443,2026-10-07 21:29:16,False,CANCELLED,PAYMENT_FAILED,2,2026-10-07 21:30:20,2026-10-07 21:29:58
ORD-20261007-09444,2026-10-07 21:29:37,False,CANCELLED,PAYMENT_FAILED,1,2026-10-07 21:31:01,2026-10-07 21:30:38
ORD-20261007-09445,2026-10-07 21:29:17,True,COMPLETED,,1,,
ORD-20261007-09446,2026-10-07 21:29:12,False,CANCELLED,PAYMENT_FAILED,1,2026-10-07 21:30:41,2026-10-07 21:30:17
ORD-20261007-09447,2026-10-07 21:29:01,False,CANCELLED,PAYMENT_FAILED,1,2026-10-07 21:29:41,2026-10-07 21:29:19
ORD-20261007-09448,2026-10-07 21:29:59,True,COMPLETED,,1,,
ORD-20261007-09449,2026-10-07 21:29:38,True,COMPLETED,,1,,
ORD-20261007-09450,2026-10-07 21:29:33,True,COMPLETED,,2,,
ORD-20261007-09451,2026-10-07 21:29:06,True,COMPLETED,,1,,
ORD-20261007-09452,2026-10-07 21:29:19,False,COMPLETED,,1,,
ORD-20261007-09453,2026-10-07 21:29:06,True,COMPLETED,,1,,
ORD-20261007-09454,2026-10-07 21:29:36,True,COMPLETED,,1,,
ORD-20261007-09455,2026-10-07 21:29:20,False,CANCELLED,PAYMENT_FAILED,2,2026-10-07 21:30:23,2026-10-07 21:30:00
ORD-20261007-09456,2026-10-07 21:29:14,False,COMPLETED,,2,,
ORD-20261007-09457,2026-10-07 21:29:51,True,COMPLETED,,1,,
ORD-20261007-09458,2026-10-07 21:29:19,True,COMPLETED,,2,,
ORD-20261007-09459,2026-10-07 21:29:11,False,CANCELLED,PAYMENT_FAILED,1,2026-10-07 21:30:38,2026-10-07 21:30:22
ORD-20261007-09460,2026-10-07 21:29:23,True,COMPLETED,,2,,
ORD-20261007-09461,2026-10-07 21:29:29,False,CANCELLED,PAYMENT_FAILED,2,2026-10-07 21:30:35,
ORD-20261007-09462,2026-10-07 21:29:16,False,CANCELLED,PAYMENT_FAILED,2,2026-10-07 21:30:03,2026-10-07 21:29:47
ORD-20261007-09463,2026-10-07 21:29:45,True,COMPLETED,,1,,
ORD-20261007-09464,2026-10-07 21:29:08,True,COMPLETED,,1,,
ORD-20261007-09465,2026-10-07 21:30:18,False,CANCELLED,PAYMENT_FAILED,2,2026-10-07 21:31:26,2026-10-07 21:31:02
ORD-20261007-09466,2026-10-07 21:30:26,False,CANCELLED,PAYMENT_FAILED,2,2026-10-07 21:31:07,
ORD-20261007-09467,2026-10-07 21:30:25,True,CANCELLED,DISPATCH_TIMEOUT,2,2026-10-07 21:30:58,2026-10-07 21:30:37
ORD-20261007-09468,2026-10-07 21:30:48,True,COMPLETED,,1,,
ORD-20261007-09469,2026-10-07 21:30:53,True,COMPLETED,,1,,
ORD-20261007-09470,2026-10-07 21:30:30,True,COMPLETED,,1,,
ORD-20261007-09471,2026-10-07 21:30:56,True,COMPLETED,,1,,
ORD-20261007-09472,2026-10-07 21:30:36,True,COMPLETED,,2,,
ORD-20261007-09473,2026-10-07 21:30:36,True,COMPLETED,,2,,
ORD-20261007-09474,2026-10-07 21:30:56,True,COMPLETED,,2,,
ORD-20261007-09475,2026-10-07 21:30:49,True,COMPLETED,,2,,
ORD-20261007-09476,2026-10-07 21:30:52,True,COMPLETED,,1,,
ORD-20261007-09477,2026-10-07 21:30:25,False,COMPLETED,,2,,
ORD-20261007-09478,2026-10-07 21:30:03,False,CANCELLED,PAYMENT_FAILED,2,2026-10-07 21:31:18,2026-10-07 21:31:05
ORD-20261007-09479,2026-10-07 21:30:01,True,COMPLETED,,1,,
ORD-20261007-09480,2026-10-07 21:30:02,False,CANCELLED,PAYMENT_FAILED,2,2026-10-07 21:31:17,2026-10-07 21:31:00
ORD-20261007-09481,2026-10-07 21:30:39,False,CANCELLED,PAYMENT_FAILED,1,2026-10-07 21:31:53,
ORD-20261007-09482,2026-10-07 21:30:14,True,COMPLETED,,1,,
ORD-20261007-09483,2026-10-07 21:30:08,True,COMPLETED,,1,,
ORD-20261007-09484,2026-10-07 21:30:46,True,COMPLETED,,1,,
ORD-20261007-09485,2026-10-07 21:30:51,False,CANCELLED,PAYMENT_FAILED,2,2026-10-07 21:31:57,
ORD-20261007-09486,2026-10-07 21:30:46,True,CANCELLED,RIDER_REJECTION,2,2026-10-07 21:31:50,2026-10-07 21:31:31
ORD-20261007-09487,2026-10-07 21:30:44,True,CANCELLED,RIDER_REJECTION,1,2026-10-07 21:31:28,
ORD-20261007-09488,2026-10-07 21:30:12,True,COMPLETED,,1,,
ORD-20261007-09489,2026-10-07 21:30:54,True,CANCELLED,RIDER_REJECTION,2,2026-10-07 21:31:26,
ORD-20261007-09490,2026-10-07 21:30:54,False,CANCELLED,PAYMENT_FAILED,2,2026-10-07 21:32:15,2026-10-07 21:32:05
ORD-20261007-09491,2026-10-07 21:30:32,True,COMPLETED,,1,,
ORD-20261007-09492,2026-10-07 21:30:13,True,COMPLETED,,1,,
ORD-20261007-09493,2026-10-07 21:30:30,True,COMPLETED,,1,,
ORD-20261007-09494,2026-10-07 21:30:50,False,CANCELLED,PAYMENT_FAILED,2,2026-10-07 21:32:00,
ORD-20261007-09495,2026-10-07 21:30:41,False,CANCELLED,PAYMENT_FAILED,1,2026-10-07 21:31:20,2026-10-07 21:31:01
ORD-20261007-09496,2026-10-07 21:30:38,True,CANCELLED,RIDER_REJECTION,1,2026-10-07 21:31:08,2026-10-07 21:30:44
ORD-20261007-09497,2026-10-07 21:30:55,True,COMPLETED,,1,,
ORD-20261007-09498,2026-10-07 21:30:21,True,COMPLETED,,2,,
ORD-20261007-09499,2026-10-07 21:30:53,True,COMPLETED,,2,,
ORD-20261007-09500,2026-10-07 21:30:21,True,COMPLETED,,1,,
ORD-20261007-09501,2026-10-07 21:30:03,True,CANCELLED,DISPATCH_TIMEOUT,1,2026-10-07 21:30:51,2026-10-07 21:30:30
ORD-20261007-09502,2026-10-07 21:30:39,True,COMPLETED,,1,,
ORD-20261007-09503,2026-10-07 21:30:39,True,COMPLETED,,1,,
ORD-20261007-09504,2026-10-07 21:30:52,False,CANCELLED,PAYMENT_FAILED,1,2026-10-07 21:31:52,2026-10-07 21:31:28
ORD-20261007-09505,2026-10-07 21:30:02,True,COMPLETED,,1,,
ORD-20261007-09506,2026-10-07 21:30:43,False,COMPLETED,,1,,
ORD-20261007-09507,2026-10-07 21:30:45,True,COMPLETED,,2,,
